lemma,pos,frequency_rank,cefr_level,notes
и,con,1,A1,
в,adpos,2,A1,
не,adv,3,A1,
на,adpos,4,A1,
я,pron,5,A1,
что,con,6,A1,
что,det,7,A1,
что,pron,8,A1,
быть,v,9,A1,
он,pron,10,A1,
а,con,11,A1,
это,det,12,A1,
это,pron,13,A1,
как,con,14,A1,
то,particle,15,A1,
этот,pron,16,A1,
к,adpos,17,a1,
они,pron,18,A1,
мы,pron,19,A1,
она,pron,20,A1,
из,adpos,21,a1,
у,adpos,22,A1,
вы,pron,23,A1,
для,adpos,24,A1,
от,adpos,25,A1,
так,adv,26,A1,
так,con,27,A1,
мочь,v,28,A1,
все,pron,29,A1,
ты,pron,30,A1,
год,n,31,A1,
человек,n,32,A1,
один,num,33,A1,
один,pron,34,A1,
такой,pron,35,A1,
тот,pron,36,A1,
или,con,37,A1,
только,particle,38,A1,
его,pron,39,a1,
себя,pron,40,a1,
время,n,41,A1,
когда,con,42,a1,
другой,pron,43,A1,
сказать,v,44,A1,
мой,pron,45,A1,
наш,pron,46,A1,
говорить,v,47,A1,
знать,v,48,A1,
вот,particle,49,A1,
очень,adv,50,A1,
нет,particle,51,A1,
кто,pron,52,A1,
да,excl,53,A1,
день,n,54,A1,
можно,adv,55,A1,
жизнь,n,56,A1,
два,num,57,A1,
новый,adj,58,A1,
раз,n,59,A1,
хотеть,v,60,A1,
должен,adv,61,A1,
какой,pron,62,A1,
со,adpos,63,a1,
там,adv,64,A1,
там,pron,65,A1,
их,pron,66,A1,
много,adv,67,A1,
работа,n,68,A1,
иметь,v,69,A1,
где,adv,70,A1,
вопрос,n,71,A1,
рука,n,72,A1,
город,n,73,A1,
ее,pron,74,a1,
слово,n,75,A1,
место,n,76,A1,
без,adpos,77,A1,
ребенок,n,78,A1,
просто,adv,79,A1,
друг,n,80,A1,
большой,adj,81,A1,
надо,adv,82,A1,
ваш,pron,83,A1,
сделать,v,84,A1,
идти,v,85,A1,
здесь,adv,86,A1,
делать,v,87,A1,
сейчас,adv,88,A1,
россия,n prop,89,A1,
видеть,v,90,A1,
думать,v,91,A1,
хороший,adj,92,A1,
глаз,n,93,A1,
тут,adv,94,A1,
дом,n,95,A1,
страна,n,96,A1,
работать,v,97,A1,
лицо,n,98,A1,
жить,v,99,A1,
часть,n,100,A1,
женщина,n,101,A1,
голова,n,102,A1,
проблема,n,103,a1,
конец,n,104,A1,
смотреть,v,105,A1,
пока,adv,106,A1,
русский,adj,107,A1,
три,num,108,A1,
деньги,n,109,A1,
почему,adv,110,A1,
понимать,v,111,A1,
москва,n prop,112,A1,
хорошо,adv,113,A1,
час,n,114,A1,
сегодня,adv,115,A1,
книга,n,116,A1,
пойти,v,117,A1,
любить,v,118,A1,
высокий,adj,119,A1,
нужно,adv,120,A1,
твой,pron,121,A1,
больше,adv,122,A1,
например,adv,123,A1,
группа,n,124,A1,
писать,v,125,A1,
сидеть,v,126,A1,
машина,n,127,A1,
стоять,v,128,a1,
имя,n,129,A1,
стоить,v,130,A1,
маленький,adj,131,A1,
ответ,n,132,A1,
вода,n,133,A1,
язык,n,134,A1,
далеко,adv,135,A1,
нужный,adj,136,A1,
давать,v,137,A1,
российский,adj,138,A1,
народ,n,139,A1,
ночь,n,140,A1,
оно,pron,141,A1,
дверь,n,142,a1,
число,n,143,A1,
следующий,adj,144,A1,
написать,v,145,A1,
отец,n,146,A1,
нога,N,147,A1,
старый,adj,148,A1,
тысяча,num,149,A1,
месяц,n,150,A1,
минута,n,151,A1,
мало,adv,152,A1,
автор,n,153,A1,
начинать,v,154,A1,
свет,n,155,A1,
школа,n,156,A1,
мужчина,n,157,A1,
внимание,n,158,a1,
молодой,adj,159,A1,
скоро,adv,160,A1,
важный,adj,161,A1,
ждать,v,162,a1,
игра,n,163,a1,
читать,v,164,A1,
жена,n,165,A1,
письмо,n,166,A1,
вечер,n,167,A1,
настоящий,adj,168,A1,
семья,n,169,A1,
простой,adj,170,A1,
вещь,n,171,A1,
утро,n,172,A1,
мать,n,173,A1,
рынок,n,174,a1,
девушка,n,175,A1,
сколько,adv,176,A1,
стол,n,177,A1,
улица,n,178,A1,
помнить,v,179,A1,
называть,v,180,A1,
точка,n,181,A1,
нельзя,adv,182,A1,
белый,adj,183,A1,
опять,adv,184,A1,
куда,adv,185,A1,
неделя,n,186,A1,
комната,n,187,A1,
цена,n,188,A1,
сын,n,189,A1,
играть,v,190,a1,
заниматься,v,191,A1,
мама,n,192,A1,
лежать,v,193,a1,
пять,num,194,A1,
быстро,adv,195,A1,
черный,adj,196,A1,
муж,n,197,A1,
ходить,v,198,A1,
окно,n,199,A1,
отвечать,v,200,A1,
плохой,adj,201,A1,
сердце,n,202,A1,
просить,v,203,a1,
выходить,v,204,A1,
получать,v,205,A1,
четыре,num,206,A1,
долго,adv,207,a1,
красный,adj,208,A1,
легко,adv,209,A1,
рубль,n,210,A1,
приходить,v,211,A1,
фильм,n,212,a1,
счет,n,213,a1,
спать,v,214,A1,
текст,n,215,A1,
брать,v,216,A1,
документ,n,217,a1,
телефон,n,218,A1,
правый,adj,219,A1,
пол,N,220,A1,
купить,v,221,A1,
родитель,n,222,a1,
метр,n,223,a1,
квартира,n,224,A1,
слушать,v,225,A1,
номер,n,226,A1,
класс,n,227,A1,
брат,n,228,A1,
спасибо,excl,229,A1,
близкий,adj,230,A1,
команда,n,231,A1,
сша,n prop,232,A1,
мальчик,n,233,A1,
рассказывать,v,234,A1,
сон,n,235,A1,
уходить,v,236,A1,
спрашивать,v,237,A1,
врач,n,238,a1,
ехать,v,239,A1,
нравиться,v,240,A1,
десять,num,241,A1,
палец,n,242,A1,
доллар,n,243,a1,
название,n,244,A1,
дорогой,adj,245,A1,
род,n,246,A1,
девочка,n,247,A1,
магазин,n,248,A1,
музыка,n,249,a1,
самолет,n,250,A1,
американский,adj,251,A1,
пить,v,252,A1,
институт,n,253,A1,
солнце,n,254,A1,
интернет,n prop,255,A1,
март,n prop,256,A1,
гость,n,257,A1,
предложение,n,258,A1,
европа,n prop,259,a1,
песня,n,260,A1,
гражданин,n,261,a1,
апрель,n prop,262,A1,
собака,n,263,A1,
компьютер,n,264,A1,
красивый,adj,265,a1,
выход,n,266,A1,
входить,v,267,A1,
уметь,v,268,A1,
низкий,adj,269,A1,
тяжелый,adj,270,A1,
среда,n prop,271,A1,
помогать,v,272,A1,
сложный,adj,273,A1,
короткий,adj,274,A1,
бумага,n,275,A1,
ошибка,n,276,A1,
сюда,adv,277,A1,
прошлый,adj,278,A1,
столько,adv,279,A1,
длинный,adj,280,A1,
возраст,n,281,A1,
трудно,adv,282,A1,
быстрый,adj,283,A1,
английский,adj,284,A1,
папа,n,285,A1,
учиться,v,286,A1,
спина,n,287,A1,
страница,n,288,A1,
двадцать,num,289,A1,
откуда,adv,290,A1,
карта,n,291,a1,
звук,n,292,A1,
господин,n,293,a1,
цвет,n,294,A1,
сесть,v,295,A1,
круг,n,296,A1,
доктор,n,297,A1,
означать,v,298,A1,
дочь,n,299,A1,
пожалуйста,excl,300,A1,
республика,n,301,A1,
ставить,v,302,A1,
волос,n,303,A1,
германия,n prop,304,A1,
называться,v,305,A1,
студент,n,306,A1,
ребята,n,307,A1,
любимый,adj,308,A1,
май,n prop,309,A1,
бежать,v,310,A1,
адрес,n,311,A1,
учитель,n,312,A1,
положить,v,313,A1,
боль,n,314,a1,
плохо,adv,315,A1,
банк,n,316,A1,
дома,adv,317,A1,
знак,n,318,A1,
завтра,adv,319,A1,
январь,n prop,320,A1,
вчера,n,321,A1,
правильный,adj,322,A1,
километр,n,323,A1,
шесть,num,324,A1,
рот,n,325,A1,
больной,adj,326,A1,
может,adv,327,A1,
победа,n,328,a1,
женский,adj,329,A1,
август,n prop,330,A1,
секунда,n,331,a1,
праздник,n,332,A1,
есть,v,333,A1,
ухо,n,334,A1,
занятие,n,335,A1,
октябрь,n prop,336,A1,
нос,n,337,A1,
начинаться,v,338,A1,
значить,v,339,A1,
французский,adj,340,A1,
правильно,adv,341,A1,
сентябрь,n prop,342,A1,
левый,adj,343,A1,
университет,n,344,A1,
лето,n,345,A1,
одежда,n,346,a1,
автомобиль,n,347,A1,
декабрь,n prop,348,A1,
сестра,n,349,A1,
запад,n prop,350,a1,
франция,n prop,351,A1,
июнь,n prop,352,A1,
темный,adj,353,A1,
немец,n,354,A1,
америка,n prop,355,A1,
холодный,adj,356,A1,
февраль,n prop,357,A1,
рождение,n,358,A1,
площадь,n,359,A1,
станция,n,360,A1,
европейский,adj,361,A1,
июль,n prop,362,A1,
позвонить,v,363,A1,
зеленый,adj,364,A1,
сто,num,365,a1,
петь,v,366,A1,
дата,n,367,a1,
семь,num,368,A1,
фотография,n,369,a1,
ноябрь,n prop,370,A1,
понравиться,v,371,A1,
чай,n,372,A1,
перевод,n,373,A1,
тихо,adv,374,A1,
взрослый,n,375,A1,
родиться,v,376,A1,
снег,n,377,A1,
зуб,n,378,A1,
иностранный,adj,379,A1,
сосед,n,380,A1,
украина,n prop,381,A1,
прочитать,v,382,A1,
понятный,adj,383,A1,
падать,v,384,a1,
кухня,n,385,A1,
покупать,v,386,A1,
прошлое,n,387,a1,
пиво,n,388,A1,
богатый,adj,389,A1,
согласный,adj,390,A1,
библиотека,n,391,A1,
здоровый,adj,392,A1,
умный,adj,393,A1,
открывать,v,394,A1,
ученик,n,395,A1,
бутылка,n,396,A1,
уехать,v,397,A1,
рисунок,N,398,A1,
дождь,n,399,A1,
восток,n prop,400,a1,
трудный,adj,401,A1,
хлеб,n,402,A1,
бабушка,n,403,A1,
снимать,v,404,a1,
опасный,adj,405,A1,
кожа,n,406,A1,
учить,v,407,A1,
зима,n,408,A1,
экран,n,409,A1,
здравствовать,v,410,a1,
переход,n,411,a1,
кровать,n,412,A1,
урок,n,413,A1,
родина,n,414,A1,
вино,n,415,A1,
бедный,adj,416,A1,
этаж,N,417,A1,
объяснять,v,418,A1,
выбирать,v,419,A1,
горячий,adj,420,A1,
подруга,N,421,A1,
весна,n,422,A1,
тридцать,num,423,A1,
рыба,n,424,A1,
ключ,n,425,a1,
теплый,adj,426,A1,
фамилия,n,427,A1,
включать,v,428,A1,
захотеть,v,429,A1,
кресло,n,430,A1,
восемь,num,431,A1,
серый,adj,432,A1,
кино,n,433,A1,
подарок,n,434,A1,
забывать,v,435,A1,
прекрасно,adv,436,A1,
столица,n,437,A1,
больница,n,438,a1,
понятно,adv,439,A1,
еще раз,mwe,440,A1,
буква,n,441,A1,
автобус,n,442,A1,
приносить,v,443,A1,
тяжело,adv,444,A1,
готовить,v,445,A1,
обед,n,446,A1,
переходить,v,447,a1,
вход,n,448,A1,
сорок,num,449,A1,
водка,n,450,A1,
телевизор,n,451,A1,
мягкий,adj,452,a1,
мужской,adj,453,a1,
задание,n,454,A1,
билет,n,455,A1,
повторять,v,456,A1,
дядя,n,457,A1,
китай,n prop,458,A1,
стул,n,459,A1,
светлый,adj,460,A1,
кофе,n,461,A1,
американец,n,462,A1,
книжка,n,463,A1,
чтение,n,464,A1,
еда,n,465,A1,
милиция,n,466,a1,
громко,adv,467,A1,
водитель,n,468,a1,
субъект,N,469,A1,
осень,n,470,A1,
привет,excl,471,A1,
синий,adj,472,A1,
кошка,n,473,A1,
важно,adv,474,A1,
круглый,adj,475,A1,
тепло,adv,476,A1,
север,n,477,a1,
умирать,v,478,a1,
покупка,n,479,A1,
погода,n,480,A1,
китайский,adj,481,A1,
голубой,adj,482,A1,
шутка,n,483,A1,
регистрация,n,484,a1,
перевести,v,485,A1,
музыкальный,adj,486,a1,
мясо,n,487,A1,
болеть,v,488,A1,
задавать,v,489,A1,
осторожно,adv,490,a1,
бок,n,491,A1,
платье,n,492,a1,
часы,n,493,A1,
масло,n,494,A1,
полиция,n,495,a1,
юг,n,496,a1,
молоко,n,497,A1,
стакан,n,498,A1,
спорт,n,499,A1,
нож,n,500,A1,
суббота,n prop,501,A1,
пятьдесят,num,502,A1,
сантиметр,n,503,a1,
живот,n,504,A1,
желтый,adj,505,A1,
сложно,adv,506,A1,
почта,n,507,A1,
заплатить,v,508,A1,
воскресенье,n prop,509,A1,
пятница,n prop,510,A1,
продавец,n,511,a1,
преподаватель,n,512,A1,
доска,n,513,A1,
японский,adj,514,A1,
ручка,n,515,A1,
верно,adv,516,A1,
понедельник,n prop,517,A1,
гулять,v,518,A1,
девять,num,519,A1,
транспорт,n,520,A1,
актер,n,521,A1,
килограмм,n,522,A1,
экзамен,n,523,A1,
приятно,adv,524,a1,
сумка,n,525,A1,
сигарета,n,526,A1,
бегать,v,527,A1,
петербург,n,528,A1,
спортивный,adj,529,A1,
больно,adv,530,A1,
твердый,adj,531,A1,
пятнадцать,num,532,A1,
марка,n,533,a1,
метро,n,534,A1,
очки,n,535,A1,
полицейский,adj,536,A1,
длина,n,537,A1,
дружба,n,538,A1,
ужин,n,539,A1,
перемена,n,540,A1,
мобильный,adj,541,A1,
непонятный,adj,542,A1,
диван,n,543,a1,
пассажир,n,544,a1,
закрывать,v,545,A1,
италия,n prop,546,A1,
приглашать,v,547,A1,
яйцо,n,548,A1,
британский,adj,549,A1,
туалет,n,550,A1,
остановка,n,551,A1,
дорого,adv,552,A1,
близко,adv,553,A1,
диалог,n,554,A1,
карточка,n,555,A1,
француз,n,556,A1,
англичанин,n,557,A1,
дешевый,adj,558,A1,
полчаса,n,559,A1,
полка,n,560,A1,
паспорт,n,561,A1,
лекарство,n,562,A1,
объявление,n,563,A1,
отдыхать,v,564,A1,
украинский,adj,565,A1,
тест,n,566,A1,
двенадцать,num,567,A1,
холод,n,568,A1,
шкаф,n,569,A1,
четверг,n prop,570,A1,
вторник,n prop,571,A1,
литр,n,572,A1,
учебник,n,573,A1,
розовый,adj,574,A1,
танцевать,v,575,a1,
произносить,v,576,A1,
рубашка,n,577,A1,
итальянский,adj,578,A1,
завтрак,n,579,A1,
турист,n,580,A1,
иностранец,n,581,A1,
музыкант,n,582,a1,
яблоко,n,583,A1,
сапог,n,584,A1,
азия,n prop,585,A1,
аэропорт,n,586,A1,
польский,adj,587,A1,
подпись,n,588,A1,
напиток,n,589,A1,
неправильный,adj,590,A1,
краткий,adj,591,a1,
по телефону,mwe,592,A1,
пожар,n,593,A1,
головной,adj,594,A1,
пожилой,adj,595,A1,
дедушка,n,596,A1,
сахар,n,597,A1,
мебель,n,598,A1,
чашка,n,599,A1,
артист,n,600,A1,
сладкий,adj,601,A1,
фото,n,602,a1,
молодец,excl,603,A1,
тарелка,n,604,A1,
сок,n,605,A1,
громкий,adj,606,A1,
класть,v,607,A1,
электрический,adj,608,A1,
словарь,n,609,A1,
блюдо,n,610,A1,
посол,n,611,a1,
мука,n,612,A1,
лампа,n,613,A1,
ошибаться,v,614,A1,
африка,n prop,615,A1,
красиво,adv,616,a1,
белорусский,adj,617,A1,
голодный,adj,618,A1,
одеяло,n,619,A1,
подушка,n,620,A1,
нормально,adv,621,a1,
внук,n,622,A1,
книжный,adj,623,A1,
плавать,v,624,a1,
перерыв,n,625,A1,
верх,n,626,A1,
поздравлять,v,627,A1,
бассейн,n,628,A1,
милиционер,n,629,A1,
дешево,adv,630,A1,
куртка,n,631,A1,
евро,n,632,a1,
двести,num,633,A1,
ботинок,n,634,a1,
холодильник,n,635,A1,
копейка,n,636,A1,
чемодан,n,637,A1,
виза,n,638,A1,
плита,n,639,a1,
проход,n,640,a1,
столовая,n,641,a1,
переводчик,n,642,A1,
грамм,n,643,A1,
печь,n,644,a1,
такси,n,645,A1,
соль,n,646,A1,
брюки,n,647,a1,
китаец,n,648,A1,
засыпать,v,649,a1,
видео,n,650,A1,
футбол,n,651,A1,
посторонний,adj,652,a1,
курица,n,653,A1,
ложка,n,654,A1,
молодой человек,mwe,655,a1,
полгода,n,656,A1,
мыть,v,657,A1,
шапка,n,658,A1,
посуда,n,659,A1,
ванная,n,660,A1,
проспект,n,661,A1,
темно,adv,662,A1,
японец,n,663,A1,
ломать,v,664,a1,
пальто,n,665,a1,
арабский,adj,666,A1,
велосипед,n,667,a1,
картошка,n,668,A1,
вкусный,adj,669,A1,
шестьдесят,num,670,A1,
штраф,n,671,A1,
испанский,adj,672,A1,
прошедший,adj,673,a1,
обувь,n,674,a1,
сыр,n,675,A1,
национальность,n,676,a1,
фрукт,n,677,A1,
открыто,adv,678,A1,
дарить,v,679,A1,
юбка,n,680,a1,
на помощь,mwe,681,a1,
ванна,n,682,A1,
лук,n,683,A1,
белоруссия,n prop,684,A1,
кружка,n,685,A1,
сдача,n,686,A1,
кончаться,v,687,A1,
пиджак,n,688,A1,
сотовый,adj,689,A1,
чемпион,n,690,A1,
носок,n,691,a1,
мяч,n,692,a1,
конверт,n,693,A1,
карандаш,n,694,A1,
индекс,n,695,A1,
кинотеатр,n,696,A1,
учительница,n,697,A1,
себе,pron,698,a1,
коньяк,n,699,A1,
касса,n,700,A1,
поесть,v,701,A1,
спортсмен,n,702,A1,
медленный,adj,703,A1,
оранжевый,adj,704,A1,
одиннадцать,num,705,A1,
госпожа,n,706,a1,
мыло,n,707,A1,
финский,adj,708,A1,
триста,num,709,A1,
суп,n,710,A1,
общежитие,n,711,a1,
соседка,n,712,A1,
мышка,n,713,A1,
овощ,n,714,A1,
пожарный,adj,715,A1,
переулок,n,716,A1,
одеваться,v,717,A1,
трамвай,n,718,A1,
мед,n,719,A1,
женатый,adj,720,A1,
заполнять,v,721,A1,
актриса,n,722,A1,
грек,n,723,A1,
коричневый,adj,724,A1,
тротуар,N,725,A1,
поляк,n,726,A1,
вежливо,adv,727,a1,
чайник,N,728,A1,
душ,n,729,A1,
невысокий,adj,730,A1,
усталый,adj,731,a1,
индийский,adj,732,A1,
перчатка,n,733,A1,
колбаса,n,734,A1,
семьдесят,num,735,A1,
непростой,adj,736,a1,
полотенце,n,737,A1,
араб,n,738,A1,
анкета,n,739,A1,
выезд,n,740,a1,
конфета,n,741,A1,
день рождения,n,742,a1,
жарко,adv,743,A1,
джинсы,n,744,a1,
салат,n,745,A1,
электричество,n,746,A1,
пирог,n,747,A1,
певец,n,748,a1,
тетрадь,n,749,A1,
олимпиада,n,750,a1,
вдова,n,751,A1,
европеец,n,752,A1,
восемьдесят,num,753,A1,
аптека,n,754,A1,
девяносто,num,755,A1,
пятьсот,num,756,A1,
капуста,n,757,A1,
обедать,v,758,A1,
трусы,n,759,a1,
спичка,n,760,A1,
предлог,n,761,A1,
воровать,v,762,a1,
мотоцикл,n,763,a1,
ноль,num,764,A1,
пульт,n,765,A1,
чайный,adj,766,A1,
мороженое,n,767,A1,
вежливый,adj,768,a1,
огурец,n,769,A1,
настоящее,n,770,A1,
глагол,n,771,A1,
открытка,n,772,A1,
орех,n,773,A1,
балет,n,774,A1,
подписывать,v,775,A1,
русский язык,mwe,776,A1,
стоп,excl,777,A1,
шестнадцать,num,778,A1,
вилка,n,779,A1,
раковина,n,780,A1,
шоколад,n,781,A1,
африканский,adj,782,A1,
восемнадцать,num,783,A1,
бутерброд,n,784,A1,
четырнадцать,num,785,A1,
студентка,n,786,A1,
мобильник,n,787,a1,
зубной,adj,788,A1,
тост,n,789,A1,
соленый,adj,790,A1,
внучка,n,791,A1,
голландский,adj,792,A1,
растительный,adj,793,A1,
картофель,n,794,A1,
семнадцать,num,795,A1,
азиатский,adj,796,A1,
украинец,n,797,A1,
супермаркет,n,798,A1,
слог,n,799,A1,
финн,n,800,A1,
торт,n,801,A1,
въезд,n,802,a1,
тринадцать,num,803,A1,
троллейбус,n,804,A1,
певица,n,805,a1,
помидор,n,806,A1,
свитер,n,807,A1,
замужем,adv,808,a1,
низ,n,809,A1,
фиолетовый,adj,810,A1,
светло,adv,811,A1,
перец,n,812,A1,
некрасивый,adj,813,A1,
пешеход,n,814,a1,
банан,n,815,A1,
продавщица,n,816,a1,
алфавит,n,817,A1,
испанец,n,818,A1,
ужинать,v,819,A1,
запрещаться,v,820,A1,
нехорошо,adv,821,A1,
запоминать,v,822,A1,
раздеваться,v,823,A1,
пирожок,n,824,A1,
виноград,n,825,A1,
лимон,n,826,A1,
наизусть,adv,827,A1,
груша,n,828,A1,
рис,n,829,A1,
виски,n,830,A1,
адресат,n,831,A1,
здороваться,v,832,A1,
апельсин,n,833,A1,
аллергия,n,834,a1,
светофор,n,835,A1,
теннис,n,836,A1,
завтракать,v,837,A1,
консульство,n,838,a1,
выключать,v,839,a1,
консул,n,840,a1,
четыреста,num,841,A1,
прокладка,n,842,a1,
гражданка,n,843,a1,
сливки,n,844,A1,
запятая,n,845,A1,
ударение,n,846,A1,
им,pron,847,a1,
девятнадцать,num,848,A1,
сосиска,n,849,A1,
хоккей,n,850,A1,
макароны,n,851,a1,
морковь,n,852,a1,
пирожное,n,853,A1,
азбука,n,854,A1,
кассир,n,855,A1,
эскалатор,n,856,a1,
чеснок,n,857,A1,
йогурт,n,858,A1,
пицца,n,859,A1,
пешеходный,adj,860,a1,
выключатель,n,861,a1,
гель,n,862,a1,
шестьсот,num,863,A1,
сметана,n,864,A1,
баскетбол,n,865,a1,
отправитель,n,866,a1,
умываться,v,867,A1,
шампунь,n,868,A1,
девятьсот,num,869,A1,
пижама,n,870,A1,
лифчик,n,871,a1,
бриться,v,872,A1,
падеж,n,873,A1,
свинина,n,874,A1,
гласный,adj,875,A1,
немка,n,876,A1,
вопросительный,adj,877,A1,
местоимение,n,878,a1,
кило,n,879,A1,
семьсот,num,880,A1,
волейбол,n,881,a1,
восемьсот,num,882,A1,
транскрипция,n,883,A1,
ту,pron,884,A1,
восклицательный,adj,885,A1,
банкомат,n,886,A1,
та,pron,887,A1,
полька,n,888,A1,
иностранка,n,889,A1,
вдовец,n,890,a1,
км,n,891,a1,
эта,pron,892,A1,
полкило,n,893,A1,
кг,abbr,894,A1,
тебе,pron,895,A1,
ей,pron,896,a1,
именительный,adj,897,a1,
выучивать,v,898,A1,
нас,pron,899,A1,
те,pron,900,A1,
разведенный,adj,901,a1,
мне,pron,902,A1,
кока-кола,n,903,A1,
не замужем,ADV,904,a1,
закрыто,adj,905,A1,
пепси-кола,n,906,A1,
люди,n,907,A1,
дети,n,908,A1,
беларусь,n prop,909,A1,
вид спорта,mwe,910,A1,
водительские права,mwe,911,A1,
время года,mwe,912,A1,
выходной день,mwe,913,A1,
головная боль,mwe,914,a1,
день недели,mwe,915,A1,
до свидания,excl,916,A1,
добро пожаловать,excl,917,A1,
домашнее задание,mwe,918,A1,
зубная паста,mwe,919,A1,
зубная щетка,mwe,920,A1,
идет дождь,mwe,921,A1,
идет снег,mwe,922,A1,
извините,v,923,A1,
как дела,mwe,924,A1,
книжный магазин,mwe,925,A1,
кредитная карта,mwe,926,a1,
маршрутное такси,mwe,927,A1,
место рождения,mwe,928,A1,
мобильный телефон,mwe,929,A1,
новый год,n prop,930,A1,
переводить,v,931,A1,
подземный переход,mwe,932,a1,
почтовый индекс,mwe,933,A1,
прошедшее время,mwe,934,a1,
скорая помощь,mwe,935,A1,
сотовый телефон,mwe,936,A1,
туфли,n,937,a1,
эти,pron,938,A1,
с,adpos,939,A2,
по,adpos,940,A2,
но,con,941,A2,
который,pron,942,A2,
свой,pron,943,A2,
весь,pron,944,A2,
за,adpos,945,a2,
о,adpos,946,a2,
если,con,947,A2,
бы,v mod,948,A2,
еще,particle,949,A2,
уже,adv,950,A2,
до,adpos,951,a2,
чтобы,con,952,A2,
самый,pron,953,A2,
при,adpos,954,A2,
первый,num,955,A2,
ни,con,956,A2,
сам,pron,957,A2,
дело,n,958,a2,
после,adv,959,A2,
под,adpos,960,A2,
каждый,pron,961,A2,
чем,con,962,A2,
потом,adv,963,A2,
через,adpos,964,A2,
мир,n,965,A2,
теперь,adv,966,A2,
несколько,adv,967,A2,
случай,n,968,A2,
сторона,n,969,A2,
тоже,particle,970,A2,
тогда,adv,971,A2,
об,adpos,972,A2,
сила,n,973,A2,
последний,adj,974,A2,
всегда,adv,975,A2,
вид,n,976,A2,
между,adpos,977,A2,
конечно,adv,978,a2,
второй,num,979,A2,
перед,adpos,980,A2,
поэтому,con,981,A2,
любой,pron,982,A2,
никто,pron,983,A2,
считать,v,984,A2,
взять,v,985,a2,
над,adpos,986,A2,
земля,n,987,A2,
почти,adv,988,A2,
путь,n,989,A2,
находиться,v,990,A2,
увидеть,v,991,A2,
никогда,adv,992,A2,
бог,n,993,A2,
совсем,adv,994,A2,
полный,adj,995,A2,
сразу,adv,996,a2,
часто,adv,997,A2,
начало,n,998,A2,
главный,adj,999,A2,
вместе,adv,1000,A2,
правда,n,1001,A2,
помощь,n,1002,A2,
может быть,mwe,1003,A2,
разный,adj,1004,A2,
общий,adj,1005,A2,
смочь,v,1006,A2,
форма,n,1007,a2,
мысль,n,1008,A2,
дорога,n,1009,A2,
любовь,n,1010,A2,
становиться,v,1011,A2,
посмотреть,v,1012,A2,
государство,n,1013,A2,
оставаться,v,1014,A2,
назад,adv,1015,A2,
происходить,V,1016,A2,
вести,v,1017,A2,
тема,n,1018,A2,
государственный,adj,1019,A2,
хотеться,v,1020,A2,
центр,n,1021,A2,
известный,adj,1022,A2,
правило,n,1023,A2,
лучший,adj,1024,A2,
точно,particle,1025,A2,
чувство,n,1026,A2,
иногда,adv,1027,A2,
достаточно,adv,1028,A2,
достаточно,det,1029,A2,
достаточно,pron,1030,A2,
труд,n,1031,A2,
третий,num,1032,A2,
готовый,adj,1033,a2,
сильный,adj,1034,a2,
чувствовать,v,1035,A2,
пример,n,1036,A2,
продолжать,v,1037,a2,
подумать,v,1038,A2,
речь,n,1039,a2,
план,n,1040,a2,
совет,n,1041,A2,
стена,n,1042,A2,
слышать,v,1043,A2,
рядом,adv,1044,A2,
оба,det,1045,A2,
оба,pron,1046,A2,
около,adpos,1047,A2,
современный,adj,1048,A2,
наука,n,1049,a2,
сообщение,n,1050,A2,
немного,adv,1051,A2,
газета,n,1052,a2,
интересный,adj,1053,A2,
поставить,v,1054,A2,
роль,n,1055,A2,
рано,adv,1056,A2,
давно,adv,1057,A2,
привести,v,1058,A2,
президент,n,1059,A2,
искать,v,1060,A2,
правительство,n,1061,A2,
прямо,particle,1062,A2,
член,n,1063,A2,
миллион,num,1064,A2,
небольшой,adj,1065,A2,
культура,n,1066,A2,
провести,v,1067,A2,
проходить,v,1068,A2,
единственный,adj,1069,A2,
сайт,n,1070,A2,
образование,n,1071,A2,
зачем,adv,1072,A2,
наверное,adv,1073,A2,
желание,n,1074,A2,
чуть,adv,1075,A2,
очередь,n,1076,A2,
район,n,1077,A2,
верить,v,1078,A2,
небо,n,1079,a2,
направление,n,1080,A2,
туда,adv,1081,A2,
встреча,n,1082,A2,
шаг,n,1083,A2,
добрый,adj,1084,A2,
еще не,mwe,1085,A2,
сначала,adv,1086,A2,
воздух,n,1087,A2,
обычный,adj,1088,A2,
держать,v,1089,A2,
похожий,adj,1090,A2,
море,n,1091,A2,
природа,n,1092,A2,
больший,adj,1093,A2,
домой,adv,1094,A2,
свобода,n,1095,A2,
продукт,n,1096,A2,
предмет,n,1097,A2,
характер,n,1098,A2,
размер,n,1099,A2,
средний,adj,1100,A2,
показывать,v,1101,A2,
союз,n,1102,A2,
лес,n,1103,A2,
журнал,n,1104,a2,
предлагать,v,1105,A2,
искусство,n,1106,A2,
парень,n,1107,A2,
лучше,adj,1108,A2,
ум,n,1109,A2,
выбор,n,1110,A2,
река,n,1111,A2,
нормальный,adj,1112,A2,
картина,n,1113,A2,
сильно,adv,1114,A2,
граница,n,1115,A2,
половина,n,1116,A2,
огонь,n,1117,a2,
дерево,n,1118,A2,
детский,adj,1119,A2,
желать,v,1120,A2,
широкий,adj,1121,A2,
прекрасный,adj,1122,A2,
будущее,n,1123,A2,
литература,n,1124,A2,
зал,n,1125,A2,
услышать,v,1126,A2,
разве,particle,1127,A2,
счастье,n,1128,A2,
ветер,n,1129,A2,
курс,n,1130,A2,
бывший,adj,1131,A2,
чистый,adj,1132,A2,
специальный,adj,1133,A2,
потерять,v,1134,A2,
враг,n,1135,a2,
вызывать,v,1136,A2,
рассказ,n,1137,A2,
однажды,adv,1138,A2,
представление,n,1139,A2,
поехать,v,1140,a2,
долгий,adj,1141,a2,
угол,n,1142,A2,
скорость,n,1143,a2,
подходить,v,1144,A2,
видно,adv,1145,A2,
новость,n,1146,A2,
список,n,1147,A2,
обязательно,adv,1148,A2,
примерно,adv,1149,A2,
ученый,adj,1150,a2,
объем,n,1151,a2,
вперед,adv,1152,A2,
писатель,n,1153,A2,
звезда,n,1154,A2,
получаться,v,1155,A2,
старший,adj,1156,A2,
внутри,adv,1157,A2,
здоровье,n,1158,a2,
расти,v,1159,A2,
читатель,n,1160,A2,
встречаться,v,1161,A2,
счастливый,adj,1162,A2,
кажется,adv,1163,A2,
техника,n,1164,A2,
подготовка,n,1165,A2,
легкий,adj,1166,A2,
сожаление,n,1167,A2,
городской,adj,1168,A2,
недавно,adv,1169,A2,
клуб,n,1170,A2,
выражение,n,1171,A2,
платить,v,1172,A2,
спокойно,adv,1173,A2,
театр,n,1174,A2,
рф,n prop,1175,A2,
отличаться,v,1176,A2,
кричать,v,1177,A2,
цветок,n,1178,A2,
носить,v,1179,A2,
болезнь,n,1180,A2,
обучение,n,1181,A2,
запись,n,1182,A2,
упасть,v,1183,a2,
вниз,adv,1184,A2,
вниз,prep,1185,A2,
выборы,n,1186,A2,
реклама,n,1187,A2,
животное,n,1188,A2,
чего,pron,1189,A2,
передача,n,1190,A2,
фраза,n,1191,A2,
находить,v,1192,A2,
капитан,n,1193,A2,
профессор,n,1194,A2,
полезный,adj,1195,A2,
слабый,adj,1196,a2,
лист,n,1197,A2,
бить,v,1198,A2,
высота,n,1199,A2,
звонить,v,1200,A2,
ясно,adv,1201,A2,
молчать,v,1202,A2,
остров,n prop,1203,A2,
приятный,adj,1204,A2,
сад,n,1205,A2,
детство,n,1206,A2,
тонкий,adj,1207,A2,
смеяться,v,1208,A2,
яркий,adj,1209,A2,
слеза,n,1210,A2,
верный,adj,1211,A2,
поезд,n,1212,A2,
официальный,adj,1213,A2,
польза,n,1214,A2,
обратно,adv,1215,A2,
мешать,v,1216,A2,
настроение,n,1217,A2,
птица,n,1218,A2,
вверх,adv,1219,A2,
музей,n,1220,A2,
улыбка,n,1221,a2,
стихи,n,1222,A2,
домашний,adj,1223,A2,
активный,adj,1224,A2,
электронный,adj,1225,A2,
морской,adj,1226,A2,
отсюда,adv,1227,A2,
улыбаться,v,1228,A2,
поздно,adv,1229,A2,
звучать,v,1230,A2,
редко,adv,1231,A2,
разговаривать,v,1232,A2,
плакать,v,1233,A2,
опасность,n,1234,A2,
полет,n,1235,A2,
строить,v,1236,A2,
лететь,v,1237,A2,
лошадь,n,1238,a2,
коридор,n,1239,A2,
исключение,n,1240,A2,
конкурс,n,1241,a2,
ночной,adj,1242,A2,
глубоко,adv,1243,A2,
садиться,v,1244,A2,
друг друга,mwe,1245,A2,
напротив,adv,1246,A2,
обращение,n,1247,a2,
тихий,adj,1248,A2,
менять,v,1249,A2,
чей,pron,1250,A2,
научиться,v,1251,A2,
медицинский,adj,1252,A2,
середина,n,1253,A2,
запах,n,1254,A2,
ездить,v,1255,A2,
терять,v,1256,A2,
выставка,n,1257,A2,
учебный,adj,1258,a2,
вес,n,1259,A2,
просьба,n,1260,A2,
радио,n,1261,A2,
вкус,n,1262,A2,
миллиард,num,1263,A2,
подниматься,v,1264,A2,
поступать,v,1265,A2,
нижний,adj,1266,A2,
газ,n,1267,A2,
четвертый,num,1268,A2,
крыша,n,1269,A2,
звонок,n,1270,A2,
уважаемый,adj,1271,A2,
честно,adv,1272,a2,
лет назад,mwe,1273,A2,
стекло,N,1274,A2,
гореть,v,1275,A2,
встречать,v,1276,A2,
свежий,adj,1277,A2,
впереди,adv,1278,A2,
семейный,adj,1279,A2,
трава,n,1280,A2,
ящик,n,1281,A2,
сказка,n,1282,A2,
расстояние,n,1283,A2,
зло,adv,1284,a2,
цифра,n,1285,A2,
веселый,adj,1286,A2,
диск,n,1287,A2,
удобный,adj,1288,A2,
лестница,n,1289,A2,
продавать,v,1290,A2,
кусок,n,1291,A2,
постель,n,1292,A2,
верхний,adj,1293,A2,
вставать,v,1294,a2,
малыш,n,1295,A2,
смех,n,1296,A2,
узкий,adj,1297,A2,
оттуда,adv,1298,A2,
мост,n,1299,A2,
поездка,n,1300,A2,
компьютерный,adj,1301,A2,
тишина,n,1302,A2,
далекий,adj,1303,a2,
покупатель,n,1304,A2,
зарплата,n,1305,A2,
зритель,n,1306,A2,
пакет,n,1307,A2,
мечтать,v,1308,A2,
странно,adv,1309,A2,
ресторан,n,1310,A2,
плата,n,1311,A2,
раньше,adv,1312,A2,
луна,n prop,1313,A2,
приезжать,v,1314,A2,
отдавать,v,1315,A2,
проверка,n,1316,A2,
зеркало,n,1317,a2,
обратный,adj,1318,A2,
строка,n,1319,A2,
чисто,adv,1320,A2,
плюс,n,1321,A2,
толстый,adj,1322,A2,
пятый,num,1323,A2,
висеть,v,1324,A2,
отличный,adj,1325,A2,
соседний,adj,1326,A2,
младший,adj,1327,A2,
концерт,n,1328,A2,
окончание,n,1329,A2,
везде,adv,1330,A2,
несчастный,adj,1331,A2,
парк,n,1332,A2,
полтора,num,1333,A2,
поднимать,v,1334,A2,
глупый,adj,1335,A2,
представляться,v,1336,A2,
задний,adj,1337,A2,
добро,n,1338,a2,
объяснение,n,1339,A2,
путешествие,n,1340,A2,
честный,adj,1341,A2,
кот,n,1342,A2,
бросать,v,1343,A2,
температура,n,1344,A2,
отдых,n,1345,A2,
летать,v,1346,A2,
костюм,n,1347,a2,
сухой,adj,1348,A2,
вагон,n,1349,A2,
продолжение,n,1350,A2,
штука,n,1351,A2,
картинка,n,1352,A2,
деревянный,adj,1353,A2,
образец,n,1354,A2,
профессия,n,1355,A2,
из-под,adpos,1356,A2,
школьный,adj,1357,A2,
гостиница,n,1358,A2,
сверху,adv,1359,A2,
телефонный,adj,1360,A2,
грязный,adj,1361,A2,
кольцо,n,1362,A2,
настоящее время,mwe,1363,A2,
подождать,v,1364,A2,
одинаковый,adj,1365,a2,
курить,v,1366,a2,
дышать,v,1367,A2,
привычка,n,1368,A2,
хвост,n,1369,A2,
тянуть,v,1370,A2,
случаться,v,1371,A2,
облако,n,1372,A2,
памятник,n,1373,A2,
офис,n,1374,A2,
отель,n,1375,A2,
строго,adv,1376,A2,
кнопка,n,1377,a2,
неприятный,adj,1378,A2,
океан,n,1379,A2,
останавливаться,v,1380,A2,
летний,adj,1381,A2,
лекция,n,1382,a2,
не может быть,mwe,1383,A2,
посылать,v,1384,A2,
смешной,adj,1385,A2,
ненавидеть,v,1386,A2,
колесо,n,1387,A2,
крест,n,1388,A2,
отлично,adv,1389,A2,
зверь,n,1390,A2,
поворот,n,1391,A2,
упражнение,n,1392,A2,
друг другу,mwe,1393,A2,
приближаться,v,1394,A2,
кормить,v,1395,A2,
лед,n,1396,A2,
жениться,v,1397,A2,
грязь,n,1398,A2,
потолок,n,1399,A2,
аудитория,n,1400,a2,
отпуск,n,1401,A2,
внизу,adv,1402,A2,
прочесть,v,1403,a2,
проверять,v,1404,A2,
бесплатный,adj,1405,A2,
горло,n,1406,A2,
научить,v,1407,A2,
тратить,V,1408,A2,
съесть,v,1409,A2,
подросток,n,1410,A2,
уважать,v,1411,A2,
выходной,n,1412,A2,
замуж,adv,1413,A2,
весело,adv,1414,a2,
пробовать,v,1415,a2,
мороз,n,1416,a2,
шар,n,1417,A2,
вокзал,n,1418,A2,
открываться,v,1419,A2,
сзади,adv,1420,A2,
инструкция,n,1421,A2,
кафе,n,1422,A2,
советовать,v,1423,A2,
незнакомый,adj,1424,A2,
мокрый,adj,1425,A2,
доходить,v,1426,A2,
голод,n,1427,A2,
зимний,adj,1428,A2,
жалко,adv,1429,A2,
нигде,adv,1430,A2,
неплохо,adv,1431,A2,
высоко,adv,1432,A2,
выше,adv,1433,a2,
благодарить,v,1434,A2,
соревнование,n,1435,A2,
роза,n,1436,a2,
ниже,adj,1437,A2,
мода,n,1438,A2,
стенка,n,1439,A2,
узнавать,v,1440,A2,
слева,adv,1441,A2,
то же самое,mwe,1442,A2,
пояс,n,1443,A2,
торопиться,v,1444,A2,
мелочь,n,1445,A2,
справа,adv,1446,A2,
вовремя,adv,1447,A2,
кусочек,n,1448,A2,
неплохой,adj,1449,A2,
корова,n,1450,A2,
ложиться,v,1451,a2,
письменный,adj,1452,A2,
кремль,n prop,1453,A2,
передний,adj,1454,A2,
шестой,num,1455,A2,
блин,n,1456,A2,
наверх,adv,1457,A2,
внутрь,adv,1458,A2,
справка,n,1459,A2,
ветка,n,1460,A2,
почтовый,adj,1461,A2,
каталог,n,1462,A2,
целовать,v,1463,A2,
испугаться,v,1464,A2,
с удовольствием,mwe,1465,A2,
течь,v,1466,A2,
немножко,adv,1467,A2,
градус,n,1468,A2,
сломать,v,1469,A2,
медицина,n,1470,A2,
россиянин,n,1471,A2,
плыть,v,1472,a2,
вредный,adj,1473,A2,
тетя,n,1474,a2,
прыгать,v,1475,A2,
школьник,n,1476,A2,
юмор,n,1477,A2,
спальня,n,1478,A2,
нарисовать,v,1479,A2,
поцеловать,v,1480,A2,
утренний,adj,1481,A2,
совершенный,adj,1482,a2,
цветной,adj,1483,A2,
ничего,adv,1484,A2,
лифт,n,1485,A2,
седьмой,num,1486,A2,
батарея,n,1487,A2,
рассвет,n,1488,A2,
недалеко,adv,1489,A2,
модный,adj,1490,A2,
друг с другом,mwe,1491,A2,
железнодорожный,adj,1492,A2,
водить,v,1493,A2,
записывать,v,1494,A2,
лечить,v,1495,A2,
москвич,n,1496,A2,
валюта,n,1497,A2,
белье,n,1498,a2,
отправлять,v,1499,A2,
вчерашний,adj,1500,A2,
шутить,v,1501,a2,
приглашение,n,1502,A2,
вслух,adv,1503,A2,
посольство,n,1504,A2,
пачка,n,1505,A2,
увеличиваться,v,1506,A2,
засмеяться,v,1507,A2,
просыпаться,v,1508,A2,
трудиться,v,1509,A2,
грустный,adj,1510,A2,
стучать,v,1511,A2,
ковер,n,1512,A2,
по-другому,adv,1513,A2,
монета,n,1514,A2,
слышно,adv,1515,A2,
увеличивать,v,1516,A2,
загадка,n,1517,A2,
минус,n,1518,A2,
отходить,v,1519,a2,
проехать,v,1520,A2,
смешно,adv,1521,A2,
автомобильный,adj,1522,A2,
мусор,n,1523,A2,
худой,adj,1524,A2,
полюбить,v,1525,A2,
чуть-чуть,adv,1526,A2,
гостиная,n,1527,a2,
балкон,n,1528,A2,
поцелуй,n,1529,A2,
прощение,n,1530,A2,
чемпионат,n,1531,A2,
пот,n,1532,A2,
стрелка,n,1533,A2,
заканчивать,v,1534,A2,
полдень,n,1535,a2,
авария,n,1536,A2,
строчка,n,1537,A2,
крышка,n,1538,A2,
заболеть,v,1539,A2,
меню,n,1540,A2,
таблетка,n,1541,A2,
языковой,adj,1542,A2,
акцент,n,1543,A2,
замолчать,v,1544,A2,
халат,n,1545,a2,
снизу,adv,1546,a2,
весенний,adj,1547,A2,
делить,v,1548,A2,
жара,n,1549,a2,
разбудить,v,1550,A2,
пешком,adv,1551,A2,
наружу,adv,1552,A2,
бензин,n,1553,A2,
неверный,adj,1554,A2,
восьмой,num,1555,A2,
праздничный,adj,1556,A2,
гриб,n,1557,a2,
ступенька,n,1558,A2,
балл,N,1559,A2,
худший,adj,1560,A2,
разрешать,v,1561,A2,
воспитывать,v,1562,A2,
вдвоем,adv,1563,A2,
биография,n,1564,A2,
рюкзак,n,1565,A2,
ноутбук,n,1566,A2,
ежедневный,adv,1567,A2,
тв,abbr,1568,A2,
пароль,n,1569,A2,
забирать,v,1570,A2,
снаружи,adv,1571,A2,
каша,n,1572,A2,
жажда,n,1573,A2,
проезд,n,1574,A2,
кукла,n,1575,A2,
фунт,n,1576,A2,
жаркий,adj,1577,a2,
мм,abbr,1578,a2,
тем,pron,1579,A2,
подземный,adj,1580,A2,
осенний,adj,1581,A2,
четверо,num,1582,A2,
подружка,n,1583,A2,
телевизионный,adj,1584,A2,
аренда,n,1585,A2,
календарь,n,1586,A2,
ширина,n,1587,A2,
десятый,num,1588,A2,
запрещать,v,1589,A2,
жир,n,1590,A2,
газовый,adj,1591,A2,
направо,adv,1592,A2,
надевать,v,1593,A2,
полночь,n,1594,a2,
резать,v,1595,A2,
шофер,n,1596,A2,
жирный,adj,1597,A2,
недолго,adv,1598,A2,
знакомиться,v,1599,A2,
экскурсия,n,1600,A2,
стройный,adj,1601,a2,
заголовок,n,1602,A2,
скучать,v,1603,A2,
ругать,v,1604,A2,
шампанское,n,1605,A2,
девятый,num,1606,A2,
гараж,n,1607,A2,
тестирование,n,1608,A2,
налево,adv,1609,A2,
выезжать,v,1610,A2,
убирать,v,1611,A2,
рейс,n,1612,A2,
рождество,n prop,1613,A2,
наверху,adv,1614,A2,
поблагодарить,v,1615,A2,
вылет,n,1616,a2,
различать,v,1617,A2,
ночевать,v,1618,A2,
отличать,V,1619,A2,
дружить,v,1620,A2,
убегать,v,1621,A2,
скидка,n,1622,A2,
прибытие,n,1623,A2,
заплакать,v,1624,A2,
квадрат,n,1625,a2,
лампочка,N,1626,A2,
путешествовать,v,1627,A2,
молочный,adj,1628,A2,
возить,v,1629,A2,
толкать,v,1630,A2,
новогодний,adj,1631,A2,
декларация,n,1632,a2,
прощаться,v,1633,a2,
шерсть,n,1634,a2,
тупик,n,1635,A2,
преподавать,v,1636,A2,
срочный,adj,1637,A2,
интонация,n,1638,A2,
жительство,n,1639,A2,
заказывать,v,1640,A2,
рюмка,n,1641,A2,
деление,n,1642,a2,
нелегкий,adj,1643,A2,
официант,n,1644,A2,
плавание,n,1645,a2,
щенок,n,1646,A2,
дальше,adv,1647,a2,
расписание,n,1648,A2,
все в порядке,mwe,1649,A2,
за границей,adv,1650,A2,
доехать,v,1651,A2,
медсестра,n,1652,A2,
купаться,v,1653,A2,
кран,n,1654,A2,
ежегодный,adj,1655,A2,
витамин,n,1656,A2,
аппетит,n,1657,A2,
кошелек,n,1658,A2,
относить,v,1659,a2,
неправда,n,1660,A2,
фотоаппарат,n,1661,A2,
простыня,n,1662,A2,
варить,v,1663,A2,
чистить,v,1664,A2,
гладить,v,1665,a2,
уменьшаться,v,1666,A2,
дружно,adv,1667,A2,
путешественник,n,1668,A2,
бег,n,1669,A2,
начинающий,adj,1670,A2,
блондинка,n,1671,A2,
елка,n,1672,a2,
холл,n,1673,a2,
извиняться,v,1674,a2,
поворачивать,v,1675,A2,
предъявлять,v,1676,A2,
туризм,n,1677,A2,
каникулы,n,1678,A2,
вправо,adv,1679,A2,
гроза,n,1680,A2,
прибывать,v,1681,A2,
присылать,v,1682,A2,
соединять,v,1683,A2,
см,abbr,1684,a2,
будить,v,1685,A2,
низко,adv,1686,A2,
закрываться,v,1687,A2,
привыкать,v,1688,A2,
влево,adv,1689,A2,
повар,n,1690,A2,
устный,adj,1691,A2,
пена,n,1692,A2,
подоконник,n,1693,A2,
постучать,v,1694,A2,
горячо,adv,1695,a2,
электричка,n,1696,A2,
прощание,n,1697,A2,
цирк,n,1698,A2,
посылка,n,1699,a2,
счастливо,adv,1700,A2,
горько,adv,1701,A2,
перекресток,n,1702,A2,
поздравление,n,1703,a2,
крем,n,1704,A2,
близнец,n,1705,a2,
выбрасывать,v,1706,A2,
стадион,n,1707,A2,
стирать,v,1708,A2,
двадцатый,num,1709,A2,
котенок,n,1710,A2,
кидать,v,1711,A2,
сонный,adj,1712,A2,
ягода,n,1713,A2,
бульвар,n,1714,A2,
привозить,v,1715,A2,
шахматы,n,1716,A2,
университетский,adj,1717,A2,
прихожая,n,1718,a2,
страховка,n,1719,A2,
неприятно,adv,1720,A2,
отводить,v,1721,A2,
вылетать,v,1722,A2,
наливать,v,1723,A2,
грипп,n,1724,A2,
извинение,n,1725,A2,
вырастать,v,1726,A2,
поликлиника,n,1727,A2,
сытый,adj,1728,A2,
уставать,v,1729,A2,
различаться,v,1730,A2,
первое,n,1731,A2,
диктовать,v,1732,A2,
наземный,adj,1733,A2,
кухонный,adj,1734,A2,
мостик,n,1735,A2,
запирать,v,1736,a2,
абзац,n,1737,A2,
дискотека,n,1738,A2,
купе,n,1739,A2,
уносить,v,1740,A2,
бланк,n,1741,A2,
пасха,n prop,1742,A2,
нулевой,adj,1743,A2,
земляк,n,1744,A2,
исправлять,v,1745,A2,
вынимать,v,1746,a2,
уменьшать,v,1747,A2,
зарегистрироваться,v,1748,A2,
плеер,n,1749,A2,
блокнот,n,1750,A2,
закуска,n,1751,A2,
весить,v,1752,A2,
майка,n,1753,A2,
магнитофон,n,1754,A2,
линейка,n,1755,A2,
чек,n,1756,A2,
вывеска,n,1757,A2,
рыбный,adj,1758,A2,
корм,n,1759,A2,
посередине,adv,1760,A2,
зоопарк,n,1761,a2,
занавеска,n,1762,a2,
кастрюля,n,1763,A2,
улетать,v,1764,A2,
монолог,n,1765,A2,
поднос,n,1766,A2,
автомашина,n,1767,A2,
сбоку,adv,1768,A2,
полуостров,n,1769,A2,
подъезжать,v,1770,A2,
жареный,adj,1771,A2,
коктейль,n,1772,A2,
нелегко,adv,1773,A2,
буфет,n,1774,A2,
грамматика,n,1775,A2,
киоск,n,1776,A2,
брошюра,n,1777,A2,
втроем,adv,1778,A2,
негромко,adv,1779,a2,
опаздывать,v,1780,A2,
выписывать,v,1781,A2,
сувенир,n,1782,A2,
футболка,n,1783,A2,
варенье,n,1784,A2,
мелко,adv,1785,A2,
поправлять,v,1786,A2,
достопримечательность,n,1787,A2,
салфетка,n,1788,A2,
двоюродный,adj,1789,A2,
звонкий,adj,1790,A2,
опоздание,n,1791,A2,
футболист,n,1792,a2,
лексика,n,1793,a2,
двенадцатый,num,1794,A2,
гимнастика,n,1795,a2,
миллиметр,n,1796,a2,
фотографировать,v,1797,A2,
тумбочка,n,1798,A2,
в другом месте,mwe,1799,A2,
словосочетание,n,1800,A2,
кашель,n,1801,A2,
хлопок,n,1802,A2,
кислый,adj,1803,a2,
получатель,n,1804,A2,
зажигалка,n,1805,A2,
грамматический,adj,1806,A2,
хобби,n,1807,A2,
проспать,v,1808,A2,
переезжать,v,1809,A2,
одиннадцатый,num,1810,A2,
бритва,n,1811,A2,
послезавтра,adv,1812,A2,
жарить,v,1813,A2,
розетка,n,1814,A2,
спереди,adv,1815,A2,
вверху,adv,1816,a2,
тапочки,n,1817,a2,
шарф,n,1818,A2,
декан,n,1819,a2,
гол,n,1820,a2,
пепельница,n,1821,A2,
бумажник,n,1822,A2,
маршрутка,n,1823,A2,
прилетать,v,1824,A2,
шорты,n,1825,a2,
колготки,n,1826,a2,
шестеро,num,1827,A2,
тридцатый,num,1828,A2,
второе,n,1829,A2,
пианино,n,1830,A2,
премьер-министр,n,1831,a2,
позавчера,adv,1832,a2,
мультфильм,n,1833,A2,
арендовать,v,1834,A2,
несовершенный,adj,1835,a2,
батарейка,n,1836,a2,
булочка,n,1837,A2,
приставка,n,1838,a2,
соревноваться,v,1839,A2,
борщ,n,1840,A2,
въезжать,v,1841,A2,
кашлять,v,1842,A2,
кинофильм,n,1843,A2,
шестидесятый,num,1844,A2,
замерзать,v,1845,A2,
семидесятый,num,1846,A2,
одноразовый,adj,1847,A2,
галочка,n,1848,A2,
парикмахерская,n,1849,A2,
десерт,n,1850,A2,
восьмидесятый,num,1851,A2,
бинт,n,1852,A2,
заглавие,n,1853,A2,
пересказывать,v,1854,A2,
распродажа,n,1855,A2,
комикс,n,1856,A2,
спортзал,n,1857,A2,
разводиться,v,1858,A2,
девятнадцатый,num,1859,A2,
выкидывать,v,1860,A2,
семнадцатый,num,1861,A2,
девяностый,num,1862,A2,
купальник,n,1863,a2,
сотый,num,1864,A2,
пятидесятый,num,1865,A2,
зонт,n,1866,A2,
смс,n,1867,A2,
свекла,n,1868,a2,
прилагательное,n,1869,A2,
кавычка,n,1870,a2,
клубника,n,1871,A2,
понос,n,1872,A2,
миллионный,num,1873,A2,
сороковой,num,1874,A2,
четырнадцатый,num,1875,A2,
сливочный,adj,1876,A2,
насморк,n,1877,A2,
тринадцатый,num,1878,A2,
пятнадцатый,num,1879,A2,
восемнадцатый,num,1880,A2,
шестнадцатый,num,1881,A2,
заворачивать,v,1882,A2,
причастие,n,1883,a2,
сковорода,n,1884,A2,
многоэтажный,adj,1885,A2,
приземляться,v,1886,A2,
фитнес,n,1887,A2,
дыня,n,1888,a2,
умножать,v,1889,a2,
мандарин,n,1890,A2,
чаевые,n,1891,a2,
тысячный,num,1892,A2,
позже,adj,1893,A2,
отвозить,v,1894,A2,
переспрашивать,v,1895,A2,
пластырь,n,1896,A2,
жалюзи,n,1897,a2,
деканат,n,1898,a2,
квартплата,n,1899,A2,
турникет,n,1900,A2,
кофеварка,n,1901,A2,
наволочка,n,1902,A2,
гарнир,n,1903,A2,
упаковывать,v,1904,A2,
замороженный,adj,1905,A2,
пельмени,n,1906,A2,
солить,v,1907,A2,
химчистка,n,1908,a2,
паркинг,n,1909,A2,
междугородний,adj,1910,A2,
паковать,v,1911,A2,
млн,abbr,1912,a2,
шоппинг,n,1913,A2,
миллиардный,num,1914,A2,
джемпер,n,1915,A2,
отгадывать,v,1916,A2,
резервировать,v,1917,A2,
дециметр,n,1918,a2,
гриль,n,1919,A2,
родительный,adj,1920,A2,
попкорн,n,1921,A2,
тобой,pron,1922,A2,
шестисотый,num,1923,A2,
антоним,n,1924,A2,
спортплощадка,n,1925,A2,
парковать,v,1926,A2,
хватит,v,1927,A2,
дательный,adj,1928,A2,
винительный,adj,1929,A2,
хуже,adj,1930,A2,
морепродукты,n,1931,A2,
скайп,n,1932,A2,
творительный,adj,1933,A2,
предложный,adj,1934,A2,
двухсотый,num,1935,A2,
сандалии,n,1936,a2,
пятисотый,num,1937,A2,
трехсотый,num,1938,A2,
семисотый,num,1939,A2,
девятисотый,adj,1940,A2,
четырехсотый,num,1941,A2,
утром,adv,1942,A2,
числительное,n,1943,A2,
интернет-магазин,n,1944,A2,
адрес электронной почты,mwe,1945,A2,
брать в аренду,mwe,1946,A2,
будьте здоровы,excl,1947,A2,
ванная комната,mwe,1948,A2,
взять такси,mwe,1949,A2,
видеть сон,mwe,1950,A2,
водить автомобиль,mwe,1951,A2,
восьмисотый,num,1952,A2,
выходить замуж,mwe,1953,A2,
главная роль,mwe,1954,A2,
делать покупки,mwe,1955,A2,
День Победы,mwe,1956,A2,
детский сад,mwe,1957,A2,
добрый вечер,excl,1958,A2,
добрый день,excl,1959,A2,
домашнее животное,mwe,1960,A2,
дорожный знак,mwe,1961,a2,
железная дорога,mwe,1962,A2,
железнодорожная станция,mwe,1963,A2,
записная книжка,mwe,1964,A2,
зубная нить,mwe,1965,A2,
играть роль,mwe,1966,A2,
идти пешком,mwe,1967,a2,
искать работу,mwe,1968,A2,
компьютерная игра,mwe,1969,A2,
который час,mwe,1970,A2,
кроссовки,n,1971,A2,
курс валют,mwe,1972,a2,
легковой автомобиль,mwe,1973,A2,
множественное число,mwe,1974,A2,
новогодние каникулы,mwe,1975,A2,
ночная рубашка,mwe,1976,A2,
обращать внимание,mwe,1977,A2,
передавать привет,mwe,1978,A2,
питьевая вода,mwe,1979,a2,
потому что,con,1980,A2,
почтовая марка,mwe,1981,A2,
почтовый ящик,mwe,1982,A2,
рождество христово,mwe,1983,A2,
с ... до ...,mwe,1984,A2,
сдавать экзамен,mwe,1985,A2,
спокойной ночи,excl,1986,A2,
спортивная площадка,mwe,1987,A2,
срок годности,mwe,1988,A2,
срок действия,mwe,1989,A2,
стиральная машина,mwe,1990,A2,
стиральный порошок,mwe,1991,A2,
субтитры,n,1992,A2,
ток-шоу,n,1993,A2,
туалетная бумага,mwe,1994,A2,
ходить по магазинам,mwe,1995,A2,
член семьи,mwe,1996,A2,
чувствовать себя,mwe,1997,A2,
электронная почта,mwe,1998,A2,
же,particle,1999,B1,
даже,particle,2000,B1,
ли,con,2001,B1,
хотя,con,2002,B1,
являться,v,2003,B1,
отношение,n,2004,B1,
компания,n,2005,B1,
история,n,2006,B1,
результат,n,2007,B1,
право,n,2008,B1,
что-то,pron,2009,B1,
война,n,2010,B1,
решение,n,2011,B1,
власть,n,2012,B1,
уровень,n,2013,B1,
пора,adv,2014,B1,
развитие,n,2015,B1,
программа,n,2016,B1,
момент,n,2017,B1,
закон,n,2018,B1,
цель,n,2019,B1,
информация,n,2020,B1,
ситуация,n,2021,B1,
голос,n,2022,B1,
качество,n,2023,B1,
действие,n,2024,B1,
следовать,v,2025,B1,
использовать,v,2026,B1,
связь,n,2027,B1,
взгляд,n,2028,B1,
условие,n,2029,B1,
основной,adj,2030,B1,
вдруг,adv,2031,B1,
статья,n,2032,B1,
тело,n,2033,b1,
причина,n,2034,B1,
равный,adj,2035,B1,
против,adv,2036,B1,
идея,n,2037,B1,
особенно,adv,2038,B1,
наконец,adv,2039,b1,
среди,adpos,2040,b1,
движение,n,2041,B1,
огромный,adj,2042,B1,
великий,adj,2043,B1,
количество,n,2044,b1,
смерть,n,2045,B1,
бывать,v,2046,b1,
порядок,n,2047,B1,
век,n,2048,B1,
военный,n,2049,B1,
политический,adj,2050,B1,
представлять,v,2051,B1,
опыт,n,2052,B1,
тип,n,2053,B1,
интерес,n,2054,B1,
из-за,adpos,2055,B1,
живой,adj,2056,B1,
необходимый,adj,2057,B1,
материал,n,2058,B1,
армия,n,2059,B1,
бояться,v,2060,B1,
социальный,adj,2061,B1,
большинство,n,2062,B1,
бизнес,n,2063,B1,
принимать,v,2064,B1,
целый,adj,2065,B1,
разговор,n,2066,B1,
способ,n,2067,B1,
течение,n,2068,B1,
вокруг,adv,2069,B1,
ряд,n,2070,B1,
партия,n,2071,B1,
период,n,2072,b1,
пара,n,2073,B1,
значение,n,2074,b1,
внутренний,adj,2075,B1,
изменение,n,2076,B1,
политика,n,2077,B1,
экономический,adj,2078,B1,
знакомый,adj,2079,B1,
человеческий,adj,2080,B1,
остальной,pron,2081,b1,
рост,n,2082,B1,
население,n,2083,B1,
кровь,n,2084,B1,
зрение,n,2085,B1,
знание,n,2086,B1,
какой-то,pron,2087,B1,
необходимо,adv,2088,B1,
во время,prep,2089,B1,
участие,n,2090,B1,
как-то,adv,2091,B1,
память,n,2092,B1,
борьба,n,2093,B1,
личный,adj,2094,B1,
плечо,n,2095,B1,
национальный,adj,2096,B1,
позиция,n,2097,B1,
стараться,v,2098,B1,
герой,n,2099,B1,
участник,n,2100,B1,
свободный,adj,2101,B1,
судьба,n,2102,B1,
товар,n,2103,B1,
надеяться,v,2104,B1,
международный,adj,2105,B1,
директор,n,2106,B1,
поздний,adj,2107,B1,
кто-то,pron,2108,B1,
фирма,n,2109,B1,
товарищ,n,2110,B1,
источник,n,2111,B1,
вместо,adpos,2112,B1,
всего,particle,2113,b1,
операция,n,2114,B1,
оценка,n,2115,b1,
постоянно,adv,2116,B1,
специалист,n,2117,B1,
главное,n,2118,B1,
гора,n,2119,B1,
мировой,adj,2120,B1,
научный,adj,2121,B1,
корабль,n,2122,B1,
берег,n,2123,B1,
пользоваться,v,2124,B1,
начальник,n,2125,B1,
странный,ADJ,2126,B1,
церковь,n,2127,B1,
линия,n,2128,B1,
выглядеть,v,2129,B1,
иметься,v,2130,B1,
поиск,n,2131,b1,
высший,adj,2132,B1,
пространство,N,2133,B1,
экономика,n,2134,B1,
поведение,n,2135,B1,
оружие,n,2136,B1,
страх,n,2137,B1,
страшный,adj,2138,B1,
ожидать,v,2139,B1,
хозяин,n,2140,B1,
надежда,n,2141,B1,
солдат,n,2142,B1,
единый,adj,2143,B1,
клиент,n,2144,B1,
удар,n,2145,B1,
глядеть,v,2146,b1,
в течение,mwe,2147,B1,
вера,n,2148,B1,
отсутствие,n,2149,b1,
прямой,adj,2150,B1,
процент,n,2151,B1,
здание,n,2152,B1,
открытый,adj,2153,B1,
возвращаться,v,2154,B1,
энергия,n,2155,B1,
вывод,n,2156,B1,
договор,n,2157,B1,
зависеть,v,2158,B1,
западный,adj,2159,B1,
безопасность,n,2160,B1,
способность,n,2161,B1,
удовольствие,n,2162,B1,
чужой,adj,2163,B1,
ощущение,n,2164,B1,
никак,adv,2165,B1,
создавать,v,2166,B1,
влияние,n,2167,B1,
уверенный,adj,2168,B1,
грудь,n,2169,B1,
контроль,n,2170,B1,
двор,n,2171,B1,
одновременно,adv,2172,B1,
пункт,N,2173,B1,
радость,n,2174,B1,
практика,n,2175,B1,
содержание,n,2176,B1,
в том числе,mwe,2177,B1,
хватать,v,2178,B1,
стоимость,n,2179,B1,
звать,v,2180,b1,
старик,n,2181,b1,
постоянный,adj,2182,B1,
командир,n,2183,B1,
житель,n,2184,b1,
сумма,n,2185,B1,
сцена,n,2186,B1,
благодаря,adpos,2187,B1,
глубокий,adj,2188,B1,
принадлежать,v,2189,B1,
с помощью,mwe,2190,B1,
где-то,adv,2191,B1,
произведение,n,2192,B1,
деревня,n,2193,B1,
обращаться,v,2194,B1,
губа,n,2195,B1,
пустой,adj,2196,B1,
центральный,adj,2197,B1,
профессиональный,adj,2198,B1,
федеральный,adj,2199,B1,
технический,adj,2200,B1,
ближайший,adj,2201,B1,
выступать,v,2202,B1,
родной,adj,2203,b1,
решать,V,2204,B1,
напоминать,v,2205,b1,
ответственность,n,2206,B1,
народный,adj,2207,b1,
поэт,n,2208,B1,
король,n,2209,B1,
художник,n,2210,B1,
пользователь,n,2211,B1,
двигаться,v,2212,B1,
будущий,adj,2213,b1,
ясный,adj,2214,B1,
участвовать,v,2215,B1,
канал,n,2216,B1,
северный,adj,2217,B1,
что-нибудь,pron,2218,B1,
кабинет,n,2219,B1,
вспоминать,v,2220,B1,
форум,n,2221,B1,
лично,adv,2222,B1,
журналист,n,2223,B1,
комиссия,n,2224,B1,
древний,adj,2225,B1,
традиция,n,2226,b1,
председатель,n,2227,B1,
мастер,n,2228,B1,
карман,n,2229,B1,
сотня,n,2230,B1,
десяток,n,2231,B1,
обещать,v,2232,B1,
строительство,n,2233,B1,
общение,n,2234,B1,
отличие,n,2235,b1,
мелкий,adj,2236,b1,
состояться,v,2237,B1,
постепенно,adv,2238,b1,
планета,n,2239,B1,
хозяйство,n,2240,B1,
организм,n,2241,B1,
заявление,n,2242,B1,
мозг,n,2243,B1,
тень,n,2244,B1,
испытывать,v,2245,B1,
сегодняшний,adj,2246,b1,
получение,n,2247,B1,
инструмент,n,2248,B1,
лидер,n,2249,B1,
фигура,n,2250,B1,
лагерь,n,2251,B1,
оставлять,v,2252,B1,
раздел,n,2253,B1,
милый,adj,2254,B1,
секс,n,2255,B1,
колено,n,2256,B1,
коллега,n,2257,B1,
еврей,n,2258,B1,
признак,n,2259,B1,
требоваться,v,2260,B1,
потребность,n,2261,B1,
заходить,v,2262,B1,
депутат,n,2263,B1,
глубина,n,2264,b1,
администрация,n,2265,B1,
торговый,adj,2266,B1,
описание,n,2267,B1,
партнер,n,2268,B1,
разница,n,2269,B1,
черта,n,2270,B1,
красота,n,2271,b1,
суметь,v,2272,B1,
точный,adj,2273,B1,
трубка,n,2274,B1,
восточный,adj,2275,B1,
знаменитый,adj,2276,B1,
открытие,n,2277,B1,
присутствовать,V,2278,B1,
неожиданно,adv,2279,B1,
налог,n,2280,B1,
культурный,adj,2281,B1,
предыдущий,adj,2282,B1,
мертвый,adj,2283,B1,
ранний,adj,2284,B1,
замечать,v,2285,B1,
торговля,n,2286,B1,
камера,n,2287,B1,
тайна,n,2288,B1,
уважение,n,2289,B1,
творческий,adj,2290,b1,
воспоминание,n,2291,B1,
человечество,n,2292,B1,
недостаток,n,2293,B1,
заранее,adv,2294,B1,
держаться,v,2295,B1,
разрешение,n,2296,B1,
спасти,v,2297,B1,
мощный,adj,2298,B1,
эффективный,adj,2299,B1,
производить,v,2300,B1,
изучение,n,2301,B1,
южный,adj,2302,B1,
печать,n,2303,B1,
повышение,n,2304,B1,
продолжаться,v,2305,B1,
творчество,n,2306,B1,
художественный,adj,2307,b1,
сутки,n,2308,B1,
доступ,n,2309,B1,
брак,n,2310,B1,
мероприятие,n,2311,b1,
обсуждение,n,2312,B1,
бороться,v,2313,B1,
обязанность,n,2314,B1,
сообщать,v,2315,B1,
немедленно,adv,2316,B1,
указывать,v,2317,b1,
лечение,n,2318,b1,
замок,n,2319,B1,
обстановка,n,2320,B1,
шум,n,2321,B1,
спокойный,adj,2322,B1,
шея,n,2323,B1,
игрок,n,2324,B1,
готовиться,v,2325,b1,
лодка,n,2326,B1,
собирать,v,2327,B1,
убийство,n,2328,B1,
достоинство,n,2329,B1,
серия,N,2330,B1,
основное,n,2331,B1,
кадр,n,2332,B1,
выступление,n,2333,B1,
ожидание,n,2334,B1,
изучать,v,2335,B1,
ценный,adj,2336,B1,
страдать,v,2337,B1,
острый,adj,2338,B1,
слух,n,2339,B1,
увеличение,n,2340,B1,
удивительный,adj,2341,B1,
родственник,n,2342,b1,
только что,mwe,2343,B1,
охрана,n,2344,B1,
обсуждать,v,2345,B1,
специально,adv,2346,B1,
ладонь,n,2347,B1,
жесткий,adj,2348,B1,
дальний,adj,2349,B1,
передавать,v,2350,B1,
мечта,n,2351,B1,
питание,n,2352,B1,
файл,n,2353,B1,
интересовать,v,2354,B1,
общаться,v,2355,B1,
ужасный,adj,2356,B1,
заказ,n,2357,B1,
крыло,n,2358,B1,
когда-то,adv,2359,B1,
дума,n,2360,B1,
спешить,v,2361,B1,
спор,n,2362,B1,
озеро,n,2363,B1,
дикий,adj,2364,B1,
дно,n,2365,B1,
сми,abbr,2366,B1,
темнота,n,2367,B1,
минимум,n,2368,B1,
агентство,n,2369,B1,
интервью,n,2370,B1,
сходить,v,2371,B1,
крепкий,adj,2372,b1,
воспитание,n,2373,B1,
христос,n prop,2374,b1,
присутствие,n,2375,B1,
молодежь,n,2376,B1,
доклад,n,2377,B1,
сексуальный,adj,2378,B1,
неизвестный,adj,2379,B1,
положительный,adj,2380,B1,
в связи,mwe,2381,B1,
независимый,adj,2382,B1,
солнечный,adj,2383,B1,
трудность,n,2384,B1,
дурак,n,2385,B1,
сотрудничество,n,2386,B1,
площадка,n,2387,b1,
конь,n,2388,b1,
единица,n,2389,B1,
классический,adj,2390,B1,
как будто,mwe,2391,B1,
сомневаться,v,2392,B1,
злой,adj,2393,B1,
пациент,n,2394,B1,
денежный,adj,2395,B1,
редкий,adj,2396,B1,
юридический,adj,2397,B1,
лоб,n,2398,B1,
дворец,n,2399,B1,
промышленность,n,2400,B1,
обмен,n,2401,B1,
жаль,adv,2402,b1,
широко,adv,2403,B1,
стрелять,v,2404,B1,
убивать,v,2405,B1,
популярный,adj,2406,B1,
лечь,v,2407,b1,
управлять,v,2408,B1,
академия,n,2409,B1,
корень,n,2410,B1,
возвращение,n,2411,b1,
коммерческий,adj,2412,B1,
заболевание,n,2413,B1,
повезти,v,2414,B1,
ой,int,2415,B1,
слушатель,n,2416,B1,
пауза,n,2417,B1,
кредит,n,2418,B1,
пьяный,adj,2419,B1,
уверенность,n,2420,B1,
различие,n,2421,B1,
отмечать,v,2422,B1,
напряжение,n,2423,B1,
крестьянин,n,2424,B1,
отказываться,v,2425,b1,
поймать,v,2426,B1,
вершина,n,2427,B1,
секрет,n,2428,B1,
портрет,n,2429,B1,
объединение,n,2430,B1,
эмоция,n,2431,B1,
применять,v,2432,B1,
рекламный,adj,2433,B1,
менеджер,n,2434,B1,
удивление,n,2435,B1,
надпись,n,2436,b1,
природный,adj,2437,b1,
поход,n,2438,B1,
какой-нибудь,pron,2439,B1,
атмосфера,n,2440,B1,
поступок,n,2441,B1,
телевидение,n,2442,b1,
активно,adv,2443,B1,
инженер,n,2444,B1,
знакомство,n,2445,B1,
режиссер,n,2446,B1,
остаток,n,2447,B1,
к сожалению,adv,2448,B1,
налоговый,adj,2449,B1,
отсутствовать,v,2450,b1,
умение,n,2451,b1,
губернатор,n,2452,B1,
ремонт,n,2453,B1,
терпеть,V,2454,b1,
наступать,v,2455,B1,
выражать,v,2456,B1,
оплата,n,2457,B1,
радоваться,v,2458,B1,
танец,n,2459,B1,
щека,n,2460,B1,
коробка,n,2461,B1,
согласие,n,2462,b1,
приятель,n,2463,B1,
вуз,abbr,2464,B1,
таблица,n,2465,B1,
юный,adj,2466,B1,
удача,n,2467,B1,
сбор,n,2468,B1,
мирный,adj,2469,B1,
неожиданный,adj,2470,B1,
планировать,v,2471,B1,
талант,n,2472,B1,
дискуссия,n,2473,B1,
сочинение,n,2474,B1,
выдавать,v,2475,B1,
сложность,n,2476,B1,
мешок,n,2477,B1,
трудовой,adj,2478,B1,
описывать,v,2479,B1,
достаточный,adj,2480,B1,
психология,n,2481,B1,
контролировать,v,2482,B1,
помощник,n,2483,B1,
кость,n,2484,B1,
спектакль,n,2485,B1,
краска,n,2486,B1,
темп,n,2487,B1,
анекдот,n,2488,B1,
маршрут,n,2489,B1,
пыль,n,2490,B1,
растение,n,2491,B1,
демократический,adj,2492,B1,
банка,n,2493,B1,
ровно,adv,2494,B1,
нежный,adj,2495,B1,
адвокат,n,2496,B1,
опытный,adj,2497,B1,
бомба,n,2498,B1,
башня,n,2499,B1,
навстречу,adv,2500,B1,
социально,adv,2501,B1,
навык,n,2502,B1,
хозяйка,n,2503,B1,
богатство,n,2504,B1,
сохранять,v,2505,B1,
проживать,v,2506,B1,
самостоятельно,adv,2507,B1,
контракт,n,2508,B1,
пахнуть,v,2509,B1,
свадьба,n,2510,b1,
туман,n,2511,B1,
качественный,adj,2512,B1,
молчание,n,2513,B1,
особенный,adj,2514,B1,
конституция,n,2515,B1,
подавать,v,2516,B1,
беременность,n,2517,B1,
хранить,v,2518,B1,
игрушка,n,2519,B1,
сезон,n,2520,B1,
физика,n,2521,B1,
жест,n,2522,B1,
кто-нибудь,pron,2523,B1,
активность,n,2524,B1,
горный,adj,2525,B1,
одинокий,adj,2526,B1,
замечание,n,2527,B1,
карьера,n,2528,B1,
политик,n,2529,B1,
вооруженный,adj,2530,B1,
записка,n,2531,B1,
справедливость,N,2532,B1,
дача,n,2533,B1,
гарантия,n,2534,B1,
партийный,adj,2535,B1,
скорый,adj,2536,b1,
горький,adj,2537,b1,
воевать,v,2538,B1,
подъезд,n,2539,B1,
скромный,adj,2540,B1,
пятно,n,2541,B1,
разнообразный,adj,2542,B1,
факультет,n,2543,B1,
куст,n,2544,B1,
стихотворение,n,2545,B1,
интересоваться,v,2546,B1,
удивляться,v,2547,B1,
ответственный,adj,2548,B1,
важнейший,adj,2549,B1,
палатка,n,2550,B1,
салон,n,2551,B1,
победитель,n,2552,B1,
жаловаться,v,2553,B1,
вечерний,adj,2554,B1,
контекст,n,2555,B1,
когда-нибудь,adv,2556,B1,
отрицательный,adj,2557,b1,
жалеть,v,2558,B1,
искусственный,adj,2559,b1,
христианский,adj,2560,b1,
лесной,adj,2561,B1,
почитать,v,2562,B1,
парламент,n,2563,B1,
эмоциональный,adj,2564,B1,
городок,n,2565,B1,
бар,n,2566,B1,
неизвестно,adv,2567,B1,
пенсия,n,2568,B1,
рисовать,v,2569,B1,
здорово,excl,2570,B1,
волноваться,v,2571,B1,
пьеса,n,2572,B1,
десятилетие,n,2573,B1,
блестящий,adj,2574,B1,
известие,n,2575,B1,
печальный,adj,2576,B1,
улучшение,n,2577,B1,
зарабатывать,v,2578,B1,
королева,n,2579,B1,
заинтересовать,v,2580,B1,
старуха,n,2581,b1,
вначале,adv,2582,B1,
транспортный,adj,2583,B1,
сокращение,n,2584,b1,
маска,n,2585,B1,
жалоба,n,2586,B1,
применяться,v,2587,B1,
двойной,adj,2588,B1,
математика,n,2589,B1,
потребоваться,v,2590,B1,
студия,n,2591,B1,
мотор,n,2592,B1,
экологический,adj,2593,B1,
повесть,n,2594,B1,
невеста,n,2595,b1,
вклад,n,2596,B1,
подходящий,adj,2597,B1,
катастрофа,n,2598,B1,
справедливый,adj,2599,B1,
чудесный,adj,2600,B1,
спускаться,v,2601,B1,
во-первых,adv,2602,B1,
медведь,n,2603,B1,
прогноз,n,2604,B1,
опрос,n,2605,B1,
устанавливать,v,2606,B1,
свидание,n,2607,B1,
платформа,n,2608,B1,
обида,n,2609,B1,
сочетание,n,2610,B1,
заканчиваться,v,2611,b1,
профессионал,n,2612,B1,
захотеться,v,2613,B1,
консультант,n,2614,B1,
независимость,n,2615,B1,
законный,adj,2616,B1,
коллекция,n,2617,B1,
обыкновенный,adj,2618,B1,
экземпляр,n,2619,B1,
цифровой,adj,2620,b1,
тесный,adj,2621,B1,
преступник,n,2622,B1,
избирательный,adj,2623,B1,
волновать,v,2624,B1,
рана,n,2625,b1,
серебряный,adj,2626,B1,
заказчик,n,2627,B1,
мышь,n,2628,B1,
веревка,n,2629,B1,
аккуратно,adv,2630,B1,
закрытый,adj,2631,B1,
беспокоиться,v,2632,B1,
математический,adj,2633,B1,
нарушать,v,2634,B1,
доставать,v,2635,b1,
автоматически,adv,2636,B1,
рок,n,2637,B1,
прогулка,n,2638,B1,
прощать,v,2639,b1,
ужасно,adv,2640,B1,
королевский,adj,2641,B1,
тренировка,n,2642,B1,
молодость,n,2643,B1,
мягко,adv,2644,B1,
алкоголь,n,2645,B1,
просмотр,n,2646,B1,
скандал,n,2647,B1,
энергетический,adj,2648,B1,
рыжий,adj,2649,B1,
учеба,n,2650,B1,
четверть,n,2651,B1,
оформление,n,2652,B1,
соглашаться,v,2653,b1,
талантливый,adj,2654,B1,
монитор,n,2655,B1,
регулярно,adv,2656,B1,
с тех пор,mwe,2657,B1,
матч,n,2658,B1,
длиться,v,2659,B1,
флаг,n,2660,B1,
приключение,n,2661,B1,
сервис,n,2662,B1,
успевать,v,2663,B1,
мудрый,adj,2664,B1,
бледный,adj,2665,B1,
вор,n,2666,B1,
дорожка,n,2667,B1,
неприятность,n,2668,B1,
пляж,n,2669,B1,
благодарный,adj,2670,b1,
переставать,v,2671,B1,
игровой,adj,2672,B1,
спасать,v,2673,B1,
гордиться,v,2674,B1,
ритм,n,2675,b1,
подвиг,n,2676,B1,
голосование,n,2677,B1,
христианин,n,2678,b1,
стыдно,adv,2679,B1,
радостный,adj,2680,B1,
трасса,n,2681,B1,
наибольший,adj,2682,b1,
сравнивать,v,2683,B1,
бытовой,adj,2684,B1,
тренер,n,2685,B1,
подчеркивать,v,2686,B1,
употребление,n,2687,B1,
мэр,n,2688,B1,
учащийся,n,2689,B1,
посадка,n,2690,B1,
ровный,adj,2691,B1,
добавлять,v,2692,B1,
шоу,n,2693,B1,
храниться,v,2694,B1,
повесить,v,2695,B1,
специальность,n,2696,B1,
трогать,v,2697,B1,
стих,n,2698,B1,
террорист,n,2699,B1,
соблюдать,v,2700,B1,
младенец,n,2701,B1,
употреблять,v,2702,B1,
дыра,n,2703,B1,
уверенно,adv,2704,B1,
торговать,v,2705,B1,
занятый,adj,2706,B1,
рукав,n,2707,B1,
симпатичный,adj,2708,B1,
предупреждать,v,2709,B1,
палка,n,2710,B1,
бровь,n,2711,B1,
бесполезный,adj,2712,B1,
мастерская,n,2713,B1,
приезд,n,2714,B1,
подводный,adj,2715,B1,
треть,n,2716,B1,
возражать,v,2717,B1,
беспокоить,v,2718,B1,
духи,n,2719,B1,
консультация,n,2720,B1,
приветствовать,v,2721,b1,
платок,n,2722,b1,
программист,n,2723,B1,
охранник,n,2724,B1,
чистота,n,2725,B1,
бумажный,adj,2726,B1,
происшествие,n,2727,B1,
шоссе,n,2728,B1,
яма,n,2729,B1,
ножка,n,2730,B1,
соблюдение,n,2731,B1,
рождаться,v,2732,B1,
громадный,adj,2733,B1,
заметка,n,2734,B1,
финал,n,2735,B1,
избиратель,n,2736,B1,
среднее,n,2737,B1,
голосовать,v,2738,B1,
жених,n,2739,B1,
автоматический,adj,2740,B1,
вирус,n,2741,B1,
охранять,v,2742,B1,
популярность,n,2743,B1,
диплом,n,2744,B1,
юрист,n,2745,B1,
борода,n,2746,B1,
подробный,adj,2747,B1,
терпение,n,2748,b1,
усталость,n,2749,B1,
выделять,v,2750,B1,
дежурный,adj,2751,B1,
частица,n,2752,B1,
локоть,n,2753,B1,
испортить,v,2754,B1,
тур,n,2755,B1,
близость,n,2756,B1,
туча,n,2757,B1,
гитара,n,2758,b1,
позитивный,adj,2759,B1,
недвижимость,n,2760,B1,
доставка,n,2761,B1,
отъезд,n,2762,b1,
театральный,adj,2763,B1,
развлечение,n,2764,B1,
папка,n,2765,B1,
доставлять,v,2766,B1,
сорт,N,2767,B1,
звездный,adj,2768,B1,
грузовик,n,2769,B1,
обсуждаться,v,2770,B1,
дорожный,adj,2771,B1,
классный,adj,2772,B1,
ведро,n,2773,b1,
молния,n,2774,b1,
стеклянный,adj,2775,B1,
чеченский,adj,2776,B1,
вносить,v,2777,B1,
плащ,n,2778,b1,
христианство,n,2779,b1,
платеж,n,2780,B1,
смелый,adj,2781,B1,
седой,adj,2782,B1,
поэтический,adj,2783,B1,
величайший,adj,2784,b1,
приблизительно,adv,2785,B1,
торжественный,adj,2786,B1,
блеск,n,2787,B1,
развод,n,2788,b1,
безопасный,adj,2789,B1,
ледяной,adj,2790,B1,
предупреждение,n,2791,B1,
рецепт,n,2792,B1,
смесь,n,2793,B1,
кредитный,adj,2794,B1,
мелодия,n,2795,B1,
студенческий,adj,2796,B1,
внешность,n,2797,B1,
повышать,v,2798,b1,
стоянка,n,2799,B1,
дневной,adj,2800,B1,
временный,adj,2801,B1,
где-нибудь,adv,2802,B1,
анализировать,v,2803,B1,
давить,v,2804,B1,
незаконный,adj,2805,B1,
снежный,adj,2806,B1,
обман,n,2807,B1,
провод,n,2808,B1,
баня,n,2809,B1,
тупой,adj,2810,B1,
переносить,v,2811,B1,
с самого начала,mwe,2812,B1,
бокал,n,2813,B1,
драться,v,2814,B1,
прохожий,n,2815,B1,
отвернуться,v,2816,B1,
свинья,n,2817,B1,
желающий,n,2818,B1,
скорее,adv,2819,B1,
латинский,adj,2820,B1,
поменять,v,2821,B1,
хрен,n,2822,b1,
климат,n,2823,B1,
пленка,n,2824,B1,
старость,n,2825,B1,
змея,n,2826,b1,
кожаный,adj,2827,B1,
молодежный,adj,2828,B1,
травма,n,2829,B1,
скучный,adj,2830,B1,
тетка,n,2831,B1,
дура,n,2832,B1,
бедро,n,2833,B1,
слон,n,2834,B1,
вертолет,n,2835,B1,
печатать,v,2836,B1,
диагноз,n,2837,B1,
вытекать,v,2838,b1,
иллюстрация,n,2839,B1,
частый,adj,2840,B1,
исключать,v,2841,B1,
натуральный,adj,2842,B1,
влюбленный,adj,2843,B1,
листок,n,2844,B1,
ноготь,n,2845,B1,
диета,n,2846,B1,
ремень,n,2847,B1,
наилучший,adj,2848,B1,
ус,n,2849,B1,
заяц,n,2850,B1,
ругаться,v,2851,B1,
в среднем,mwe,2852,B1,
прятать,v,2853,B1,
лужа,n,2854,B1,
светить,v,2855,B1,
объявлять,v,2856,B1,
тесно,adv,2857,B1,
комплект,n,2858,B1,
умственный,adj,2859,B1,
светиться,v,2860,B1,
пожелание,n,2861,B1,
пенсионер,n,2862,B1,
стук,n,2863,B1,
рожать,v,2864,B1,
слабо,adv,2865,b1,
программирование,n,2866,b1,
сеанс,n,2867,B1,
столичный,adj,2868,B1,
скамейка,n,2869,B1,
старт,n,2870,B1,
кататься,v,2871,b1,
затылок,n,2872,B1,
водный,adj,2873,B1,
закат,n,2874,b1,
написание,n,2875,B1,
торжество,n,2876,B1,
переписка,n,2877,B1,
возвращать,v,2878,B1,
опера,n,2879,B1,
самоубийство,n,2880,B1,
прибегать,v,2881,B1,
беременный,adj,2882,B1,
пожаловаться,v,2883,B1,
аромат,n,2884,B1,
подбородок,n,2885,B1,
разочарование,n,2886,B1,
гражданство,n,2887,B1,
прочный,adj,2888,B1,
ура,excl,2889,B1,
товарный,adj,2890,B1,
провожать,v,2891,B1,
регулярный,adj,2892,B1,
украшение,n,2893,B1,
уменьшение,n,2894,B1,
сериал,n,2895,B1,
сновидение,n,2896,B1,
проживание,n,2897,b1,
одевать,v,2898,b1,
симптом,n,2899,B1,
поворачиваться,v,2900,B1,
увлечение,n,2901,B1,
терроризм,n,2902,B1,
комедия,n,2903,B1,
выполняться,v,2904,B1,
героиня,n,2905,B1,
кончать,v,2906,b1,
изменяться,v,2907,B1,
махать,v,2908,B1,
звуковой,adj,2909,B1,
прелесть,n,2910,B1,
ислам,n prop,2911,b1,
долгосрочный,adj,2912,B1,
родные,adj,2913,B1,
мусульманин,n,2914,b1,
порция,n,2915,B1,
осторожный,adj,2916,B1,
вечеринка,n,2917,B1,
плакат,n,2918,B1,
быть может,mwe,2919,B1,
блестеть,v,2920,B1,
бык,n,2921,b1,
удобство,n,2922,B1,
кивать,v,2923,B1,
приготовление,n,2924,B1,
повторение,n,2925,b1,
устанавливаться,v,2926,B1,
нетерпение,n,2927,b1,
экономия,n,2928,B1,
завидовать,v,2929,B1,
козел,n,2930,b1,
кисть,n,2931,B1,
континент,n,2932,B1,
уличный,adj,2933,B1,
бедность,n,2934,B1,
украшать,v,2935,B1,
микрофон,n,2936,B1,
пластиковый,adj,2937,B1,
корзина,n,2938,B1,
инструктор,n,2939,b1,
стресс,n,2940,B1,
изложение,n,2941,B1,
клавиша,n,2942,B1,
галстук,n,2943,B1,
обманывать,v,2944,B1,
обижаться,v,2945,B1,
возражение,n,2946,b1,
шагать,v,2947,B1,
химия,n,2948,B1,
тысячелетие,n,2949,B1,
входной,adj,2950,B1,
заменять,v,2951,B1,
оплачивать,v,2952,B1,
спинка,n,2953,B1,
географический,adj,2954,B1,
долгое время,mwe,2955,B1,
аллах,n prop,2956,b1,
колледж,n,2957,B1,
родительский,adj,2958,B1,
дружеский,adj,2959,B1,
нисколько,adv,2960,B1,
гром,n,2961,B1,
грамотный,adj,2962,B1,
приближение,n,2963,B1,
необыкновенный,adj,2964,B1,
собачий,adj,2965,B1,
съездить,v,2966,B1,
успокаивать,v,2967,B1,
придумывать,v,2968,B1,
уютный,adj,2969,B1,
соотечественник,n,2970,B1,
заложник,n,2971,B1,
двигать,v,2972,B1,
выдача,n,2973,b1,
избранный,adj,2974,B1,
композитор,n,2975,B1,
интимный,adj,2976,B1,
отрывок,n,2977,B1,
отставать,v,2978,B1,
колонка,n,2979,B1,
печка,n,2980,b1,
глупо,adv,2981,B1,
тигр,n,2982,B1,
фотограф,n,2983,B1,
обходить,v,2984,B1,
юбилей,n,2985,B1,
справочник,n,2986,b1,
витрина,n,2987,B1,
обидно,adv,2988,B1,
сердиться,v,2989,B1,
шуметь,v,2990,B1,
назначать,v,2991,B1,
энергичный,adj,2992,B1,
клавиатура,n,2993,B1,
удивлять,v,2994,B1,
обложка,n,2995,B1,
меньшинство,n,2996,B1,
останавливать,v,2997,b1,
ссора,n,2998,b1,
платный,adj,2999,b1,
любоваться,v,3000,B1,
тряпка,n,3001,B1,
запланировать,v,3002,B1,
выигрывать,v,3003,B1,
треугольник,n,3004,B1,
детектив,n,3005,B1,
напугать,v,3006,B1,
презерватив,n,3007,B1,
чеченец,n,3008,B1,
добровольный,adj,3009,B1,
поверх,adpos,3010,B1,
наименование,n,3011,B1,
побеждать,v,3012,B1,
увлекаться,v,3013,B1,
исламский,adj,3014,b1,
теряться,v,3015,b1,
смелость,n,3016,B1,
тройка,n,3017,B1,
лить,v,3018,B1,
дизайнер,n,3019,B1,
дырка,n,3020,B1,
туристический,adj,3021,b1,
кпрф,n,3022,B1,
электроэнергия,n,3023,B1,
портить,v,3024,B1,
договариваться,v,3025,B1,
олимпийский,adj,3026,B1,
сочувствие,n,3027,B1,
шумный,adj,3028,B1,
уговаривать,v,3029,B1,
ревность,n,3030,b1,
прилавок,n,3031,B1,
доброта,n,3032,b1,
закрытие,n,3033,b1,
кипеть,v,3034,B1,
докладывать,v,3035,B1,
удостоверение,n,3036,B1,
веко,n,3037,B1,
классика,n,3038,B1,
полюс,n,3039,B1,
футбольный,adj,3040,B1,
жидкий,adj,3041,B1,
насекомое,n,3042,B1,
разноцветный,adj,3043,B1,
будда,n prop,3044,b1,
октябрьский,adj,3045,B1,
сказочный,adj,3046,B1,
проработать,v,3047,b1,
тормоз,n,3048,B1,
энциклопедия,n,3049,B1,
увезти,v,3050,B1,
разрешаться,v,3051,B1,
принтер,n,3052,B1,
ухаживать,v,3053,B1,
белок,n,3054,B1,
табак,n,3055,b1,
усиливать,v,3056,B1,
увести,v,3057,b1,
усиливаться,v,3058,B1,
отметка,n,3059,b1,
нажимать,v,3060,B1,
завтрашний,adj,3061,B1,
мусульманский,adj,3062,b1,
известность,n,3063,B1,
телеканал,n,3064,B1,
багаж,n,3065,B1,
толщина,n,3066,B1,
трижды,adv,3067,B1,
жевать,v,3068,B1,
рекорд,n,3069,B1,
лысый,adj,3070,B1,
хакер,n,3071,B1,
запасной,adj,3072,B1,
география,n,3073,B1,
сборная,n,3074,B1,
заинтересоваться,v,3075,B1,
теракт,n,3076,B1,
прохладный,adj,3077,B1,
переезд,n,3078,B1,
хвалить,v,3079,B1,
биология,n,3080,B1,
документальный,adj,3081,B1,
подсказывать,v,3082,B1,
комфорт,n,3083,B1,
факс,n,3084,B1,
перенос,n,3085,B1,
складывать,v,3086,B1,
бокс,n,3087,b1,
ненадолго,adv,3088,B1,
гимн,n,3089,B1,
патриот,n,3090,B1,
присниться,v,3091,B1,
уборка,n,3092,B1,
шить,v,3093,B1,
десятка,n,3094,B1,
промолчать,v,3095,B1,
шелковый,adj,3096,B1,
наружный,adj,3097,B1,
добираться,v,3098,B1,
тормозить,v,3099,B1,
аккуратный,adj,3100,B1,
проигрывать,v,3101,B1,
целоваться,V,3102,b1,
скульптура,n,3103,B1,
отказывать,v,3104,B1,
скамья,n,3105,B1,
читаться,v,3106,b1,
террористический,adj,3107,B1,
пуговица,n,3108,b1,
ленивый,adj,3109,B1,
оптимизм,n,3110,B1,
укол,n,3111,B1,
вешать,v,3112,B1,
раздавать,v,3113,B1,
лыжа,n,3114,B1,
пополам,adv,3115,B1,
правильность,n,3116,B1,
обучаться,v,3117,B1,
антенна,n,3118,B1,
венера,n prop,3119,B1,
племянник,n,3120,b1,
взлет,n,3121,B1,
приветствие,n,3122,b1,
воспитатель,n,3123,B1,
пропуск,n,3124,B1,
гид,n,3125,B1,
указатель,n,3126,b1,
неудобно,adv,3127,B1,
классик,n,3128,B1,
контейнер,n,3129,B1,
теща,n,3130,b1,
алкогольный,adj,3131,B1,
догонять,v,3132,B1,
праздновать,v,3133,B1,
испуг,n,3134,B1,
прическа,n,3135,B1,
выпадать,v,3136,b1,
комар,n,3137,B1,
арена,n,3138,B1,
каблук,n,3139,b1,
казино,n,3140,B1,
догадка,n,3141,B1,
экономить,v,3142,B1,
няня,n,3143,B1,
умеренный,adj,3144,B1,
несправедливый,adj,3145,B1,
суша,n,3146,B1,
комплимент,n,3147,B1,
град,n,3148,B1,
разбивать,v,3149,B1,
весы,n,3150,B1,
ректор,n,3151,B1,
модем,n,3152,B1,
немедленный,adj,3153,B1,
тесто,n,3154,b1,
поперек,adpos,3155,B1,
пятерка,n,3156,B1,
курение,n,3157,B1,
корона,n,3158,B1,
коза,n,3159,b1,
аккумулятор,n,3160,B1,
почерк,n,3161,B1,
перелом,n,3162,B1,
отрывать,v,3163,B1,
унитаз,n,3164,B1,
ресница,n,3165,B1,
несовершеннолетний,n,3166,B1,
неважный,adv,3167,b1,
пятка,n,3168,B1,
чат,n,3169,B1,
самостоятельность,n,3170,B1,
развитой,adj,3171,B1,
провайдер,n,3172,B1,
ненормальный,adj,3173,B1,
цент,n,3174,B1,
патриотизм,n,3175,B1,
дворянин,n,3176,B1,
прекращать,v,3177,B1,
загрязнение,n,3178,B1,
зять,n,3179,b1,
непонимание,n,3180,B1,
пк,n,3181,B1,
греметь,v,3182,B1,
празднование,n,3183,B1,
сухо,adv,3184,B1,
повышаться,v,3185,B1,
прекращаться,v,3186,B1,
безработный,n,3187,b1,
добавка,n,3188,B1,
ваза,n,3189,B1,
жадный,adj,3190,B1,
профессионализм,n,3191,B1,
быстрота,n,3192,b1,
блог,n,3193,B1,
измерять,v,3194,B1,
отходы,n,3195,B1,
подданный,n,3196,B1,
зажигать,v,3197,B1,
иудей,n,3198,b1,
пословица,n,3199,b1,
стипендия,n,3200,B1,
боксер,n,3201,b1,
парта,n,3202,B1,
отопление,n,3203,b1,
радуга,n,3204,B1,
полезность,n,3205,B1,
вакансия,n,3206,B1,
взлетать,v,3207,B1,
сладко,adv,3208,b1,
одноклассник,n,3209,B1,
улучшать,v,3210,B1,
сокращать,v,3211,B1,
налогоплательщик,n,3212,B1,
четверка,n,3213,B1,
разрезать,v,3214,B1,
миска,n,3215,B1,
шишка,n,3216,B1,
вступительный,adj,3217,B1,
мэрия,n,3218,B1,
пожимать,v,3219,B1,
болельщик,n,3220,B1,
чулок,n,3221,B1,
оформлять,v,3222,B1,
двойка,n,3223,b1,
дк,n,3224,B1,
скатерть,n,3225,B1,
кондиционер,n,3226,B1,
клей,n,3227,B1,
указательный,adj,3228,B1,
самочувствие,n,3229,B1,
послушный,adj,3230,B1,
восход,n,3231,B1,
герб,n,3232,B1,
поговорка,n,3233,B1,
синяк,n,3234,B1,
позвоночник,n,3235,B1,
вражда,n,3236,b1,
вертеть,v,3237,B1,
жадность,n,3238,B1,
угощать,v,3239,B1,
дежурить,v,3240,B1,
сугроб,n,3241,B1,
прошлогодний,adj,3242,B1,
соус,n,3243,B1,
рифма,n,3244,B1,
шелк,n,3245,B1,
греть,v,3246,B1,
незнание,n,3247,B1,
рекламировать,v,3248,B1,
спасаться,v,3249,B1,
штора,n,3250,B1,
восклицать,v,3251,B1,
таксист,n,3252,B1,
ливень,n,3253,B1,
гороскоп,n,3254,B1,
наличные,n,3255,B1,
пригород,n,3256,B1,
ревновать,v,3257,B1,
записываться,v,3258,B1,
очищать,v,3259,B1,
синоним,n,3260,B1,
беспокойный,adj,3261,B1,
отменять,v,3262,B1,
арбуз,n,3263,B1,
воспаление,n,3264,b1,
видеокамера,n,3265,B1,
равно,adj,3266,b1,
технически,adv,3267,B1,
мечеть,n,3268,b1,
клоун,n,3269,B1,
тошнота,n,3270,B1,
шашлык,n,3271,B1,
чинить,v,3272,B1,
йога,n,3273,b1,
вдох,n,3274,B1,
лаять,v,3275,B1,
этикетка,n,3276,B1,
вдыхать,v,3277,B1,
понижение,n,3278,b1,
голодать,v,3279,b1,
избрание,n,3280,B1,
чей-то,pron,3281,B1,
восьмерка,n,3282,B1,
застраховать,v,3283,b1,
выбегать,v,3284,B1,
избирать,v,3285,B1,
вытягивать,v,3286,b1,
наименьший,adj,3287,b1,
пластик,n,3288,B1,
влюбляться,v,3289,B1,
свекровь,n,3290,b1,
рабочий день,mwe,3291,B1,
наклоняться,v,3292,B1,
клип,n,3293,B1,
буддизм,n,3294,b1,
взрываться,v,3295,B1,
экстренный,adj,3296,B1,
квитанция,n,3297,B1,
произношение,n,3298,b1,
тошнить,v,3299,B1,
цыпленок,n,3300,b1,
успокаиваться,v,3301,B1,
авиакомпания,n,3302,B1,
гардероб,n,3303,b1,
тренировать,v,3304,B1,
ножницы,n,3305,B1,
профилактический,adj,3306,B1,
котлета,n,3307,B1,
разговорный,adj,3308,B1,
смешивать,v,3309,B1,
расслабляться,v,3310,B1,
шестерка,n,3311,B1,
терпеливый,adj,3312,b1,
ремонтировать,v,3313,B1,
голодовка,n,3314,B1,
средства массовой информации,mwe,3315,B1,
сигнализация,n,3316,B1,
транзит,n,3317,B1,
надоедать,v,3318,B1,
тесть,n,3319,b1,
удовлетворительный,adj,3320,B1,
стирка,n,3321,b1,
продление,n,3322,B1,
разворачивать,v,3323,B1,
наушники,n,3324,B1,
невестка,n,3325,B1,
онлайн,adj,3326,B1,
практиковаться,v,3327,B1,
антибиотик,n,3328,B1,
гигиена,n,3329,B1,
выдох,n,3330,B1,
стричь,v,3331,B1,
парикмахер,n,3332,B1,
разбиваться,v,3333,B1,
семестр,n,3334,B1,
парковка,n,3335,b1,
гасить,v,3336,B1,
гостеприимство,n,3337,B1,
завязывать,v,3338,B1,
взрывать,v,3339,B1,
советоваться,v,3340,B1,
расставлять,v,3341,B1,
дружелюбный,adj,3342,B1,
стрижка,n,3343,B1,
иудаизм,n,3344,b1,
стюардесса,n,3345,B1,
бабки,n,3346,B1,
испортиться,v,3347,B1,
ухудшаться,v,3348,B1,
ударять,v,3349,B1,
дождливый,adj,3350,B1,
отключать,v,3351,B1,
неисправность,n,3352,B1,
нюхать,v,3353,B1,
угадывать,v,3354,B1,
дробь,n,3355,b1,
кровотечение,n,3356,B1,
гостеприимный,adj,3357,B1,
общительный,adj,3358,B1,
простуда,n,3359,B1,
семеро,num,3360,B1,
творог,n,3361,b1,
аплодировать,v,3362,B1,
мерзнуть,v,3363,B1,
мерить,v,3364,B1,
мочить,v,3365,B1,
пресный,adj,3366,B1,
каток,n,3367,B1,
семерка,n,3368,B1,
трудолюбивый,adj,3369,B1,
сушить,v,3370,B1,
взвешивать,v,3371,B1,
гольф,n,3372,b1,
загорать,v,3373,B1,
в прямом эфире,mwe,3374,B1,
чудесно,adv,3375,B1,
персик,n,3376,B1,
вращать,v,3377,B1,
девятка,n,3378,B1,
квас,n,3379,B1,
закуривать,v,3380,B1,
награждать,v,3381,B1,
черновик,n,3382,B1,
вратарь,n,3383,b1,
подготавливать,v,3384,B1,
потеть,v,3385,b1,
юзер,n,3386,b1,
программировать,v,3387,b1,
прикреплять,v,3388,B1,
передвигать,v,3389,B1,
бодрствовать,v,3390,B1,
автоответчик,n,3391,B1,
простудиться,v,3392,B1,
позапрошлый,adj,3393,b1,
заговаривать,v,3394,b1,
логин,n,3395,B1,
увольнять,v,3396,B1,
ясли,n,3397,B1,
осадки,n,3398,B1,
взрослеть,v,3399,B1,
страховать,v,3400,b1,
тюбик,n,3401,B1,
аллергический,adj,3402,B1,
клеить,v,3403,B1,
гомосексуальный,adj,3404,B1,
выздоравливать,v,3405,B1,
бюстгальтер,n,3406,B1,
продлевать,v,3407,B1,
боулинг,n,3408,B1,
консультировать,v,3409,B1,
выдыхать,v,3410,B1,
застежка,n,3411,B1,
смайлик,n,3412,B1,
прописывать,v,3413,B1,
аккаунт,n,3414,B1,
дорожать,v,3415,B1,
приправа,n,3416,B1,
консультироваться,v,3417,B1,
чипсы,n,3418,B1,
прачечная,n,3419,B1,
горчица,n,3420,b1,
экономный,adj,3421,B1,
проглатывать,v,3422,B1,
викторина,n,3423,B1,
развязывать,v,3424,B1,
починка,n,3425,B1,
скачивать,v,3426,B1,
развешивать,v,3427,B1,
безналичный,adj,3428,B1,
бензоколонка,n,3429,B1,
ракетка,n,3430,B1,
коллекционировать,v,3431,B1,
кипятить,v,3432,B1,
пиксел,N,3433,B1,
подвинуться,v,3434,B1,
сгибать,v,3435,B1,
абонемент,n,3436,B1,
вычеркивать,v,3437,B1,
сноуборд,n,3438,B1,
плательщик,n,3439,B1,
бронировать,v,3440,B1,
правописание,n,3441,B1,
веб,n,3442,B1,
расистский,adj,3443,B1,
извинять,v,3444,B1,
осязание,n,3445,B1,
детсад,n,3446,B1,
бронирование,n,3447,B1,
выпрямляться,v,3448,b1,
пенальти,n,3449,b1,
зубрить,v,3450,B1,
обменивать,v,3451,B1,
наставать,v,3452,B1,
мопед,n,3453,B1,
прибивать,v,3454,B1,
компакт-диск,n,3455,B1,
видеоклип,n,3456,B1,
отсутствующий,adj,3457,b1,
черешня,n,3458,B1,
вничью,adv,3459,b1,
испорченный,adj,3460,B1,
одалживать,v,3461,B1,
размешивать,v,3462,B1,
лесбийский,adj,3463,B1,
перекусывать,v,3464,B1,
дешеветь,v,3465,B1,
остужать,v,3466,b1,
блоггер,n,3467,B1,
чей-нибудь,pron,3468,B1,
разменивать,v,3469,B1,
аудирование,n,3470,b1,
притяжательный,adj,3471,B1,
флешка,n,3472,B1,
воспаляться,v,3473,B1,
автоинспектор,n,3474,B1,
скейтборд,n,3475,B1,
авторизоваться,v,3476,b1,
свекр,n,3477,b1,
удочерять,v,3478,B1,
телевикторина,n,3479,B1,
проживающий,adj,3480,b1,
коньки,n,3481,b1,
апартаменты,n,3482,B1,
автозаправочная станция,mwe,3483,B1,
арендная плата,mwe,3484,B1,
брать напрокат,mwe,3485,B1,
веб-кошелек,n,3486,B1,
веб-сайт,n,3487,B1,
веб-страница,n,3488,B1,
вести себя,mwe,3489,B1,
визитная карточка,mwe,3490,B1,
все время,mwe,3491,b1,
все равно,mwe,3492,B1,
выпуск новостей,mwe,3493,B1,
высокая температура,mwe,3494,B1,
высшее образование,mwe,3495,B1,
высшее учебное заведение,mwe,3496,B1,
выходные,n,3497,b1,
глава семьи,mwe,3498,B1,
горные лыжи,mwe,3499,b1,
грудной ребенок,mwe,3500,B1,
делать замечание,mwe,3501,B1,
детская площадка,mwe,3502,B1,
домашнее хозяйство,mwe,3503,B1,
домашний кинотеатр,mwe,3504,B1,
домашняя хозяйка,mwe,3505,B1,
доска объявлений,mwe,3506,B1,
е-мэйл,n,3507,B1,
ездить на велосипеде,mwe,3508,B1,
жевательная резинка,mwe,3509,B1,
забивать гол,mwe,3510,B1,
зарабатывать деньги,mwe,3511,B1,
заработная плата,mwe,3512,B1,
знак препинания,mwe,3513,B1,
зубной врач,mwe,3514,B1,
и ... и,con,3515,b1,
иисус христос,n prop,3516,B1,
или ... или,v,3517,b1,
иметь право,mwe,3518,B1,
интернет-кафе,n,3519,B1,
интернет-страница,n,3520,B1,
испытывать боль,mwe,3521,B1,
испытывать жажду,mwe,3522,B1,
испытывать стресс,mwe,3523,B1,
карта памяти,mwe,3524,B1,
клеящая лента,mwe,3525,B1,
компьютерная мышь,mwe,3526,B1,
марс,n prop,3527,B1,
налоговая декларация,mwe,3528,B1,
не хватать,v,3529,B1,
несчастный случай,mwe,3530,B1,
НТВ,n prop,3531,B1,
одна вторая,num,3532,B1,
одна третья,mwe,3533,B1,
папа римский,mwe,3534,B1,
повышение цен,mwe,3535,b1,
подавать заявление,mwe,3536,B1,
подоходный налог,mwe,3537,B1,
подходить к телефону,mwe,3538,B1,
пожимать руку,mwe,3539,B1,
потерять работу,mwe,3540,B1,
приводить в порядок,mwe,3541,B1,
принимать на работу,mwe,3542,B1,
прогноз погоды,mwe,3543,B1,
произведение искусства,mwe,3544,B1,
рабочее время,mwe,3545,B1,
рабочее место,mwe,3546,B1,
с уважением,mwe,3547,B1,
сдавать в аренду,mwe,3548,B1,
словарный запас,mwe,3549,B1,
служба занятости,mwe,3550,B1,
СНГ,abbr,3551,B1,
солнечные очки,mwe,3552,B1,
спать с кем-либо,mwe,3553,B1,
специи,n,3554,B1,
ставить печать,mwe,3555,B1,
съемная квартира,mwe,3556,B1,
то есть,mwe,3557,B1,
тот же,adj,3558,B1,
трудовая книжка,mwe,3559,B1,
экологически чистый,mwe,3560,B1,
ну,particle,3561,B2,
более,adv,3562,B2,
ничто,pron,3563,B2,
также,adv,3564,B2,
система,n,3565,B2,
лишь,particle,3566,B2,
образ,n,3567,B2,
вообще,adv,3568,B2,
возможность,n,3569,B2,
некоторый,pron,3570,B2,
казаться,v,3571,B2,
никакой,pron,3572,B2,
подобный,adj,3573,B2,
процесс,n,3574,B2,
собственный,adj,3575,B2,
всякий,pron,3576,B2,
область,n,3577,B2,
снова,adv,3578,b2,
организация,n,3579,B2,
средство,N,3580,B2,
существовать,v,3581,B2,
душа,n,3582,B2,
пытаться,v,3583,B2,
общество,n,3584,B2,
совершенно,adv,3585,B2,
состояние,n,3586,B2,
смысл,n,3587,b2,
мера,n,3588,b2,
затем,adv,3589,B2,
действительно,adv,3590,B2,
данный,pron,3591,B2,
проект,n,3592,B2,
деятельность,n,3593,B2,
задача,n,3594,B2,
слишком,adv,3595,b2,
мнение,n,3596,B2,
положение,n,3597,B2,
а также,mwe,3598,B2,
управление,n,3599,B2,
данные,n,3600,B2,
вполне,adv,3601,B2,
вполне,det,3602,B2,
будто,particle,3603,b2,
рабочий,n,3604,B2,
различный,adj,3605,b2,
либо,con,3606,B2,
менее,adv,3607,B2,
пусть,particle,3608,b2,
глава,n,3609,B2,
суд,n,3610,B2,
возможно,adv,3611,B2,
обычно,adv,3612,B2,
принцип,n,3613,B2,
позволять,v,3614,B2,
кстати,adv,3615,B2,
требовать,v,3616,B2,
далее,adv,3617,B2,
основа,n,3618,B2,
возможный,adj,3619,B2,
факт,n,3620,B2,
собираться,v,3621,b2,
определенный,adj,3622,B2,
довольно,adv,3623,B2,
производство,N,3624,B2,
создание,n,3625,B2,
особый,adj,3626,B2,
предприятие,n,3627,B2,
ход,n,3628,B2,
местный,adj,3629,B2,
поле,n,3630,B2,
исследование,n,3631,B2,
общественный,adj,3632,B2,
метод,n,3633,B2,
повод,n,3634,B2,
служба,n,3635,B2,
приходиться,v,3636,B2,
все-таки,particle,3637,B2,
использование,n,3638,B2,
орган,n,3639,B2,
реальный,adj,3640,B2,
наиболее,adv,3641,b2,
крупный,adj,3642,b2,
объект,n,3643,B2,
касаться,v,3644,B2,
отдельный,adj,3645,B2,
представитель,n,3646,B2,
срок,n,3647,B2,
сеть,n,3648,B2,
серьезный,adj,3649,B2,
иначе,adv,3650,B2,
территория,n,3651,B2,
вариант,n,3652,B2,
действовать,v,3653,B2,
способный,adj,3654,B2,
полностью,adv,3655,B2,
модель,n,3656,B2,
сознание,n,3657,B2,
состоять,v,3658,B2,
технология,n,3659,B2,
внешний,adj,3660,B2,
сотрудник,n,3661,B2,
бой,n,3662,B2,
войско,n,3663,B2,
структура,n,3664,B2,
несмотря,adv,3665,B2,
защита,n,3666,B2,
край,n,3667,B2,
состав,n,3668,b2,
понятие,n,3669,B2,
поддержка,n,3670,B2,
услуга,n,3671,B2,
роман,n,3672,B2,
возникать,v,3673,B2,
оказываться,v,3674,b2,
теория,n,3675,B2,
руководитель,n,3676,B2,
гораздо,adv,3677,B2,
камень,n,3678,B2,
анализ,n,3679,B2,
попытка,n,3680,B2,
комментарий,n,3681,B2,
база,n,3682,B2,
необходимость,n,3683,B2,
появляться,v,3684,B2,
конкретный,adj,3685,B2,
требование,n,3686,B2,
в качестве,mwe,3687,B2,
функция,n,3688,B2,
основание,n,3689,B2,
противник,n,3690,B2,
впечатление,n,3691,B2,
руководство,n,3692,b2,
воля,n,3693,B2,
боевой,adj,3694,B2,
режим,n,3695,B2,
очередной,adj,3696,B2,
личность,n,3697,B2,
физический,adj,3698,B2,
итог,n,3699,B2,
предел,n,3700,B2,
элемент,n,3701,B2,
естественно,adv,3702,B2,
впервые,adv,3703,b2,
множество,n,3704,B2,
насколько,adv,3705,B2,
едва,adv,3706,B2,
малый,adj,3707,B2,
исторический,adj,3708,B2,
соответствующий,ADJ,3709,B2,
существо,n,3710,B2,
абсолютно,adv,3711,B2,
обладать,v,3712,B2,
рамка,n,3713,B2,
многое,pron,3714,B2,
частный,adj,3715,B2,
многие,pron,3716,b2,
продажа,n,3717,b2,
святой,n,3718,B2,
финансовый,adj,3719,B2,
ссср,n prop,3720,B2,
фонд,n,3721,B2,
наблюдать,v,3722,B2,
золотой,adj,3723,B2,
до сих пор,mwe,3724,B2,
министр,n,3725,B2,
целое,n,3726,B2,
дополнительный,adj,3727,B2,
судить,v,3728,B2,
завод,n,3729,B2,
на самом деле,mwe,3730,B2,
прием,n,3731,B2,
федерация,n,3732,B2,
особенность,n,3733,B2,
понимание,n,3734,b2,
подход,n,3735,B2,
занимать,v,3736,B2,
стремиться,v,3737,B2,
поддерживать,v,3738,B2,
значительный,adj,3739,B2,
соответствие,n,3740,B2,
офицер,n,3741,B2,
революция,n,3742,B2,
вскоре,adv,3743,B2,
фронт,n,3744,B2,
информационный,adj,3745,B2,
этап,n,3746,B2,
ладно,particle,3747,b2,
стиль,n,3748,B2,
норма,n,3749,B2,
ценность,n,3750,B2,
определение,n,3751,B2,
работник,n,3752,B2,
мимо,adv,3753,b2,
доход,n,3754,B2,
разработка,n,3755,B2,
волна,n,3756,B2,
усилие,n,3757,B2,
рассматривать,v,3758,B2,
фактор,n,3759,B2,
сравнение,n,3760,B2,
гражданский,adj,3761,B2,
наоборот,adv,3762,B2,
проведение,n,3763,B2,
выполнять,v,3764,b2,
использоваться,v,3765,B2,
слава,n,3766,B2,
черт,n,3767,B2,
невозможный,adj,3768,B2,
естественный,adj,3769,B2,
массовый,adj,3770,B2,
наличие,n,3771,B2,
сомнение,n,3772,B2,
участок,n,3773,B2,
соответствовать,v,3774,B2,
продукция,n,3775,B2,
применение,n,3776,B2,
царь,n,3777,B2,
поток,n,3778,B2,
двое,num,3779,B2,
редакция,n,3780,B2,
толпа,n,3781,B2,
поколение,n,3782,B2,
реакция,n,3783,B2,
вероятно,adv,3784,b2,
механизм,n,3785,B2,
сквозь,adpos,3786,B2,
жертва,n,3787,B2,
достижение,n,3788,B2,
определять,v,3789,b2,
доля,n,3790,B2,
прежний,adj,3791,B2,
зависимость,n,3792,b2,
собрание,n,3793,B2,
помещение,n,3794,B2,
нарушение,n,3795,B2,
ужас,n,3796,B2,
содержать,v,3797,B2,
комитет,n,3798,B2,
след,n,3799,B2,
собственность,n,3800,B2,
реальность,n,3801,B2,
потеря,n,3802,B2,
традиционный,adj,3803,b2,
в результате,mwe,3804,B2,
комплекс,n,3805,B2,
зона,n,3806,B2,
появление,n,3807,B2,
издание,n,3808,B2,
резко,adv,3809,b2,
поговорить,v,3810,B2,
нечего,adv,3811,B2,
бюджет,n,3812,B2,
учет,n,3813,B2,
честь,n,3814,B2,
замечательный,adj,3815,B2,
долг,n,3816,B2,
храм,n,3817,B2,
предполагать,v,3818,B2,
приказ,n,3819,B2,
категория,n,3820,B2,
эффект,n,3821,B2,
риск,n,3822,B2,
капитал,N,3823,B2,
схема,n,3824,B2,
возле,adpos,3825,b2,
опубликовать,v,3826,B2,
аппарат,n,3827,B2,
чудо,n,3828,B2,
заключаться,v,3829,B2,
министерство,n,3830,B2,
штат,n,3831,B2,
железный,adj,3832,B2,
конфликт,n,3833,B2,
расчет,n,3834,B2,
преступление,n,3835,B2,
выпуск,n,3836,B2,
литературный,adj,3837,B2,
ссылка,n,3838,B2,
последствие,n,3839,B2,
изображение,n,3840,b2,
фон,n,3841,B2,
материальный,adj,3842,B2,
деталь,n,3843,B2,
заключение,n,3844,B2,
корпус,n,3845,B2,
следить,v,3846,B2,
заседание,n,3847,B2,
отделение,n,3848,B2,
конференция,n,3849,B2,
угроза,n,3850,B2,
обеспечивать,V,3851,B2,
заставлять,v,3852,B2,
в целом,adv,3853,B2,
отряд,n,3854,B2,
скажем,adv,3855,B2,
дед,n,3856,b2,
беседа,n,3857,B2,
контакт,n,3858,B2,
истинный,adj,3859,B2,
неужели,particle,3860,B2,
ресурс,n,3861,B2,
поверхность,n,3862,B2,
свойство,n,3863,B2,
вечный,adj,3864,B2,
установка,n,3865,B2,
случайно,adv,3866,b2,
лишний,adj,3867,B2,
связанный,adj,3868,B2,
реформа,n,3869,B2,
расход,n,3870,B2,
отечественный,adj,3871,B2,
владелец,n,3872,B2,
оборудование,n,3873,B2,
беда,n,3874,B2,
должно,adv,3875,B2,
крик,n,3876,B2,
показатель,n,3877,B2,
развиваться,v,3878,B2,
формирование,n,3879,B2,
сигнал,n,3880,B2,
исходить,v,3881,B2,
воздействие,n,3882,B2,
слегка,adv,3883,B2,
учитывать,v,3884,B2,
набор,n,3885,B2,
меняться,v,3886,b2,
по крайней мере,mwe,3887,B2,
ранее,adv,3888,B2,
шанс,n,3889,B2,
вне,adpos,3890,B2,
давление,n,3891,B2,
потребитель,n,3892,B2,
религиозный,adj,3893,B2,
процедура,n,3894,B2,
исключительно,adv,3895,B2,
философия,n,3896,B2,
жизненный,adj,3897,B2,
многочисленный,adj,3898,B2,
блок,n,3899,B2,
чиновник,n,3900,B2,
концепция,n,3901,B2,
разум,n,3902,B2,
в частности,adv,3903,B2,
благо,n,3904,B2,
должность,n,3905,B2,
в рамках,mwe,3906,B2,
судья,n,3907,B2,
за счет,mwe,3908,B2,
законодательство,n,3909,B2,
публикация,n,3910,B2,
логика,n,3911,B2,
проводиться,v,3912,B2,
следствие,n,3913,B2,
конечный,adj,3914,B2,
ворота,n,3915,B2,
прибыль,n,3916,B2,
флот,n,3917,B2,
религия,n,3918,B2,
божий,adj,3919,B2,
характерный,adj,3920,B2,
запас,n,3921,B2,
исполнение,n,3922,B2,
редактор,n,3923,B2,
тон,n,3924,B2,
оборона,n,3925,B2,
заместитель,n,3926,B2,
кризис,n,3927,B2,
делаться,v,3928,B2,
термин,n,3929,B2,
вряд ли,mwe,3930,B2,
принятие,n,3931,B2,
эксперт,n,3932,B2,
характеристика,n,3933,B2,
попадать,v,3934,b2,
совместный,adj,3935,B2,
следовательно,adv,3936,B2,
индивидуальный,adj,3937,B2,
дыхание,n,3938,B2,
эксперимент,n,3939,B2,
региональный,adj,3940,B2,
пища,n,3941,B2,
переговоры,n,3942,B2,
ограничение,n,3943,B2,
сюжет,n,3944,B2,
грех,n,3945,B2,
производитель,n,3946,B2,
атака,n,3947,B2,
клетка,n,3948,B2,
кандидат,n,3949,B2,
символ,n,3950,B2,
практический,adj,3951,B2,
нуждаться,v,3952,B2,
слой,n,3953,B2,
назначение,n,3954,B2,
смена,n,3955,B2,
видный,adj,3956,b2,
тюрьма,n,3957,B2,
наблюдение,n,3958,B2,
психологический,adj,3959,B2,
фактически,adv,3960,B2,
преимущество,n,3961,B2,
соглашение,n,3962,B2,
доступный,adj,3963,b2,
предстоять,v,3964,B2,
куча,n,3965,B2,
существенный,adj,3966,B2,
взаимодействие,n,3967,B2,
империя,n,3968,B2,
православный,n,3969,B2,
отрасль,n,3970,B2,
труба,n,3971,B2,
воспользоваться,v,3972,B2,
отчет,n,3973,B2,
удаваться,v,3974,B2,
страсть,n,3975,B2,
цивилизация,n,3976,B2,
ставка,n,3977,B2,
вина,N,3978,B2,
взрыв,n,3979,B2,
демократия,n,3980,B2,
особо,adv,3981,B2,
молча,adv,3982,B2,
отказ,n,3983,B2,
забота,n,3984,B2,
судебный,adj,3985,B2,
безусловно,adv,3986,B2,
довольный,adj,3987,B2,
нефть,N,3988,B2,
последующий,adj,3989,B2,
мышление,n,3990,B2,
рассчитывать,v,3991,B2,
вещество,n,3992,B2,
навсегда,adv,3993,B2,
коллектив,n,3994,B2,
в соответствии с,mwe,3995,B2,
земной,adj,3996,B2,
оказывать,v,3997,B2,
вон,particle,3998,b2,
половой,adj,3999,B2,
кампания,n,4000,B2,
утверждение,n,4001,b2,
село,n,4002,B2,
космический,adj,4003,B2,
палата,n,4004,B2,
эффективность,n,4005,B2,
приложение,n,4006,b2,
резкий,adj,4007,B2,
лев,n,4008,B2,
спрос,n,4009,B2,
учение,n,4010,B2,
трое,num,4011,B2,
восприятие,n,4012,B2,
доказательство,n,4013,B2,
деловой,adj,4014,B2,
величина,n,4015,B2,
обязательный,adj,4016,b2,
найтись,v,4017,B2,
сельский,adj,4018,B2,
строй,n,4019,B2,
достигать,v,4020,B2,
защищать,v,4021,B2,
воспринимать,v,4022,b2,
предпочитать,v,4023,B2,
в конце концов,mwe,4024,B2,
имущество,n,4025,B2,
серьезно,adv,4026,B2,
остальное,n,4027,B2,
строгий,adj,4028,B2,
противоположный,adj,4029,B2,
ядерный,adj,4030,B2,
порог,n,4031,B2,
окончательно,adv,4032,B2,
сектор,n,4033,B2,
луч,n,4034,B2,
подробность,n,4035,B2,
окружающий,adj,4036,B2,
совершать,v,4037,B2,
уникальный,adj,4038,B2,
тем не менее,adv,4039,B2,
пресса,n,4040,B2,
испытание,n,4041,B2,
воздушный,adj,4042,B2,
уголовный,adj,4043,B2,
свидетель,n,4044,B2,
ощущать,v,4045,B2,
каменный,adj,4046,B2,
цикл,n,4047,B2,
еврейский,adj,4048,B2,
разумный,adj,4049,B2,
инвестиция,n,4050,B2,
золото,n,4051,B2,
успешный,adj,4052,B2,
немало,adv,4053,B2,
цитата,n,4054,B2,
полоса,n,4055,B2,
рейтинг,n,4056,B2,
указание,n,4057,B2,
владеть,v,4058,B2,
том,n,4059,b2,
спорить,v,4060,B2,
случайный,adj,4061,B2,
архив,n,4062,B2,
осуществлять,v,4063,B2,
нация,n,4064,B2,
успешно,adv,4065,B2,
текущий,adj,4066,B2,
дневник,n,4067,B2,
влиять,v,4068,B2,
сделка,n,4069,B2,
аспект,n,4070,B2,
программный,adj,4071,B2,
секретарь,n,4072,B2,
распространение,n,4073,B2,
правовой,ADJ,4074,B2,
бесконечный,adj,4075,B2,
посетитель,n,4076,B2,
мгновение,n,4077,B2,
сохранение,n,4078,B2,
вселенная,n prop,4079,B2,
император,n,4080,B2,
намного,adv,4081,B2,
признание,n,4082,B2,
стадия,n,4083,B2,
инициатива,n,4084,B2,
масштаб,n,4085,B2,
снижение,n,4086,B2,
дым,n,4087,B2,
критика,n,4088,B2,
параметр,n,4089,B2,
вероятность,n,4090,B2,
рубеж,n,4091,B2,
интеллектуальный,adj,4092,B2,
агент,n,4093,B2,
критерий,n,4094,B2,
происхождение,n,4095,B2,
эфир,n,4096,B2,
абсолютный,adj,4097,B2,
семинар,n,4098,B2,
рекомендовать,v,4099,B2,
сервер,n,4100,B2,
молитва,n,4101,B2,
в силу,mwe,4102,B2,
сопротивление,n,4103,B2,
признавать,v,4104,B2,
намерение,n,4105,B2,
двигатель,n,4106,B2,
длительный,adj,4107,B2,
автомат,n,4108,B2,
голый,adj,4109,B2,
переживать,v,4110,B2,
труп,n,4111,B2,
священник,n,4112,b2,
наказание,n,4113,B2,
моральный,adj,4114,B2,
чрезвычайно,adv,4115,B2,
осуществляться,v,4116,B2,
совесть,n,4117,B2,
охота,n,4118,B2,
наркотик,n,4119,B2,
областной,adj,4120,B2,
поэзия,n,4121,B2,
премия,n,4122,B2,
рыночный,adj,4123,B2,
код,n,4124,B2,
жилье,n,4125,B2,
экипаж,n,4126,B2,
ассоциация,n,4127,B2,
предприниматель,n,4128,B2,
порт,n,4129,B2,
дочка,n,4130,b2,
ракета,n,4131,B2,
зря,adv,4132,B2,
свидетельство,n,4133,B2,
песок,n,4134,B2,
привычный,adj,4135,B2,
тщательно,adv,4136,B2,
ангел,n,4137,B2,
монастырь,n,4138,B2,
необычный,adj,4139,b2,
идеальный,adj,4140,B2,
оборот,n,4141,B2,
падение,n,4142,B2,
введение,n,4143,B2,
аргумент,N,4144,B2,
ткань,n,4145,B2,
склад,n,4146,B2,
запрос,n,4147,B2,
доверие,n,4148,B2,
формат,n,4149,B2,
существующий,adj,4150,B2,
уход,n,4151,B2,
пистолет,n,4152,B2,
горе,n,4153,B2,
к тому же,con,4154,B2,
понадобиться,v,4155,B2,
мотив,n,4156,B2,
тревога,n,4157,B2,
жестокий,adj,4158,B2,
крепко,adv,4159,b2,
административный,adj,4160,B2,
дрожать,v,4161,B2,
плод,n,4162,B2,
соединение,n,4163,B2,
впоследствии,adv,4164,B2,
в ходе,mwe,4165,B2,
прибор,n,4166,B2,
восторг,n,4167,B2,
точность,n,4168,B2,
превращаться,v,4169,B2,
персонал,n,4170,B2,
оценивать,v,4171,B2,
оператор,n,4172,B2,
развивать,V,4173,B2,
поселок,n,4174,B2,
кодекс,n,4175,B2,
аналогичный,adj,4176,B2,
исследователь,n,4177,B2,
исчезать,v,4178,B2,
препарат,n,4179,B2,
прежде чем,mwe,4180,B2,
конструкция,n,4181,B2,
самостоятельный,adj,4182,B2,
формула,n,4183,B2,
посадить,v,4184,B2,
кулак,n,4185,B2,
всеобщий,adj,4186,B2,
насилие,n,4187,B2,
исходный,adj,4188,B2,
обслуживание,n,4189,B2,
бригада,n,4190,B2,
вызов,n,4191,B2,
капля,n,4192,B2,
лаборатория,n,4193,B2,
гибель,n,4194,B2,
подозревать,v,4195,B2,
обязательство,n,4196,B2,
дар,n,4197,B2,
протокол,n,4198,B2,
рекомендация,n,4199,B2,
максимальный,adj,4200,B2,
минимальный,adj,4201,B2,
стандартный,adj,4202,B2,
высказывание,n,4203,b2,
ловить,v,4204,B2,
альбом,n,4205,B2,
надежный,adj,4206,B2,
коротко,adv,4207,b2,
страдание,n,4208,B2,
нередко,adv,4209,B2,
действующий,adj,4210,b2,
в принципе,mwe,4211,B2,
осуществление,n,4212,B2,
изделие,n,4213,B2,
космос,n,4214,B2,
привлекать,v,4215,B2,
нервный,adj,4216,B2,
могила,n,4217,B2,
приобретать,v,4218,B2,
заметный,adj,4219,B2,
почва,n,4220,B2,
груз,n,4221,B2,
пуля,n,4222,B2,
коммунист,n,4223,B2,
воображение,n,4224,B2,
грубый,adj,4225,B2,
проявлять,v,4226,B2,
глобальный,adj,4227,B2,
сборник,n,4228,B2,
методика,n,4229,B2,
окружать,v,4230,B2,
одиночество,n,4231,B2,
фантазия,n,4232,B2,
с трудом,mwe,4233,B2,
производственный,adj,4234,B2,
волк,n,4235,B2,
ущерб,n,4236,B2,
до тех пор,mwe,4237,B2,
отражать,v,4238,B2,
лезть,v,4239,B2,
выстрел,n,4240,B2,
столетие,n,4241,B2,
что именно,mwe,4242,B2,
ключевой,adj,4243,B2,
доверять,v,4244,B2,
костер,n,4245,B2,
независимо,adv,4246,B2,
жанр,n,4247,B2,
вступать,v,4248,B2,
философский,adj,4249,B2,
решаться,v,4250,B2,
трагедия,n,4251,B2,
можно сказать,mwe,4252,B2,
фестиваль,n,4253,B2,
ненависть,n,4254,B2,
холм,n,4255,B2,
частота,n,4256,B2,
копия,n,4257,B2,
удовлетворение,n,4258,B2,
узел,n,4259,B2,
психолог,n,4260,B2,
вред,n,4261,B2,
финансирование,n,4262,B2,
идеология,n,4263,B2,
командование,n,4264,B2,
создаваться,v,4265,B2,
убеждение,n,4266,B2,
скала,n,4267,B2,
обвинение,n,4268,B2,
в зависимости от,mwe,4269,B2,
превышать,v,4270,B2,
лента,n,4271,B2,
готовность,n,4272,B2,
исполнять,v,4273,B2,
нагрузка,n,4274,B2,
зарубежный,adj,4275,b2,
корреспондент,n,4276,b2,
спутник,n,4277,B2,
цепь,n,4278,B2,
идеал,n,4279,B2,
эпизод,N,4280,B2,
визит,n,4281,B2,
сетевой,adj,4282,B2,
орден,n,4283,B2,
конкуренция,n,4284,B2,
колонна,n,4285,B2,
собор,n,4286,B2,
глупость,n,4287,B2,
подтверждать,v,4288,B2,
распределение,n,4289,B2,
отправляться,v,4290,B2,
любитель,n,4291,B2,
как только,mwe,4292,B2,
приличный,adj,4293,B2,
содержаться,v,4294,B2,
обзор,n,4295,B2,
претензия,n,4296,B2,
нападение,n,4297,B2,
тоска,n,4298,B2,
восстановление,n,4299,B2,
инвестор,n,4300,B2,
разработчик,n,4301,B2,
возникновение,n,4302,B2,
единство,n,4303,B2,
мощность,n,4304,B2,
статистика,n,4305,B2,
повести,v,4306,B2,
убийца,n,4307,B2,
заявлять,v,4308,B2,
местность,N,4309,B2,
экспедиция,n,4310,B2,
прогресс,n,4311,B2,
цитировать,v,4312,B2,
квадратный,adj,4313,B2,
выгодный,adj,4314,B2,
начальный,adj,4315,B2,
аэродром,n,4316,B2,
делиться,v,4317,b2,
допускать,v,4318,B2,
реагировать,v,4319,B2,
союзник,n,4320,B2,
дисциплина,n,4321,B2,
миф,n,4322,B2,
свободно,adv,4323,B2,
в свою очередь,mwe,4324,B2,
конкурент,n,4325,B2,
четкий,adv,4326,B2,
потребление,n,4327,B2,
прозрачный,adj,4328,B2,
настаивать,v,4329,B2,
освобождение,n,4330,B2,
инвестиционный,adj,4331,B2,
густой,adj,4332,B2,
авторитет,n,4333,B2,
отражение,n,4334,B2,
измерение,n,4335,B2,
небесный,adj,4336,B2,
с другой стороны,mwe,4337,B2,
предварительный,adj,4338,B2,
искренне,adv,4339,B2,
заботиться,v,4340,B2,
молиться,v,4341,B2,
компонент,n,4342,B2,
гордость,n,4343,B2,
русь,n prop,4344,B2,
доказывать,v,4345,B2,
наблюдаться,v,4346,B2,
глухой,adj,4347,B2,
металл,n,4348,B2,
сопровождать,v,4349,B2,
пребывание,n,4350,b2,
теоретический,adj,4351,B2,
ложь,n,4352,B2,
к примеру,mwe,4353,B2,
процессор,n,4354,B2,
профиль,N,4355,B2,
квартал,n,4356,B2,
эксплуатация,n,4357,B2,
окончательный,adj,4358,B2,
подъем,n,4359,B2,
металлический,adj,4360,B2,
удачный,adj,4361,B2,
критический,adj,4362,B2,
руль,n,4363,B2,
дважды,adv,4364,B2,
негативный,adj,4365,B2,
свеча,n,4366,B2,
собеседник,n,4367,B2,
супруг,n,4368,b2,
тонна,n,4369,B2,
горизонт,n,4370,B2,
эволюция,n,4371,B2,
типичный,adj,4372,B2,
пустыня,n,4373,B2,
оригинальный,adj,4374,B2,
съезд,n,4375,B2,
позади,adv,4376,B2,
принц,n,4377,B2,
приобретение,n,4378,B2,
график,n,4379,B2,
философ,n,4380,B2,
сдавать,v,4381,B2,
гнев,n,4382,B2,
слабость,n,4383,B2,
целиком,adv,4384,B2,
крепость,n,4385,B2,
а именно,adv,4386,B2,
церковный,adj,4387,B2,
разделять,v,4388,B2,
разбираться,v,4389,B2,
более чем,mwe,4390,B2,
ствол,n,4391,B2,
долина,n,4392,B2,
забор,n,4393,B2,
суровый,adj,4394,B2,
невероятный,adj,4395,B2,
благодарность,n,4396,b2,
мгновенно,adv,4397,B2,
пугать,v,4398,B2,
отчаяние,n,4399,B2,
некогда,adv,4400,B2,
награда,n,4401,B2,
противный,adj,4402,B2,
ярко,adv,4403,B2,
изменять,v,4404,B2,
преследовать,v,4405,B2,
ступень,n,4406,B2,
взаимный,adj,4407,B2,
легенда,n,4408,B2,
оппозиция,n,4409,B2,
установление,n,4410,B2,
посещать,v,4411,B2,
орать,v,4412,B2,
демонстрировать,v,4413,B2,
предположение,n,4414,B2,
хранение,n,4415,B2,
благородный,adj,4416,B2,
грозить,v,4417,B2,
издательство,n,4418,B2,
неудача,n,4419,B2,
муниципальный,adj,4420,B2,
сумасшедший,adj,4421,B2,
мудрость,n,4422,B2,
мрачный,adj,4423,B2,
ядро,n,4424,B2,
виртуальный,adj,4425,B2,
историк,n,4426,B2,
тянуться,v,4427,B2,
предок,n,4428,B2,
доставаться,V,4429,B2,
расположение,n,4430,B2,
базовый,adj,4431,B2,
гигантский,adj,4432,B2,
кафедра,n,4433,B2,
дурной,adj,4434,B2,
на этот раз,mwe,4435,B2,
вследствие,adpos,4436,B2,
технологический,adj,4437,B2,
лапа,n,4438,B2,
поза,n,4439,B2,
старинный,adj,4440,B2,
волнение,n,4441,B2,
руководить,v,4442,B2,
психический,adj,4443,B2,
нравственный,adj,4444,B2,
поставка,n,4445,B2,
размышление,n,4446,B2,
в данном случае,mwe,4447,B2,
архитектура,n,4448,B2,
связывать,v,4449,B2,
химический,adj,4450,B2,
обычай,n,4451,B2,
материя,n,4452,B2,
актуальный,adj,4453,B2,
ветеран,n,4454,B2,
разрыв,n,4455,B2,
жилой,adj,4456,B2,
лицензия,n,4457,B2,
замена,n,4458,B2,
задумываться,v,4459,B2,
пустота,n,4460,b2,
ад,n,4461,B2,
образовательный,adj,4462,B2,
комментировать,v,4463,B2,
рисковать,v,4464,B2,
рассуждать,v,4465,B2,
божественный,adj,4466,B2,
твердо,adv,4467,B2,
банковский,adj,4468,B2,
страховой,adj,4469,B2,
уничтожение,n,4470,B2,
устойчивый,adj,4471,B2,
дизайн,n,4472,B2,
пострадать,v,4473,B2,
приговор,n,4474,B2,
гарантировать,v,4475,B2,
расследование,n,4476,B2,
соотношение,n,4477,B2,
проза,n,4478,B2,
располагаться,v,4479,B2,
поправка,n,4480,B2,
логический,adj,4481,B2,
совпадать,v,4482,B2,
мышца,n,4483,B2,
изображать,v,4484,B2,
набирать,v,4485,B2,
укрепление,n,4486,B2,
фабрика,n,4487,B2,
исследовать,v,4488,B2,
направлять,v,4489,B2,
слепой,adj,4490,B2,
пещера,n,4491,B2,
всемирный,adj,4492,B2,
препятствие,n,4493,B2,
волшебный,adj,4494,B2,
с одной стороны,mwe,4495,B2,
фонарь,n,4496,B2,
подтверждение,n,4497,B2,
производиться,v,4498,B2,
указанный,adj,4499,B2,
департамент,n,4500,B2,
элита,n,4501,B2,
пособие,N,4502,B2,
любопытный,adj,4503,B2,
покидать,v,4504,B2,
коммунистический,adj,4505,B2,
пускать,v,4506,B2,
послание,n,4507,B2,
выражаться,v,4508,B2,
подряд,adv,4509,B2,
хозяйственный,adj,4510,B2,
избегать,v,4511,B2,
любопытство,n,4512,B2,
предполагаться,v,4513,B2,
завершение,n,4514,B2,
нерв,n,4515,B2,
пилот,n,4516,B2,
отзыв,n,4517,B2,
иллюзия,n,4518,B2,
гений,n,4519,B2,
невидимый,adj,4520,B2,
сплошной,adj,4521,B2,
академик,n,4522,B2,
роды,n,4523,B2,
социалистический,adj,4524,B2,
угрожать,v,4525,B2,
кругом,adv,4526,B2,
протест,n,4527,B2,
ограниченный,adj,4528,B2,
выносить,v,4529,B2,
развитый,adj,4530,B2,
тяжесть,n,4531,B2,
во главе,mwe,4532,B2,
бюджетный,adj,4533,B2,
выгода,n,4534,B2,
запрет,n,4535,b2,
уголок,n,4536,B2,
максимум,n,4537,B2,
добиваться,v,4538,B2,
гроб,n,4539,B2,
повышенный,adj,4540,B2,
напечатать,v,4541,B2,
заявка,n,4542,b2,
внедрение,n,4543,B2,
врать,v,4544,B2,
кабина,n,4545,B2,
системный,adj,4546,B2,
критик,n,4547,B2,
служебный,adj,4548,B2,
проговорить,v,4549,B2,
носитель,n,4550,B2,
отчасти,adv,4551,B2,
общественность,n,4552,B2,
численность,n,4553,B2,
кладбище,n,4554,B2,
в настоящее время,mwe,4555,B2,
эхо,n,4556,B2,
икона,n,4557,B2,
последовательность,n,4558,B2,
показание,n,4559,B2,
училище,n,4560,B2,
подводить,v,4561,B2,
пес,n,4562,B2,
инвалид,n,4563,B2,
распространяться,v,4564,B2,
баланс,n,4565,B2,
подозрение,n,4566,B2,
универсальный,adj,4567,B2,
морда,n,4568,B2,
размышлять,v,4569,B2,
постановка,n,4570,B2,
внимательный,adj,4571,b2,
сражение,n,4572,B2,
фрагмент,n,4573,B2,
ценить,v,4574,B2,
подвал,n,4575,B2,
ложный,adj,4576,b2,
привлекательный,adj,4577,B2,
атомный,adj,4578,B2,
заслуживать,v,4579,B2,
разрушение,n,4580,B2,
хор,n,4581,B2,
социализм,n,4582,B2,
атаковать,v,4583,B2,
шеф,n,4584,B2,
секретный,adj,4585,B2,
посещение,n,4586,B2,
продаваться,v,4587,b2,
направляться,v,4588,B2,
на фоне,mwe,4589,B2,
выдающийся,adj,4590,B2,
рай,n prop,4591,B2,
обещание,n,4592,B2,
равновесие,n,4593,B2,
следователь,n,4594,B2,
нить,n,4595,B2,
быт,n,4596,B2,
планирование,n,4597,B2,
за исключением,prep,4598,B2,
бизнесмен,n,4599,B2,
частично,adv,4600,B2,
библия,n,4601,B2,
производительность,n,4602,B2,
настройка,n,4603,b2,
ветвь,n,4604,B2,
неоднократно,adv,4605,B2,
жуткий,adj,4606,B2,
бросаться,v,4607,B2,
придерживаться,v,4608,B2,
районный,adj,4609,B2,
вражеский,adj,4610,B2,
в основном,adv,4611,B2,
рак,n,4612,B2,
таинственный,adj,4613,B2,
коллективный,adj,4614,B2,
биологический,adj,4615,B2,
признаваться,v,4616,B2,
вступление,n,4617,B2,
порода,n,4618,B2,
в пределах,mwe,4619,B2,
либеральный,adj,4620,B2,
отрезать,v,4621,B2,
обширный,adj,4622,B2,
подлежать,v,4623,B2,
идиот,n,4624,B2,
выплата,n,4625,B2,
плен,n,4626,B2,
снимок,n,4627,B2,
топливо,n,4628,B2,
еле,adv,4629,B2,
магия,n,4630,B2,
бессмысленный,adj,4631,B2,
счесть,v,4632,B2,
галерея,n,4633,B2,
строительный,adj,4634,B2,
финансы,n,4635,B2,
жидкость,n,4636,b2,
несчастье,n,4637,b2,
во всяком случае,mwe,4638,B2,
фундаментальный,ADJ,4639,B2,
защитник,n,4640,B2,
специфический,adj,4641,B2,
бурный,adj,4642,B2,
плотный,adj,4643,B2,
повлиять,v,4644,B2,
забавный,adj,4645,B2,
исполнитель,n,4646,B2,
наслаждаться,v,4647,B2,
цепочка,n,4648,B2,
в большинстве,mwe,4649,B2,
мораль,n,4650,B2,
арест,n,4651,B2,
формироваться,v,4652,B2,
пропаганда,n,4653,B2,
тариф,n,4654,B2,
беседовать,v,4655,B2,
нефтяной,adj,4656,B2,
разделение,n,4657,B2,
повторяться,v,4658,B2,
должно быть,mwe,4659,B2,
робот,n,4660,B2,
отбор,n,4661,B2,
старушка,n,4662,b2,
искренний,adj,4663,B2,
отрицать,v,4664,B2,
выделяться,v,4665,B2,
динамика,n,4666,B2,
педагог,n,4667,B2,
в последнее время,adv,4668,B2,
свойственный,adj,4669,B2,
звено,n,4670,B2,
продемонстрировать,v,4671,B2,
регулирование,V,4672,B2,
формальный,adj,4673,B2,
прятаться,v,4674,B2,
шок,n,4675,B2,
бандит,n,4676,B2,
наслаждение,n,4677,B2,
уступать,v,4678,B2,
главным образом,adv,4679,B2,
видеться,v,4680,B2,
даже если,mwe,4681,B2,
объясняться,v,4682,B2,
щит,n,4683,B2,
догадываться,v,4684,b2,
спокойствие,N,4685,B2,
выпускник,n,4686,B2,
обвинять,v,4687,B2,
собственник,n,4688,B2,
оттенок,n,4689,B2,
иск,n,4690,B2,
напряженный,adj,4691,B2,
приз,n,4692,B2,
поступление,n,4693,B2,
действительный,adj,4694,B2,
гипотеза,n,4695,B2,
командовать,v,4696,B2,
колония,n,4697,B2,
маг,n,4698,B2,
размещение,n,4699,B2,
пожалеть,v,4700,B2,
ранить,v,4701,B2,
страхование,n,4702,b2,
по мнению,mwe,4703,b2,
надолго,adv,4704,b2,
юность,n,4705,B2,
принципиальный,adj,4706,B2,
кровавый,adj,4707,B2,
фаза,n,4708,B2,
турнир,n,4709,B2,
фашист,n,4710,B2,
восприниматься,v,4711,B2,
предлагаться,v,4712,B2,
мыслить,v,4713,B2,
болото,n,4714,B2,
контрольный,adj,4715,B2,
интеллект,n,4716,B2,
сохраняться,v,4717,B2,
инстинкт,n,4718,B2,
возглавлять,v,4719,B2,
раса,n,4720,B2,
побережье,n,4721,B2,
желудок,n,4722,B2,
нуль,n,4723,B2,
тезис,n,4724,B2,
принадлежность,n,4725,B2,
возрастать,v,4726,B2,
важность,n,4727,B2,
компенсация,n,4728,B2,
облегчение,n,4729,B2,
поставщик,n,4730,B2,
недовольный,adj,4731,B2,
наблюдатель,n,4732,B2,
удерживать,v,4733,B2,
изготовление,n,4734,B2,
медаль,n,4735,B2,
беспокойство,n,4736,B2,
педагогический,adj,4737,B2,
моряк,n,4738,B2,
что-либо,pron,4739,B2,
одинаково,adv,4740,b2,
формировать,v,4741,B2,
планироваться,v,4742,B2,
мощь,n,4743,B2,
видимость,n,4744,B2,
супруга,n,4745,B2,
правительственный,adj,4746,B2,
дьявол,n prop,4747,B2,
примечание,n,4748,B2,
ружье,n,4749,B2,
оптимальный,adj,4750,B2,
крыса,n,4751,B2,
казнь,n,4752,B2,
служащий,n,4753,B2,
драгоценный,adj,4754,B2,
колебание,n,4755,B2,
муха,n,4756,B2,
капитализм,n,4757,B2,
могучий,adj,4758,B2,
оон,n prop,4759,B2,
фантастический,adj,4760,B2,
полно,adv,4761,B2,
мастерство,n,4762,B2,
радиостанция,n,4763,B2,
персональный,adj,4764,B2,
бюро,n,4765,B2,
раздражать,v,4766,B2,
идеологический,adj,4767,B2,
столкновение,n,4768,B2,
сниться,v,4769,b2,
мучить,v,4770,B2,
дополнение,n,4771,B2,
как минимум,mwe,4772,B2,
здравоохранение,n,4773,B2,
лунный,adj,4774,B2,
решительный,adj,4775,B2,
приоритет,n,4776,B2,
вмешательство,n,4777,B2,
обрадоваться,v,4778,B2,
зерно,n,4779,B2,
ток,n,4780,b2,
гонка,n,4781,B2,
заново,adv,4782,B2,
объединять,v,4783,B2,
демонстрация,n,4784,B2,
гармония,n,4785,B2,
модуль,n,4786,B2,
ориентация,n,4787,B2,
подвергаться,v,4788,B2,
повседневный,adj,4789,B2,
элементарный,adj,4790,B2,
интерфейс,n,4791,B2,
охватывать,v,4792,B2,
усиление,n,4793,B2,
группировка,N,4794,B2,
претендовать,v,4795,B2,
квалификация,n,4796,B2,
незначительный,adj,4797,B2,
президентский,adj,4798,B2,
исключительный,adj,4799,B2,
зрелище,n,4800,B2,
ненужный,adj,4801,B2,
немалый,adj,4802,B2,
передовой,adj,4803,B2,
плоский,adj,4804,B2,
церемония,n,4805,B2,
возбуждение,n,4806,B2,
живопись,n,4807,B2,
советник,n,4808,B2,
оригинал,n,4809,B2,
предстоящий,adj,4810,B2,
соперник,n,4811,B2,
экспорт,n,4812,B2,
вспышка,n,4813,B2,
конституционный,adj,4814,B2,
стабильность,n,4815,B2,
сиденье,n,4816,B2,
нищий,n,4817,B2,
альтернативный,adj,4818,B2,
инспектор,n,4819,B2,
функциональный,adj,4820,B2,
интерпретация,n,4821,B2,
рациональный,adj,4822,B2,
железо,n,4823,B2,
постройка,n,4824,B2,
целевой,adj,4825,B2,
разнообразие,n,4826,B2,
администратор,n,4827,B2,
отверстие,n,4828,B2,
экспертиза,n,4829,B2,
гордый,adj,4830,B2,
строение,n,4831,B2,
покончить,v,4832,B2,
крутить,v,4833,B2,
стремительно,adv,4834,B2,
прислушиваться,v,4835,B2,
потомок,n,4836,B2,
операционный,adj,4837,B2,
предусматривать,v,4838,B2,
любовный,adj,4839,B2,
непрерывный,adj,4840,B2,
панель,n,4841,B2,
печатный,adj,4842,b2,
интеллигенция,n,4843,b2,
патрон,n,4844,B2,
магический,adj,4845,B2,
приступ,n,4846,B2,
гениальный,adj,4847,B2,
печаль,n,4848,B2,
опора,n,4849,B2,
освещение,n,4850,B2,
пейзаж,n,4851,B2,
боевик,n,4852,B2,
заглядывать,v,4853,B2,
речка,n,4854,B2,
совокупность,n,4855,B2,
торговец,n,4856,b2,
драка,n,4857,B2,
космонавт,n,4858,B2,
фашистский,adj,4859,B2,
земельный,adj,4860,B2,
стесняться,v,4861,B2,
мысленно,adv,4862,B2,
порыв,n,4863,B2,
солидный,ADJ,4864,B2,
кошмар,n,4865,B2,
обновление,n,4866,B2,
композиция,n,4867,B2,
интеграция,n,4868,B2,
гуманитарный,adj,4869,B2,
хитрый,adj,4870,B2,
диапазон,n,4871,B2,
выделение,n,4872,B2,
прыжок,n,4873,B2,
уголь,n,4874,B2,
наносить,v,4875,B2,
периодически,adv,4876,B2,
как известно,mwe,4877,B2,
ярость,n,4878,B2,
сверкать,v,4879,B2,
повреждение,n,4880,B2,
топор,n,4881,B2,
изнутри,adv,4882,b2,
ес,n prop,4883,B2,
часовой,n,4884,B2,
заработный,adj,4885,B2,
современник,n,4886,B2,
пар,n,4887,B2,
вена,n,4888,B2,
отпускать,v,4889,B2,
коммунизм,n,4890,B2,
ни разу не,mwe,4891,b2,
ник,n,4892,B2,
разряд,n,4893,B2,
вкладывать,v,4894,B2,
любовник,n,4895,B2,
зафиксировать,v,4896,B2,
радовать,v,4897,B2,
неподалеку,adv,4898,B2,
принцесса,n,4899,B2,
сосуд,n,4900,b2,
самоуправление,n,4901,B2,
сырой,ADJ,4902,B2,
трагический,adj,4903,B2,
психика,n,4904,B2,
чувствоваться,v,4905,B2,
орел,n,4906,B2,
плотно,adv,4907,B2,
портал,n,4908,B2,
реплика,n,4909,B2,
уничтожать,v,4910,B2,
некуда,adv,4911,B2,
инфраструктура,n,4912,B2,
сессия,n,4913,B2,
верующий,n,4914,B2,
телеграмма,n,4915,B2,
вечность,n,4916,B2,
организационный,adj,4917,B2,
тренинг,n,4918,B2,
наивный,adj,4919,B2,
ознакомиться,v,4920,B2,
дефицит,n,4921,B2,
залив,n,4922,B2,
отчетливо,adv,4923,B2,
рваться,v,4924,B2,
обходиться,v,4925,B2,
крестьянский,adj,4926,B2,
годиться,v,4927,B2,
изобретение,n,4928,B2,
обучать,v,4929,B2,
алгоритм,n,4930,B2,
заключенный,n,4931,B2,
относительный,adj,4932,B2,
кирпич,n,4933,B2,
работодатель,n,4934,B2,
убеждать,v,4935,B2,
невозможность,n,4936,B2,
пропускать,v,4937,B2,
тропа,n,4938,B2,
механический,adj,4939,B2,
раздражение,n,4940,B2,
инфляция,n,4941,B2,
потянуться,v,4942,B2,
грубо,adv,4943,B2,
внезапный,adj,4944,B2,
дожидаться,v,4945,B2,
всюду,adv,4946,B2,
шептать,v,4947,B2,
гнездо,n,4948,B2,
модернизация,n,4949,B2,
барьер,n,4950,B2,
митинг,n,4951,B2,
сознательный,adj,4952,B2,
поэма,n,4953,B2,
ранг,n,4954,B2,
коррупция,n,4955,B2,
госдума,n prop,4956,B2,
превращать,v,4957,B2,
упорно,adv,4958,B2,
буря,n,4959,B2,
аналитик,n,4960,B2,
огонек,n,4961,B2,
разрабатывать,v,4962,B2,
фильтр,n,4963,B2,
должный,adj,4964,B2,
ерунда,n,4965,B2,
не менее,mwe,4966,B2,
мужество,n,4967,B2,
задержка,n,4968,B2,
физик,n,4969,B2,
физически,adv,4970,B2,
стабильный,adj,4971,B2,
сопротивляться,v,4972,B2,
гладкий,adj,4973,B2,
призрак,n,4974,B2,
условный,adj,4975,B2,
захватывать,v,4976,B2,
таможенный,adj,4977,B2,
по-разному,adv,4978,B2,
продолжительность,n,4979,B2,
супер,adj,4980,B2,
публиковать,v,4981,B2,
депрессия,n,4982,B2,
энергетика,n,4983,B2,
справляться,v,4984,B2,
фокус,n,4985,B2,
обозначать,v,4986,B2,
болтать,v,4987,B2,
отражаться,v,4988,B2,
болезненный,adj,4989,B2,
если бы не,mwe,4990,B2,
регулировать,v,4991,B2,
ось,n,4992,B2,
плоскость,n,4993,B2,
раскрывать,v,4994,b2,
дистанция,n,4995,B2,
годовой,adj,4996,B2,
обследование,n,4997,B2,
видимый,adj,4998,B2,
в действительности,mwe,4999,B2,
делегация,n,5000,B2,
комбинация,n,5001,B2,
зависть,n,5002,B2,
роскошный,adj,5003,B2,
потребительский,adj,5004,B2,
парламентский,adj,5005,b2,
решетка,n,5006,B2,
экономист,n,5007,B2,
деревенский,adj,5008,B2,
функционирование,n,5009,B2,
вольный,adj,5010,B2,
пропадать,n,5011,B2,
специализированный,adj,5012,B2,
ручей,n,5013,B2,
ген,n,5014,B2,
включение,n,5015,B2,
новичок,n,5016,B2,
преступный,adj,5017,B2,
издавать,v,5018,B2,
рубрика,n,5019,B2,
драма,n,5020,B2,
концентрация,n,5021,B2,
в любом случае,mwe,5022,B2,
командировка,n,5023,B2,
комплексный,adj,5024,b2,
стальной,adj,5025,B2,
щель,n,5026,B2,
простота,n,5027,b2,
ограничивать,v,5028,B2,
рог,n,5029,B2,
заключать,v,5030,B2,
возврат,n,5031,B2,
напрямую,adv,5032,B2,
армейский,adj,5033,B2,
упаковка,n,5034,B2,
неизменный,adj,5035,B2,
ликвидация,n,5036,B2,
абстрактный,adj,5037,B2,
перевозка,n,5038,B2,
неудачный,adj,5039,B2,
сырье,n,5040,B2,
сюрприз,n,5041,B2,
похороны,n,5042,B2,
менеджмент,n,5043,B2,
огненный,adj,5044,B2,
аналитический,adj,5045,B2,
паника,n,5046,B2,
ручной,adj,5047,B2,
академический,adj,5048,B2,
мат,n,5049,B2,
колебаться,v,5050,B2,
сходство,n,5051,B2,
осмотр,n,5052,B2,
этнический,adj,5053,B2,
обожать,v,5054,B2,
новейший,adj,5055,B2,
симпатия,n,5056,B2,
примитивный,adj,5057,B2,
коэффициент,n,5058,B2,
материнский,adj,5059,B2,
напрасно,adv,5060,B2,
влажный,adj,5061,B2,
опускаться,v,5062,B2,
отвратительный,adj,5063,B2,
верность,n,5064,B2,
импульс,n,5065,B2,
сгореть,v,5066,B2,
боковой,adj,5067,B2,
откровенный,adv,5068,B2,
качать,v,5069,B2,
убитый,adj,5070,B2,
череп,n,5071,B2,
ит,ABBR,5072,B2,
убыток,n,5073,B2,
легкость,n,5074,B2,
обнимать,v,5075,B2,
энтузиазм,n,5076,B2,
допрос,n,5077,B2,
отклонение,n,5078,B2,
архитектор,n,5079,B2,
урожай,n,5080,B2,
освещать,v,5081,B2,
более или менее,mwe,5082,B2,
висок,n,5083,B2,
поручение,n,5084,B2,
удовлетворять,v,5085,B2,
недостаточный,adj,5086,B2,
ласковый,adj,5087,B2,
смертельный,adj,5088,B2,
чрезвычайный,adj,5089,B2,
жилищный,adj,5090,b2,
огород,n,5091,b2,
секция,n,5092,B2,
защитный,adj,5093,B2,
абонент,n,5094,B2,
гвоздь,n,5095,B2,
пенсионный,adj,5096,B2,
запуск,n,5097,B2,
как обычно,mwe,5098,B2,
очерк,n,5099,B2,
равенство,n,5100,B2,
реконструкция,n,5101,B2,
яд,n,5102,B2,
обезьяна,n,5103,B2,
в особенности,mwe,5104,B2,
медный,adj,5105,B2,
встречный,adj,5106,B2,
фантастика,n,5107,B2,
сдерживать,v,5108,B2,
строитель,n,5109,B2,
представительство,n,5110,B2,
агрессивный,adj,5111,B2,
серебро,n,5112,B2,
базар,n,5113,B2,
кружок,n,5114,B2,
премьер,n,5115,b2,
полнота,n,5116,B2,
писаться,v,5117,B2,
звон,n,5118,B2,
презентация,n,5119,B2,
подключение,n,5120,B2,
жалость,n,5121,B2,
сердечный,adj,5122,B2,
конструктор,n,5123,B2,
колоссальный,adj,5124,B2,
параллельный,adv,5125,B2,
формулировка,n,5126,B2,
стимулировать,v,5127,B2,
территориальный,adj,5128,B2,
превращение,n,5129,B2,
традиционно,adv,5130,B2,
задница,n,5131,B2,
опускать,v,5132,B2,
имидж,n,5133,B2,
фактический,adj,5134,B2,
экспериментальный,adj,5135,B2,
содержимое,n,5136,B2,
цивилизованный,adj,5137,B2,
индустрия,n,5138,B2,
струя,n,5139,B2,
граната,n,5140,B2,
последовательный,adj,5141,B2,
измена,n,5142,B2,
нападать,v,5143,B2,
кабель,n,5144,B2,
изящный,adj,5145,B2,
относиться,v,5146,B2,
сжимать,v,5147,B2,
превосходить,v,5148,B2,
пение,n,5149,B2,
статуя,n,5150,B2,
монстр,n,5151,B2,
протягивать,v,5152,B2,
трезвый,adj,5153,B2,
беречь,v,5154,b2,
проводник,n,5155,B2,
проектирование,n,5156,B2,
нежность,n,5157,B2,
сынок,n,5158,b2,
тревожный,adj,5159,B2,
выживание,n,5160,B2,
стыд,n,5161,B2,
бабочка,n,5162,B2,
автономный,adj,5163,B2,
игнорировать,v,5164,B2,
пробка,n,5165,B2,
лень,n,5166,B2,
мрак,n,5167,B2,
восхищение,n,5168,B2,
совпадение,n,5169,B2,
биржа,n,5170,B2,
мотивация,n,5171,B2,
буржуазный,adj,5172,B2,
интуиция,n,5173,B2,
снижать,v,5174,B2,
отвращение,n,5175,B2,
исследовательский,adj,5176,B2,
ведьма,n,5177,B2,
условно,adv,5178,B2,
рвать,v,5179,B2,
ловушка,n,5180,B2,
обслуживать,v,5181,B2,
взятка,n,5182,B2,
оказание,n,5183,B2,
грандиозный,adj,5184,B2,
бормотать,v,5185,B2,
расстройство,n,5186,B2,
незнакомец,n,5187,B2,
овца,n,5188,B2,
валютный,adj,5189,B2,
промежуток,n,5190,B2,
сосна,n,5191,B2,
окрестность,n,5192,B2,
толчок,n,5193,B2,
оболочка,N,5194,B2,
вдвое,adv,5195,b2,
классификация,n,5196,B2,
отступление,n,5197,B2,
случайность,n,5198,B2,
функционировать,v,5199,B2,
разновидность,n,5200,B2,
интенсивный,adj,5201,B2,
пленный,n,5202,B2,
челюсть,n,5203,B2,
романтический,adj,5204,B2,
вмешиваться,v,5205,B2,
переворот,n,5206,B2,
бухгалтерский,adj,5207,B2,
ползти,v,5208,B2,
стереотип,n,5209,B2,
закономерность,n,5210,B2,
разрушать,v,5211,B2,
сумерки,n,5212,B2,
беженец,n,5213,B2,
диссертация,n,5214,B2,
заряд,n,5215,B2,
оправдание,n,5216,B2,
легкое,n,5217,B2,
очко,n,5218,B2,
агрессия,n,5219,B2,
сотрудничать,v,5220,B2,
профилактика,n,5221,B2,
групповой,adj,5222,B2,
крутиться,v,5223,B2,
вич,n,5224,B2,
подбирать,v,5225,B2,
занятость,n,5226,B2,
наполовину,adv,5227,b2,
дуть,v,5228,B2,
гибкий,adj,5229,B2,
мучиться,v,5230,B2,
выдерживать,v,5231,B2,
умолять,v,5232,B2,
графический,adj,5233,B2,
зад,n,5234,B2,
неподвижный,adj,5235,B2,
образованный,adj,5236,B2,
купол,n,5237,B2,
ласково,adv,5238,B2,
ввод,n,5239,B2,
олигарх,n,5240,B2,
путать,v,5241,B2,
эстетический,adj,5242,B2,
замечательно,adv,5243,B2,
ответный,adj,5244,B2,
излишний,adj,5245,B2,
ловко,adv,5246,b2,
матрица,n,5247,B2,
документация,n,5248,B2,
атом,n,5249,B2,
аналог,n,5250,B2,
жар,n,5251,b2,
повествование,n,5252,B2,
оппонент,n,5253,B2,
посредник,n,5254,B2,
зелень,n,5255,B2,
спид,n,5256,B2,
надежность,n,5257,B2,
разбирать,v,5258,B2,
заводить,v,5259,B2,
наполнять,v,5260,B2,
дипломат,n,5261,B2,
вертикальный,adj,5262,B2,
кушать,v,5263,B2,
модератор,n,5264,B2,
средневековый,adj,5265,B2,
при условии,mwe,5266,B2,
ирония,n,5267,B2,
осуждать,v,5268,B2,
славянский,adj,5269,B2,
вложение,n,5270,B2,
исчезновение,n,5271,B2,
склонность,n,5272,B2,
гордо,adv,5273,B2,
набережная,n,5274,B2,
магнитный,adj,5275,B2,
коммунальный,adj,5276,B2,
аппаратура,n,5277,B2,
ликвидировать,v,5278,B2,
злоба,n,5279,B2,
букет,n,5280,B2,
кассета,n,5281,B2,
оскорбление,n,5282,B2,
профсоюз,n,5283,B2,
кпк,n,5284,B2,
нарастать,v,5285,B2,
чувствительный,adj,5286,B2,
повторный,adj,5287,B2,
вздыхать,v,5288,B2,
критиковать,v,5289,B2,
пристально,adv,5290,B2,
проанализировать,v,5291,B2,
фундамент,n,5292,B2,
королевство,n,5293,B2,
оборачиваться,v,5294,B2,
внушать,v,5295,B2,
оправдывать,V,5296,B2,
порядочный,adj,5297,B2,
удивленно,adv,5298,B2,
настойчиво,adv,5299,B2,
олень,n,5300,B2,
удаляться,v,5301,B2,
расставаться,v,5302,B2,
злость,n,5303,B2,
жестокость,n,5304,B2,
показ,n,5305,B2,
ферма,n,5306,B2,
искра,n,5307,B2,
монополия,n,5308,B2,
оргазм,n,5309,B2,
вращаться,v,5310,B2,
кислород,n,5311,B2,
подозрительный,adj,5312,B2,
атрибут,n,5313,B2,
плавно,adv,5314,B2,
инстанция,n,5315,B2,
отмена,n,5316,B2,
крошечный,adj,5317,B2,
ниша,n,5318,B2,
роскошь,n,5319,B2,
удаление,n,5320,B2,
восстанавливать,v,5321,B2,
восхищаться,v,5322,B2,
кора,n,5323,B2,
криминальный,adj,5324,B2,
бедствие,n,5325,b2,
тяга,n,5326,B2,
рыбак,n,5327,B2,
скользить,v,5328,B2,
организованный,adj,5329,B2,
рычаг,n,5330,B2,
формально,adv,5331,B2,
заинтересованный,adj,5332,B2,
диаметр,n,5333,B2,
прикладной,adj,5334,B2,
аукцион,n,5335,B2,
проститутка,n,5336,B2,
месторождение,n,5337,B2,
фирменный,adj,5338,B2,
компромисс,n,5339,B2,
жилец,n,5340,B2,
грузинский,adj,5341,B2,
инновационный,ADJ,5342,B2,
воображать,v,5343,B2,
тематика,n,5344,B2,
розничный,adj,5345,B2,
сажать,v,5346,B2,
образ жизни,mwe,5347,B2,
бухгалтер,n,5348,B2,
преследование,n,5349,B2,
подбор,n,5350,B2,
совершаться,v,5351,B2,
спецслужба,n,5352,B2,
жопа,n,5353,b2,
комп,n,5354,B2,
загрузка,n,5355,B2,
галактика,n,5356,B2,
инфекция,n,5357,B2,
интерьер,n,5358,B2,
отделять,v,5359,B2,
предпринимать,v,5360,B2,
просторный,adj,5361,B2,
распространять,v,5362,B2,
всероссийский,adj,5363,B2,
петля,n,5364,B2,
статистический,adj,5365,B2,
медик,n,5366,B2,
намереваться,v,5367,B2,
трещина,n,5368,B2,
экспертный,adj,5369,B2,
продвигаться,v,5370,B2,
накопление,n,5371,B2,
престижный,adj,5372,B2,
скука,n,5373,B2,
шепот,n,5374,B2,
бесконечность,n,5375,B2,
если только,mwe,5376,B2,
тропинка,n,5377,B2,
шина,N,5378,B2,
нервничать,v,5379,B2,
наркоман,n,5380,B2,
продолжительный,adj,5381,B2,
беспорядок,n,5382,B2,
шпион,n,5383,B2,
снижаться,v,5384,B2,
кривой,adj,5385,B2,
ласка,n,5386,B2,
шедевр,n,5387,B2,
взамен,adv,5388,B2,
хлопать,v,5389,B2,
бак,n,5390,B2,
мировоззрение,n,5391,B2,
определенно,adv,5392,B2,
когда-либо,adv,5393,B2,
любовница,n,5394,B2,
фашизм,n,5395,B2,
вторичный,adj,5396,B2,
нейтральный,adj,5397,B2,
осматривать,v,5398,B2,
теоретически,adv,5399,B2,
грусть,n,5400,B2,
преданный,adj,5401,B2,
молчаливый,adj,5402,B2,
партизан,n,5403,B2,
излучение,n,5404,B2,
бренд,n,5405,B2,
хрупкий,adj,5406,B2,
вытаскивать,v,5407,b2,
сертификат,n,5408,B2,
адаптация,n,5409,B2,
дипломатический,adj,5410,B2,
фонтан,n,5411,B2,
шкала,n,5412,B2,
включаться,v,5413,B2,
основатель,n,5414,B2,
конкурентный,adj,5415,B2,
мониторинг,n,5416,B2,
патриарх,n,5417,B2,
преодолевать,v,5418,B2,
сообщаться,v,5419,B2,
предпринимательство,n,5420,B2,
хохотать,v,5421,B2,
в данный момент,mwe,5422,B2,
глоток,n,5423,B2,
благотворительный,adj,5424,B2,
недоверие,n,5425,B2,
организовывать,v,5426,B2,
ввп,ABBR,5427,B2,
конкурировать,v,5428,B2,
прикосновение,n,5429,B2,
кислота,N,5430,B2,
добывать,v,5431,B2,
проволока,n,5432,B2,
в ближайшее время,mwe,5433,B2,
как следует,mwe,5434,B2,
смущать,v,5435,B2,
на всякий случай,mwe,5436,B2,
моделирование,n,5437,B2,
обозначение,n,5438,B2,
поставлять,v,5439,B2,
математик,n,5440,B2,
сверх,adpos,5441,b2,
муравей,n,5442,B2,
провинциальный,adj,5443,B2,
жестко,adv,5444,B2,
исток,n,5445,B2,
коляска,n,5446,B2,
передвижение,n,5447,B2,
прогрессивный,adj,5448,B2,
впадать,v,5449,B2,
немой,adj,5450,B2,
раствор,n,5451,B2,
превосходный,adj,5452,B2,
возмущение,n,5453,B2,
ассортимент,n,5454,B2,
бегство,n,5455,B2,
выстрелить,v,5456,B2,
доводить,v,5457,B2,
ребро,n,5458,B2,
рецензия,n,5459,B2,
излагать,v,5460,B2,
толкование,n,5461,B2,
интервал,n,5462,B2,
тщательный,adj,5463,B2,
дополнительно,adv,5464,B2,
винт,n,5465,B2,
торопливо,adv,5466,B2,
православие,n,5467,B2,
затруднение,n,5468,B2,
нехватка,n,5469,B2,
устойчивость,n,5470,B2,
трястись,v,5471,B2,
такт,n,5472,B2,
обоснование,n,5473,B2,
примета,n,5474,B2,
почка,n,5475,B2,
предвыборный,adj,5476,B2,
клинический,adj,5477,B2,
новинка,n,5478,B2,
вознаграждение,n,5479,B2,
сбегать,v,5480,B2,
птичий,adj,5481,B2,
презрение,n,5482,B2,
возбуждать,v,5483,B2,
речевой,adj,5484,B2,
равнина,n,5485,b2,
секта,n,5486,B2,
горизонтальный,adj,5487,B2,
массаж,n,5488,B2,
обижать,v,5489,B2,
повестка,n,5490,B2,
катиться,v,5491,B2,
полярный,adj,5492,B2,
террор,n,5493,B2,
якорь,n,5494,B2,
уравнение,n,5495,B2,
горечь,n,5496,B2,
телесный,adj,5497,B2,
католический,adj,5498,B2,
месть,n,5499,B2,
продюсер,n,5500,B2,
архитектурный,adj,5501,B2,
гимназия,n,5502,B2,
банда,n,5503,B2,
даром,adv,5504,b2,
демократ,n,5505,b2,
помеха,n,5506,B2,
растеряться,v,5507,B2,
аплодисменты,n,5508,B2,
вероятный,adj,5509,B2,
безработица,n,5510,B2,
генетический,adj,5511,B2,
сочинять,v,5512,B2,
благосостояние,N,5513,B2,
пошлина,n,5514,B2,
снятие,n,5515,B2,
подвергать,v,5516,B2,
фальшивый,adj,5517,B2,
слушаться,v,5518,B2,
веселье,n,5519,B2,
жюри,n,5520,B2,
достоверный,adj,5521,B2,
пассивный,adj,5522,B2,
лечиться,v,5523,b2,
древность,n,5524,B2,
звучание,n,5525,b2,
ансамбль,n,5526,B2,
крохотный,adj,5527,B2,
метафора,n,5528,B2,
предательство,n,5529,B2,
резюме,n,5530,B2,
печень,n,5531,B2,
интенсивность,n,5532,B2,
таракан,n,5533,B2,
героический,adj,5534,B2,
преподавание,n,5535,B2,
старательно,adv,5536,B2,
предвидеть,v,5537,B2,
прижимать,v,5538,B2,
взнос,n,5539,B2,
глина,n,5540,B2,
трон,n,5541,B2,
пищевой,adj,5542,B2,
очаровательный,adj,5543,B2,
одобрение,n,5544,B2,
крючок,n,5545,B2,
квалифицированный,adj,5546,B2,
рыдать,v,5547,B2,
выяснять,v,5548,B2,
порошок,n,5549,B2,
узор,n,5550,B2,
дрожь,n,5551,B2,
трясти,v,5552,B2,
либерал,n,5553,B2,
новорожденный,n,5554,B2,
запускать,v,5555,B2,
преступность,n,5556,B2,
трансформация,n,5557,B2,
цензура,n,5558,B2,
мутный,adj,5559,B2,
многолетний,adj,5560,B2,
насквозь,adv,5561,B2,
неопределенный,adj,5562,B2,
шуба,n,5563,b2,
петух,n,5564,B2,
поблизости,adv,5565,B2,
компенсировать,v,5566,B2,
стрелок,n,5567,B2,
античный,adj,5568,B2,
убежище,n,5569,B2,
последовательно,adv,5570,B2,
проба,n,5571,B2,
визуальный,adj,5572,B2,
оцениваться,v,5573,B2,
драматический,adj,5574,B2,
нитка,n,5575,B2,
сдвиг,n,5576,B2,
массивный,adj,5577,B2,
нищета,n,5578,B2,
отправка,n,5579,B2,
к счастью,adv,5580,B2,
воздействовать,v,5581,B2,
дуб,n,5582,B2,
нарочно,adv,5583,B2,
синтез,n,5584,B2,
составной,adj,5585,B2,
задыхаться,v,5586,B2,
кристалл,n,5587,B2,
цвести,v,5588,B2,
переменная,n,5589,B2,
ведомость,n,5590,B2,
езда,n,5591,B2,
завершать,v,5592,B2,
избыток,n,5593,B2,
охотиться,v,5594,B2,
подчинение,n,5595,B2,
импорт,n,5596,B2,
возмещение,n,5597,B2,
механик,n,5598,B2,
взволновать,v,5599,B2,
освобождать,v,5600,B2,
гудеть,v,5601,B2,
динамический,adj,5602,B2,
контур,n,5603,B2,
ячейка,n,5604,B2,
моментально,adv,5605,B2,
базироваться,v,5606,B2,
обыск,n,5607,B2,
терпеливо,adv,5608,B2,
выбираться,v,5609,B2,
выигрыш,n,5610,B2,
каюта,n,5611,B2,
чувствительность,n,5612,B2,
конфигурация,n,5613,B2,
приказывать,v,5614,B2,
экспозиция,n,5615,B2,
ярмарка,n,5616,B2,
хроника,n,5617,B2,
библейский,adj,5618,B2,
техник,n,5619,B2,
инспекция,n,5620,B2,
откладывать,v,5621,B2,
лгать,v,5622,B2,
переходный,adj,5623,B2,
зрительный,adj,5624,B2,
предисловие,n,5625,B2,
вдохновение,n,5626,B2,
волшебник,n,5627,B2,
ошибочный,adj,5628,B2,
периодический,adj,5629,B2,
премьера,n,5630,B2,
унижение,n,5631,B2,
расширять,v,5632,B2,
банкир,n,5633,B2,
задолженность,n,5634,B2,
интеллигентный,adj,5635,B2,
гибнуть,v,5636,B2,
таять,v,5637,B2,
хит,n,5638,B2,
передвигаться,v,5639,B2,
тюремный,adj,5640,B2,
стаж,n,5641,B2,
фондовый,adj,5642,B2,
колдун,n,5643,B2,
погоня,n,5644,B2,
мех,n,5645,B2,
физиологический,adj,5646,B2,
подсчет,n,5647,B2,
рассыпаться,v,5648,B2,
автоматизация,n,5649,B2,
механика,n,5650,B2,
курорт,n,5651,B2,
погибать,v,5652,B2,
замкнутый,adj,5653,B2,
осторожность,n,5654,B2,
плач,n,5655,B2,
стенд,n,5656,B2,
хитрость,n,5657,B2,
инцидент,n,5658,B2,
осложнение,n,5659,B2,
рубить,v,5660,B2,
игла,n,5661,B2,
частичный,adj,5662,B2,
аллея,n,5663,b2,
хронический,adj,5664,B2,
алмаз,n,5665,B2,
индикатор,n,5666,B2,
побег,n,5667,B2,
молоток,n,5668,B2,
утонуть,v,5669,B2,
экология,n,5670,B2,
бюллетень,n,5671,B2,
отрицательно,adv,5672,b2,
пчела,n,5673,B2,
сталь,n,5674,B2,
отвлекать,v,5675,B2,
ускорение,n,5676,B2,
тотальный,adj,5677,B2,
самец,n,5678,B2,
налогообложение,n,5679,B2,
адресовать,v,5680,B2,
императорский,adj,5681,B2,
завоевание,n,5682,B2,
буржуазия,n,5683,B2,
жрать,v,5684,B2,
закупка,n,5685,B2,
отход,n,5686,B2,
шрифт,n,5687,B2,
предчувствие,n,5688,B2,
подвижный,adj,5689,B2,
восхождение,n,5690,B2,
сторож,n,5691,B2,
джип,n,5692,B2,
значок,n,5693,B2,
похвала,n,5694,B2,
литься,v,5695,B2,
поглощать,v,5696,B2,
приспособление,n,5697,B2,
увольнение,n,5698,b2,
пересекать,v,5699,B2,
пират,n,5700,B2,
социология,n,5701,B2,
прозвище,n,5702,B2,
хохот,n,5703,B2,
расспрашивать,v,5704,B2,
воспроизведение,n,5705,B2,
свадебный,adj,5706,B2,
аборт,n,5707,B2,
испуганно,adv,5708,b2,
задолго,adv,5709,B2,
ограда,n,5710,b2,
репрессия,n,5711,B2,
супружеский,adj,5712,B2,
обрыв,n,5713,B2,
сочетаться,v,5714,B2,
дефект,n,5715,B2,
емкость,n,5716,B2,
скрипка,n,5717,B2,
лирический,adj,5718,b2,
отрезок,n,5719,B2,
наказывать,v,5720,B2,
взаимосвязь,n,5721,B2,
диагностика,n,5722,B2,
кратко,adv,5723,b2,
понемногу,adv,5724,B2,
компетенция,n,5725,B2,
милосердие,n,5726,B2,
воспроизводить,v,5727,B2,
скелет,n,5728,B2,
свист,n,5729,B2,
привязывать,v,5730,B2,
сенатор,n,5731,B2,
отзываться,v,5732,B2,
на днях,adv,5733,B2,
отрицание,n,5734,B2,
приступать,v,5735,B2,
внутренне,adv,5736,B2,
предатель,n,5737,B2,
миграция,n,5738,B2,
пострадавший,n,5739,B2,
эротический,adj,5740,B2,
авто,n,5741,B2,
кучка,n,5742,B2,
мерседес,n prop,5743,B2,
издали,adv,5744,B2,
стройка,n,5745,B2,
безразличный,adj,5746,B2,
задерживаться,v,5747,b2,
мертвец,n,5748,B2,
сожалеть,v,5749,B2,
разногласие,n,5750,B2,
современность,n,5751,B2,
пришелец,n,5752,B2,
вытирать,v,5753,B2,
разворачиваться,v,5754,B2,
фермер,n,5755,B2,
жестоко,adv,5756,B2,
икра,n,5757,B2,
репортаж,n,5758,B2,
землетрясение,n,5759,B2,
казнить,v,5760,B2,
коррекция,n,5761,B2,
присоединяться,v,5762,B2,
тоталитарный,adj,5763,B2,
походка,n,5764,B2,
лебедь,n,5765,B2,
взаимодействовать,v,5766,B2,
устраиваться,v,5767,B2,
интеллигент,n,5768,B2,
кража,n,5769,B2,
тонуть,v,5770,B2,
доброволец,n,5771,B2,
уран,n,5772,B2,
незадолго,adv,5773,b2,
таможня,n,5774,B2,
клятва,n,5775,B2,
жук,n,5776,B2,
кличка,n,5777,B2,
императрица,n,5778,B2,
осваивать,v,5779,B2,
репетиция,n,5780,B2,
исправление,n,5781,B2,
рыбалка,n,5782,B2,
вычисление,n,5783,B2,
желаемый,adj,5784,B2,
небрежно,adv,5785,B2,
косметика,n,5786,B2,
проникновение,n,5787,B2,
крошка,n,5788,B2,
тусклый,adj,5789,B2,
вставлять,v,5790,B2,
нежелание,n,5791,B2,
терминология,n,5792,b2,
гормон,n,5793,B2,
помещать,v,5794,B2,
укреплять,v,5795,B2,
графика,n,5796,B2,
перевал,n,5797,B2,
паутина,n,5798,B2,
доминировать,v,5799,B2,
бессильный,adj,5800,B2,
полигон,n,5801,B2,
больничный,n,5802,B2,
журналистика,n,5803,B2,
претендент,n,5804,B2,
модификация,n,5805,B2,
прочность,n,5806,B2,
многократно,adv,5807,B2,
гусь,n,5808,B2,
кривая,n,5809,B2,
обмениваться,v,5810,B2,
ценовой,adj,5811,B2,
досуг,n,5812,B2,
царица,n,5813,B2,
вспомогательный,adj,5814,B2,
евросоюз,n prop,5815,B2,
облигация,n,5816,B2,
отбирать,v,5817,B2,
постепенный,adj,5818,b2,
бюрократия,n,5819,B2,
точка зрения,mwe,5820,B2,
утка,n,5821,B2,
острота,n,5822,B2,
чердак,n,5823,B2,
бодрый,adj,5824,B2,
сверстник,n,5825,B2,
яркость,n,5826,B2,
оптимизация,n,5827,B2,
оскорблять,v,5828,B2,
пальма,n,5829,B2,
листва,n,5830,b2,
ориентир,n,5831,B2,
комсомолец,n,5832,B2,
национализм,n,5833,B2,
подписание,n,5834,B2,
эпидемия,n,5835,B2,
талия,n,5836,B2,
электроника,n,5837,B2,
софт,n,5838,B2,
бомж,n,5839,B2,
нравственность,n,5840,B2,
пятеро,num,5841,B2,
хранитель,n,5842,B2,
яхта,n,5843,B2,
объектив,n,5844,B2,
стартовать,v,5845,B2,
финансировать,v,5846,B2,
лениво,adv,5847,b2,
долгожданный,adj,5848,B2,
дополнять,v,5849,B2,
сейф,n,5850,B2,
достоверность,n,5851,B2,
специализация,n,5852,B2,
баран,n,5853,B2,
могущество,n,5854,B2,
паук,n,5855,B2,
кишка,n,5856,B2,
координаты,n,5857,B2,
расцвет,n,5858,B2,
утешение,n,5859,B2,
тоннель,n,5860,B2,
молекула,n,5861,B2,
потомство,n,5862,B2,
верблюд,n,5863,B2,
причинять,v,5864,B2,
беспомощный,adj,5865,B2,
длительность,n,5866,B2,
прирост,n,5867,B2,
стонать,v,5868,B2,
экстремальный,adj,5869,B2,
заливать,v,5870,B2,
предотвращение,n,5871,B2,
обои,n,5872,B2,
блокада,n,5873,B2,
по отдельности,mwe,5874,B2,
перечислять,v,5875,B2,
честность,n,5876,B2,
врожденный,adj,5877,B2,
преданность,n,5878,B2,
пояснять,v,5879,B2,
самка,n,5880,B2,
протестовать,v,5881,B2,
пульс,n,5882,B2,
извлекать,v,5883,B2,
приемник,n,5884,B2,
блокировать,v,5885,B2,
спиртное,n,5886,B2,
чертеж,n,5887,B2,
безнадежный,adj,5888,B2,
пересечение,n,5889,B2,
партнерство,n,5890,B2,
пшеница,n,5891,B2,
береза,n,5892,B2,
мид,n,5893,B2,
глобализация,n,5894,B2,
незаметный,adj,5895,B2,
мучение,n,5896,B2,
особь,n,5897,B2,
сердито,adv,5898,b2,
фара,n,5899,B2,
генератор,n,5900,B2,
грузин,n,5901,B2,
манипуляция,n,5902,B2,
ядовитый,adj,5903,B2,
содействовать,v,5904,B2,
вращение,n,5905,B2,
потреблять,v,5906,B2,
преграда,n,5907,B2,
разъяснение,n,5908,B2,
эльф,n,5909,B2,
заведовать,v,5910,B2,
обвиняемый,n,5911,B2,
влага,n,5912,B2,
соседство,n,5913,B2,
неудобство,n,5914,B2,
устало,adv,5915,b2,
воротник,n,5916,B2,
храбрый,adj,5917,B2,
предсказание,n,5918,B2,
оперативно,adv,5919,B2,
шаблон,n,5920,B2,
банкротство,n,5921,B2,
оперировать,v,5922,B2,
сбивать,v,5923,B2,
умело,adv,5924,B2,
сосать,v,5925,B2,
пристальный,adj,5926,B2,
иллюстрировать,v,5927,B2,
обморок,n,5928,B2,
прилагать,v,5929,B2,
купюра,n,5930,B2,
крокодил,n,5931,B2,
одновременный,adj,5932,B2,
подражать,v,5933,B2,
хранилище,n,5934,B2,
старание,n,5935,B2,
привлекательность,n,5936,B2,
социолог,n,5937,B2,
красавец,n,5938,B2,
произвольный,adj,5939,B2,
контраст,n,5940,B2,
несправедливость,n,5941,B2,
равнодушно,adv,5942,B2,
хищник,n,5943,B2,
пух,n,5944,B2,
либерализм,n,5945,B2,
очевидец,n,5946,B2,
удалять,v,5947,B2,
вспыхивать,v,5948,B2,
изобретатель,n,5949,B2,
скользкий,adj,5950,B2,
специализироваться,v,5951,B2,
лак,n,5952,B2,
слюна,n,5953,B2,
демографический,adj,5954,B2,
монтаж,n,5955,B2,
эмигрант,n,5956,B2,
избыточный,adj,5957,B2,
недоразумение,n,5958,B2,
уточнение,n,5959,B2,
забивать,v,5960,B2,
добавление,n,5961,b2,
сирота,n,5962,B2,
тележка,n,5963,B2,
опция,n,5964,B2,
активист,n,5965,B2,
вручную,adv,5966,B2,
приказание,n,5967,B2,
пропорция,n,5968,B2,
в общем,mwe,5969,B2,
престиж,n,5970,B2,
исполняться,v,5971,b2,
радиус,n,5972,B2,
славянин,n,5973,B2,
информировать,v,5974,B2,
приемная,n,5975,B2,
пролетать,v,5976,B2,
сострадание,n,5977,B2,
кит,n,5978,B2,
широта,n,5979,B2,
присутствующий,n,5980,B2,
увлекательный,adj,5981,B2,
методология,n,5982,B2,
терминал,n,5983,B2,
грабить,v,5984,B2,
спад,mwe,5985,B2,
неограниченный,adj,5986,B2,
ссориться,v,5987,B2,
разыскивать,v,5988,B2,
шрам,n,5989,B2,
лидерство,n,5990,B2,
уведомление,n,5991,B2,
компетентный,adj,5992,B2,
показываться,v,5993,B2,
цилиндр,n,5994,B2,
чистка,n,5995,b2,
трюк,n,5996,B2,
медь,n,5997,B2,
рояль,n,5998,b2,
патриотический,adj,5999,B2,
штамп,n,6000,B2,
уточнять,v,6001,B2,
воровство,n,6002,B2,
пассажирский,adj,6003,B2,
электрон,n,6004,B2,
арка,n,6005,B2,
правосудие,n,6006,B2,
кредитор,n,6007,B2,
революционер,n,6008,B2,
заповедник,n,6009,B2,
разлука,n,6010,B2,
заинтересованность,n,6011,B2,
реформирование,n,6012,B2,
хоронить,v,6013,B2,
заявитель,n,6014,B2,
вулкан,n,6015,B2,
систематический,adj,6016,B2,
упрямый,adj,6017,B2,
утешать,v,6018,B2,
юстиция,n,6019,B2,
переменный,adj,6020,B2,
домен,n,6021,B2,
боязнь,n,6022,B2,
гипноз,n,6023,B2,
контактный,adj,6024,B2,
расстрел,n,6025,B2,
туго,adv,6026,B2,
щедрый,adj,6027,B2,
сперма,n,6028,B2,
годовщина,n,6029,B2,
анонимный,adj,6030,B2,
маньяк,n,6031,B2,
бережно,adv,6032,B2,
шов,n,6033,B2,
мошенник,n,6034,B2,
мужественный,adj,6035,B2,
подражание,n,6036,B2,
укладывать,v,6037,b2,
уступка,n,6038,B2,
бегом,adv,6039,B2,
потерпевший,n,6040,B2,
пейджер,n,6041,B2,
передумать,v,6042,B2,
пробуждение,n,6043,B2,
индивидуум,n,6044,B2,
осуждение,n,6045,B2,
тощий,adj,6046,B2,
издательский,adj,6047,B2,
монархия,n,6048,B2,
краткосрочный,adj,6049,B2,
глотать,v,6050,B2,
зависимый,adj,6051,b2,
курьер,n,6052,B2,
инерция,n,6053,B2,
коммерсант,n,6054,B2,
очистка,n,6055,B2,
дежурство,n,6056,B2,
равнодушие,n,6057,B2,
солидарность,n,6058,B2,
дисплей,n,6059,b2,
кредитование,n,6060,B2,
наемный,adj,6061,B2,
сухопутный,adj,6062,B2,
экономически,adv,6063,B2,
краснеть,v,6064,b2,
влагалище,n,6065,B2,
датчик,n,6066,B2,
репортер,n,6067,B2,
многообразие,n,6068,B2,
неторопливо,adv,6069,B2,
одобрять,v,6070,B2,
повязка,n,6071,B2,
комендант,n,6072,B2,
псевдоним,n,6073,B2,
яростно,adv,6074,B2,
серьезность,n,6075,B2,
дискриминация,n,6076,B2,
фанат,n,6077,B2,
босой,adj,6078,B2,
собеседование,n,6079,B2,
клочок,n,6080,B2,
перебивать,v,6081,B2,
выслушивать,v,6082,B2,
поливать,v,6083,B2,
прилично,adv,6084,B2,
целесообразный,adj,6085,B2,
неспособный,adj,6086,b2,
гибкость,n,6087,B2,
завещание,n,6088,B2,
тусовка,n,6089,B2,
ухудшение,n,6090,B2,
аквариум,n,6091,B2,
сустав,n,6092,B2,
теоретик,n,6093,B2,
траектория,n,6094,B2,
героин,n,6095,B2,
наутро,adv,6096,b2,
пусто,adv,6097,B2,
виновник,n,6098,B2,
намеренно,adv,6099,B2,
бриллиант,n,6100,B2,
декорация,n,6101,B2,
запястье,n,6102,B2,
эвакуация,n,6103,B2,
бюрократический,adj,6104,B2,
неуверенно,adv,6105,B2,
выращивать,v,6106,B2,
задерживать,v,6107,B2,
мгновенный,adj,6108,B2,
выразительный,adj,6109,B2,
скрип,n,6110,B2,
выпивка,n,6111,b2,
горючее,n,6112,B2,
шторм,n,6113,B2,
заем,n,6114,B2,
робко,adv,6115,B2,
душить,v,6116,B2,
кустарник,n,6117,B2,
притворяться,v,6118,B2,
опережать,v,6119,B2,
прокат,n,6120,B2,
красить,v,6121,B2,
негде,adv,6122,B2,
розыск,n,6123,B2,
хулиган,n,6124,B2,
законность,n,6125,B2,
накладывать,v,6126,B2,
бинокль,n,6127,B2,
упорство,n,6128,B2,
целостный,adj,6129,B2,
отправление,n,6130,B2,
донесение,n,6131,B2,
грабеж,n,6132,B2,
помойка,n,6133,B2,
акула,n,6134,B2,
несоответствие,n,6135,B2,
шепотом,adv,6136,B2,
тематический,adj,6137,B2,
вздрагивать,v,6138,B2,
инновация,n,6139,B2,
наглядно,adv,6140,B2,
парализовать,v,6141,B2,
смущение,n,6142,B2,
пробегать,v,6143,B2,
редактировать,v,6144,B2,
сосок,n,6145,B2,
трафик,n,6146,B2,
правящий,adj,6147,B2,
предрассудок,n,6148,B2,
юношеский,adj,6149,B2,
провоцировать,v,6150,B2,
автономия,n,6151,B2,
боже,excl,6152,B2,
размещать,v,6153,B2,
рассказчик,n,6154,B2,
элегантный,adj,6155,B2,
педагогика,n,6156,B2,
скобка,n,6157,B2,
пробел,n,6158,B2,
себестоимость,n,6159,B2,
сворачивать,v,6160,B2,
ндс,n,6161,B2,
эгоизм,n,6162,B2,
неприличный,adj,6163,B2,
ловкий,adj,6164,B2,
оккупировать,v,6165,B2,
нажатие,n,6166,B2,
ступня,n,6167,B2,
злоупотребление,n,6168,B2,
беззащитный,adj,6169,B2,
копирование,n,6170,B2,
прилив,n,6171,B2,
менталитет,n,6172,B2,
призвание,n,6173,B2,
распределять,v,6174,B2,
древесина,n,6175,B2,
кумир,n,6176,B2,
увлекать,v,6177,B2,
правдивый,adj,6178,B2,
выборка,n,6179,B2,
атеист,n,6180,B2,
состязание,n,6181,B2,
присоединение,n,6182,B2,
прогнозировать,v,6183,B2,
спутниковый,adj,6184,B2,
бит,n,6185,B2,
отслеживать,v,6186,B2,
целесообразность,n,6187,B2,
копировать,v,6188,B2,
мафия,n,6189,B2,
вручать,v,6190,B2,
застрелить,v,6191,B2,
тонко,adv,6192,b2,
подсудимый,n,6193,B2,
шокировать,v,6194,B2,
загородный,adj,6195,B2,
взаимопонимание,n,6196,B2,
легальный,adj,6197,B2,
кусать,v,6198,B2,
лихорадка,n,6199,B2,
иметь в виду,mwe,6200,B2,
ходьба,n,6201,B2,
присяжный,n,6202,B2,
сжигать,v,6203,B2,
эксклюзивный,adj,6204,B2,
браузер,n,6205,B2,
аспирант,n,6206,B2,
щетка,n,6207,B2,
объединяться,v,6208,B2,
ларек,n,6209,b2,
неуверенность,n,6210,B2,
счетчик,n,6211,B2,
вскакивать,v,6212,B2,
в любое время,mwe,6213,B2,
полушарие,n,6214,B2,
стареть,v,6215,B2,
зачет,n,6216,B2,
прототип,n,6217,B2,
тосковать,v,6218,B2,
своевременный,adj,6219,B2,
драгоценность,n,6220,B2,
пучок,n,6221,B2,
разрывать,v,6222,B2,
эквивалент,n,6223,B2,
джаз,n,6224,B2,
прибавлять,v,6225,B2,
вынуждать,v,6226,B2,
делегат,n,6227,B2,
параграф,n,6228,B2,
доступность,n,6229,B2,
расхождение,n,6230,B2,
наркотический,adj,6231,B2,
материк,n,6232,B2,
журналистский,adj,6233,B2,
архивный,adj,6234,B2,
освобождаться,v,6235,B2,
днк,abbr,6236,B2,
католик,n,6237,B2,
обдумывать,v,6238,B2,
заботливый,adj,6239,B2,
иметь дело,mwe,6240,B2,
познавательный,adj,6241,B2,
кишечник,n,6242,B2,
топить,v,6243,B2,
плитка,n,6244,B2,
накрывать,v,6245,B2,
нарезать,v,6246,B2,
оратор,n,6247,B2,
радиоактивный,adj,6248,B2,
проделывать,v,6249,B2,
жертвовать,v,6250,B2,
крушение,n,6251,B2,
удаленный,adj,6252,B2,
привидение,n,6253,B2,
морщина,n,6254,B2,
бактерия,n,6255,B2,
иммигрант,n,6256,B2,
раунд,n,6257,B2,
эстрада,n,6258,B2,
воскресение,n,6259,B2,
купля,n,6260,B2,
пенис,n,6261,B2,
клевета,n,6262,B2,
периферия,n,6263,B2,
мигать,v,6264,B2,
заведующий,n,6265,B2,
интерпретировать,v,6266,B2,
магистр,n,6267,B2,
формулировать,v,6268,B2,
психиатрический,adj,6269,B2,
разыгрывать,v,6270,B2,
нанимать,v,6271,B2,
свистеть,v,6272,B2,
коттедж,n,6273,B2,
образовывать,v,6274,B2,
инфаркт,n,6275,B2,
бедняк,n,6276,B2,
актерский,adj,6277,B2,
бросок,n,6278,B2,
обаяние,n,6279,B2,
археолог,n,6280,B2,
нырять,v,6281,B2,
диаграмма,n,6282,B2,
вывозить,v,6283,B2,
прививка,n,6284,B2,
изолировать,v,6285,B2,
серийный,adj,6286,B2,
убеждаться,v,6287,B2,
щелкать,v,6288,B2,
настраивать,v,6289,B2,
самолюбие,n,6290,B2,
иммунитет,n,6291,B2,
конкурентоспособность,n,6292,B2,
навещать,v,6293,B2,
преувеличение,n,6294,B2,
докладчик,n,6295,B2,
питательный,adj,6296,B2,
мускул,n,6297,B2,
ронять,v,6298,B2,
опровержение,n,6299,B2,
пуск,n,6300,b2,
завершаться,v,6301,B2,
богач,n,6302,B2,
админ,n,6303,B2,
забастовка,n,6304,B2,
сверхъестественный,adj,6305,B2,
любимец,n,6306,b2,
комментатор,n,6307,B2,
незабываемый,adj,6308,B2,
дразнить,v,6309,B2,
электростанция,n,6310,b2,
кидаться,v,6311,B2,
отравление,n,6312,B2,
бетон,n,6313,B2,
выстраивать,v,6314,B2,
остроумный,adj,6315,B2,
водоем,n,6316,B2,
чудак,n,6317,B2,
неровный,adj,6318,B2,
превышение,n,6319,B2,
присяга,n,6320,B2,
изнасилование,n,6321,B2,
мошенничество,n,6322,B2,
судорога,n,6323,B2,
охлаждение,n,6324,B2,
прижиматься,v,6325,B2,
проблематика,n,6326,B2,
регистрировать,v,6327,B2,
газон,n,6328,B2,
тереть,v,6329,B2,
акустический,adj,6330,B2,
вредить,v,6331,B2,
спешка,n,6332,B2,
выживать,v,6333,B2,
мириться,v,6334,B2,
неравенство,n,6335,B2,
великан,n,6336,B2,
раскачиваться,v,6337,B2,
интерактивный,adj,6338,B2,
листать,V,6339,B2,
обоснованный,adj,6340,B2,
катастрофический,adj,6341,B2,
усовершенствование,n,6342,B2,
авторитарный,adj,6343,B2,
совместимый,adj,6344,B2,
развлекательный,adj,6345,B2,
археологический,adj,6346,B2,
динамичный,adj,6347,B2,
настойчивость,n,6348,B2,
приговаривать,v,6349,B2,
расстреливать,v,6350,B2,
изобразительный,adj,6351,B2,
размножение,n,6352,B2,
сенсация,N,6353,B2,
химик,n,6354,B2,
врываться,v,6355,B2,
насмерть,adv,6356,B2,
синтетический,adj,6357,B2,
сдержанный,adj,6358,B2,
муниципалитет,n,6359,B2,
подделка,n,6360,B2,
устранять,v,6361,B2,
манипулировать,v,6362,B2,
аэс,n,6363,B2,
натягивать,v,6364,B2,
алкоголизм,n,6365,B2,
забираться,v,6366,B2,
дипломатия,n,6367,B2,
волокно,n,6368,B2,
информатика,n,6369,B2,
катить,v,6370,B2,
избивать,v,6371,B2,
нацист,n,6372,B2,
попутчик,n,6373,B2,
идентичный,adj,6374,B2,
ностальгия,n,6375,B2,
изнасиловать,v,6376,B2,
сплетня,n,6377,B2,
бессонница,n,6378,B2,
итого,adv,6379,B2,
закладывать,v,6380,B2,
ожог,n,6381,B2,
мстить,v,6382,B2,
преувеличивать,v,6383,B2,
бездомный,adj,6384,B2,
насос,n,6385,B2,
безжалостный,adj,6386,B2,
хриплый,adj,6387,B2,
динамик,n,6388,B2,
забеременеть,v,6389,B2,
ассистент,n,6390,B2,
вязать,v,6391,B2,
альпинист,n,6392,B2,
напрягаться,v,6393,B2,
куб,n,6394,B2,
огорчение,n,6395,B2,
очарование,n,6396,B2,
моча,n,6397,B2,
развивающийся,adj,6398,B2,
водород,n,6399,B2,
миллиграмм,n,6400,B2,
мультимедийный,adj,6401,B2,
мятеж,n,6402,B2,
прогонять,v,6403,B2,
программное обеспечение,mwe,6404,B2,
дворянство,n,6405,B2,
лентяй,n,6406,B2,
сносить,v,6407,B2,
красть,v,6408,B2,
доверенность,n,6409,B2,
подозреваемый,n,6410,b2,
совмещать,v,6411,B2,
миллилитр,n,6412,B2,
лотерея,n,6413,B2,
распознавать,v,6414,B2,
изобретать,v,6415,B2,
противиться,v,6416,B2,
самодельный,adj,6417,B2,
взаимоотношения,n,6418,B2,
волосатый,adj,6419,B2,
перевозить,v,6420,B2,
желательный,adv,6421,B2,
истекать,v,6422,B2,
вонять,v,6423,B2,
добросовестный,adj,6424,B2,
развлекать,v,6425,B2,
дельфин,n,6426,B2,
критически,adv,6427,b2,
похищение,n,6428,B2,
стационарный,adj,6429,B2,
знакомить,v,6430,B2,
взрывной,adj,6431,b2,
аксессуар,n,6432,B2,
люстра,n,6433,B2,
несуществующий,adj,6434,B2,
реферат,n,6435,B2,
физкультура,n,6436,B2,
дискомфорт,n,6437,b2,
активизировать,v,6438,B2,
существительное,n,6439,B2,
сексуальность,n,6440,B2,
прославиться,v,6441,B2,
зародыш,n,6442,B2,
вождение,n,6443,B2,
усаживаться,v,6444,B2,
недействительный,adj,6445,B2,
загружать,v,6446,B2,
выгонять,v,6447,B2,
любительский,adj,6448,B2,
вице-президент,n,6449,B2,
гнаться,v,6450,B2,
гуманный,adj,6451,B2,
запор,n,6452,B2,
практичный,adj,6453,B2,
егэ,n,6454,B2,
кратковременный,adj,6455,B2,
земледелие,n,6456,B2,
пересадка,n,6457,B2,
проституция,n,6458,B2,
кубический,adj,6459,B2,
карикатура,n,6460,B2,
допрашивать,v,6461,B2,
геноцид,n,6462,B2,
графа,n,6463,b2,
доносить,v,6464,B2,
рассеянный,adj,6465,B2,
запоминаться,v,6466,B2,
хвастаться,v,6467,B2,
макет,n,6468,B2,
потный,adj,6469,B2,
влезать,v,6470,B2,
избавляться,v,6471,B2,
транслировать,v,6472,B2,
наводнение,n,6473,B2,
калория,n,6474,B2,
тайм,n,6475,B2,
аванс,n,6476,B2,
татуировка,n,6477,B2,
оптика,n,6478,B2,
диалект,n,6479,B2,
взрывчатка,n,6480,B2,
залезать,v,6481,B2,
переворачивать,v,6482,B2,
жемчужина,n,6483,b2,
копить,v,6484,B2,
телекоммуникационный,adj,6485,B2,
лживый,adj,6486,B2,
рентабельность,n,6487,B2,
сканер,n,6488,B2,
астма,n,6489,B2,
вставка,n,6490,B2,
датировать,v,6491,b2,
финиш,n,6492,B2,
корреспонденция,n,6493,B2,
прямоугольник,n,6494,B2,
рулить,v,6495,b2,
разделяться,v,6496,B2,
влажность,n,6497,B2,
реализовывать,v,6498,B2,
фейерверк,n,6499,B2,
генерировать,v,6500,B2,
всесторонний,adj,6501,B2,
злоупотреблять,v,6502,B2,
подписываться,v,6503,b2,
принуждать,v,6504,B2,
упрямство,n,6505,B2,
в прошлый раз,mwe,6506,B2,
беглец,n,6507,B2,
систематически,adv,6508,B2,
преобладание,n,6509,B2,
вскрывать,v,6510,B2,
пожизненный,adj,6511,B2,
поручать,v,6512,B2,
хирургия,n,6513,B2,
динозавр,n,6514,B2,
предчувствовать,v,6515,B2,
подключать,v,6516,B2,
расовый,adj,6517,B2,
погружать,v,6518,B2,
суеверие,n,6519,B2,
ограбление,n,6520,B2,
полугодие,n,6521,B2,
сыпать,v,6522,B2,
заезжать,v,6523,B2,
бойня,n,6524,B2,
чесать,v,6525,B2,
лен,n,6526,B2,
пари,n,6527,B2,
ускорять,v,6528,B2,
кукуруза,n,6529,B2,
вкладчик,n,6530,B2,
соискатель,n,6531,B2,
картон,n,6532,B2,
хостинг,n,6533,B2,
завоевывать,v,6534,B2,
аттракцион,n,6535,B2,
конкурентоспособный,adj,6536,B2,
ослаблять,v,6537,B2,
росток,n,6538,B2,
враждебность,n,6539,B2,
спикер,n,6540,B2,
расходовать,v,6541,B2,
членство,n,6542,B2,
головокружение,n,6543,B2,
портативный,adj,6544,B2,
упрощать,v,6545,B2,
сенсорный,adj,6546,B2,
донос,n,6547,B2,
рассчитываться,v,6548,B2,
несогласие,n,6549,b2,
табу,n,6550,B2,
атмосферный,adj,6551,B2,
донор,n,6552,B2,
еженедельник,n,6553,B2,
обновлять,v,6554,B2,
гравитация,n,6555,B2,
расследовать,v,6556,B2,
капюшон,n,6557,B2,
хуй,n,6558,b2,
бутик,n,6559,B2,
недооценивать,v,6560,B2,
иронический,adj,6561,B2,
ветеринар,n,6562,B2,
аська,n,6563,B2,
закреплять,v,6564,B2,
стажировка,n,6565,B2,
усыпать,v,6566,b2,
рвота,n,6567,B2,
тестировать,v,6568,b2,
предавать,v,6569,B2,
присваивать,v,6570,B2,
усваивать,v,6571,B2,
удерживаться,v,6572,B2,
компетентность,n,6573,B2,
стеллаж,n,6574,B2,
зной,n,6575,B2,
классифицировать,v,6576,B2,
равномерный,adj,6577,B2,
списывать,v,6578,B2,
лицемерие,n,6579,B2,
человечность,n,6580,B2,
аномалия,n,6581,B2,
антикварный,adj,6582,B2,
метеорит,n,6583,B2,
электрик,n,6584,B2,
выносливость,n,6585,B2,
катать,v,6586,b2,
равноправие,n,6587,B2,
предотвращать,v,6588,B2,
нажим,n,6589,B2,
изготавливать,v,6590,B2,
иммиграция,n,6591,B2,
перемещать,v,6592,B2,
координировать,v,6593,B2,
воздерживаться,v,6594,b2,
переделывать,v,6595,B2,
в общей сложности,mwe,6596,B2,
оптимистический,adj,6597,B2,
клик,n,6598,B2,
оканчивать,v,6599,b2,
отделяться,v,6600,B2,
худеть,v,6601,B2,
хрусталь,n,6602,B2,
спазм,n,6603,B2,
инвалидность,n,6604,B2,
столбец,n,6605,B2,
конфиденциальный,adj,6606,B2,
экспортировать,v,6607,B2,
модернизировать,v,6608,B2,
вычислять,v,6609,B2,
застывать,v,6610,B2,
матовый,adj,6611,B2,
кокаин,n,6612,B2,
наследовать,v,6613,B2,
мазать,v,6614,B2,
круглосуточный,adj,6615,B2,
расизм,n,6616,B2,
вмещать,v,6617,B2,
инсульт,n,6618,B2,
храпеть,v,6619,B2,
озноб,n,6620,B2,
головоломка,n,6621,B2,
вычет,n,6622,B2,
тушить,v,6623,B2,
пизда,n,6624,b2,
аббревиатура,n,6625,B2,
извещение,n,6626,B2,
задумывать,v,6627,B2,
обосновывать,v,6628,B2,
гепатит,n,6629,B2,
честолюбие,n,6630,B2,
униформа,n,6631,B2,
резюмировать,v,6632,B2,
холостяк,n,6633,B2,
оптимистичный,adj,6634,B2,
раздевалка,n,6635,B2,
экономичный,adj,6636,B2,
продуктивность,n,6637,B2,
эколог,n,6638,B2,
напиваться,v,6639,B2,
удостоверять,v,6640,B2,
фармацевтический,adj,6641,B2,
разливаться,v,6642,B2,
арестовывать,v,6643,B2,
зажимать,v,6644,B2,
менструация,n,6645,B2,
брызгать,v,6646,B2,
расстраивать,v,6647,B2,
председательство,n,6648,B2,
аргументировать,v,6649,B2,
дотация,n,6650,B2,
заверять,v,6651,B2,
ожирение,n,6652,B2,
покрышка,n,6653,B2,
честолюбивый,adj,6654,B2,
эмбрион,n,6655,B2,
копченый,adj,6656,B2,
консультирование,n,6657,b2,
маркировка,n,6658,B2,
продумывать,V,6659,B2,
сноска,n,6660,B2,
млекопитающее,n,6661,B2,
чередование,n,6662,B2,
эластичный,adj,6663,B2,
усердный,adj,6664,B2,
застревать,v,6665,B2,
круиз,n,6666,B2,
ксенофобия,n,6667,B2,
женственный,adj,6668,B2,
исчерпывать,v,6669,B2,
импортировать,v,6670,B2,
суффикс,n,6671,B2,
подбадривать,v,6672,B2,
извещать,v,6673,B2,
префектура,n,6674,B2,
буханка,n,6675,B2,
самоуверенность,n,6676,B2,
пластмасса,n,6677,B2,
гомосексуализм,n,6678,B2,
ввозить,v,6679,b2,
библиография,n,6680,B2,
засуха,n,6681,B2,
разоружение,n,6682,B2,
автострада,n,6683,B2,
ассоциировать,v,6684,B2,
обоняние,n,6685,B2,
алиби,n,6686,B2,
приоткрывать,v,6687,B2,
сленг,n,6688,B2,
гипертония,n,6689,B2,
оса,n,6690,B2,
сиська,n,6691,B2,
раскаиваться,v,6692,B2,
банкнота,n,6693,B2,
аннулировать,v,6694,B2,
бесшумный,adj,6695,B2,
суммировать,v,6696,B2,
подметать,v,6697,B2,
пресс-конференция,n,6698,B2,
моросить,v,6699,B2,
холестерин,n,6700,B2,
заставать,v,6701,B2,
настенный,adj,6702,B2,
намечать,v,6703,B2,
образовываться,v,6704,B2,
приподнимать,v,6705,B2,
молоть,v,6706,B2,
порнографический,adj,6707,B2,
циркулировать,v,6708,B2,
опрокидывать,v,6709,B2,
реформировать,v,6710,B2,
чертить,v,6711,B2,
зависать,v,6712,B2,
повествовательный,adj,6713,B2,
съезжать,v,6714,B2,
сосредоточиваться,v,6715,B2,
вышивать,v,6716,B2,
возобновлять,v,6717,b2,
мочиться,v,6718,B2,
связный,adj,6719,B2,
опрашивать,v,6720,B2,
укрывать,v,6721,B2,
основывать,v,6722,B2,
высасывать,v,6723,B2,
по-старому,adv,6724,B2,
сортировать,v,6725,B2,
столяр,n,6726,B2,
преуспевать,v,6727,B2,
префект,n,6728,B2,
хладнокровный,adj,6729,B2,
загрязнять,v,6730,B2,
конвертировать,v,6731,B2,
неполадка,n,6732,B2,
помилование,n,6733,B2,
гениталии,n,6734,B2,
демонстрант,n,6735,B2,
родинка,n,6736,B2,
сигнализировать,v,6737,B2,
кожура,n,6738,b2,
породистый,adj,6739,b2,
гелий,n,6740,B2,
загораживать,v,6741,B2,
пороть,v,6742,B2,
выпечка,n,6743,B2,
локализовать,v,6744,B2,
дисковод,n,6745,B2,
циркуляция,n,6746,B2,
заражать,v,6747,B2,
злить,v,6748,B2,
активировать,v,6749,B2,
венерический,adj,6750,B2,
целеустремленный,adj,6751,B2,
тухлый,adj,6752,B2,
ископаемый,adj,6753,B2,
противозачаточный,adj,6754,B2,
реализовываться,v,6755,B2,
монтировать,v,6756,B2,
ожидаемый,adj,6757,B2,
токсичный,adj,6758,B2,
суицид,n,6759,B2,
заразный,adj,6760,B2,
разочаровывать,v,6761,B2,
выкупать,v,6762,B2,
тщеславный,adj,6763,B2,
допинг,n,6764,B2,
нагружать,v,6765,B2,
рассеянность,n,6766,B2,
лицемерный,adj,6767,B2,
тире,n,6768,B2,
увольняться,v,6769,B2,
сыворотка,n,6770,B2,
взламывать,v,6771,B2,
где-либо,adv,6772,B2,
жалить,v,6773,B2,
заваривать,v,6774,b2,
протеин,n,6775,B2,
встряхивать,v,6776,b2,
гармонировать,v,6777,B2,
сберегательный,adj,6778,B2,
застенчивость,n,6779,B2,
рептилия,n,6780,B2,
дозировка,n,6781,B2,
клиентура,n,6782,B2,
зачислять,v,6783,B2,
переносной,adj,6784,B2,
складной,adj,6785,B2,
флиртовать,v,6786,B2,
сокурсник,n,6787,B2,
неверность,n,6788,B2,
оповещать,v,6789,B2,
охрипнуть,v,6790,B2,
предохранение,n,6791,B2,
запаздывать,v,6792,B2,
европарламент,n prop,6793,B2,
многоточие,n,6794,B2,
предшествующий,adj,6795,B2,
передозировка,n,6796,B2,
преобразовывать,v,6797,B2,
самообразование,n,6798,B2,
расчесывать,v,6799,B2,
краситься,v,6800,B2,
укроп,n,6801,B2,
слизистая,n,6802,B2,
нервировать,v,6803,B2,
растяжение,n,6804,B2,
предохраняться,v,6805,B2,
растворять,v,6806,b2,
законченный,adj,6807,B2,
встраивать,v,6808,B2,
жестикуляция,n,6809,B2,
эмбарго,n,6810,B2,
фокусировать,v,6811,B2,
гной,n,6812,B2,
сейсмический,adj,6813,B2,
задержанный,n,6814,B2,
склонение,n,6815,B2,
вместимость,n,6816,B2,
парниковый,adj,6817,B2,
взглядывать,v,6818,B2,
ржаветь,v,6819,B2,
гетеросексуальный,adj,6820,b2,
бастовать,v,6821,B2,
распространенный,adj,6822,B2,
двоеточие,n,6823,B2,
удваивать,v,6824,B2,
пылиться,v,6825,B2,
занятой,adj,6826,B2,
совокупляться,v,6827,B2,
коррелировать,v,6828,B2,
пирсинг,n,6829,B2,
приспосабливать,v,6830,B2,
эрогенный,adj,6831,B2,
выкручивать,v,6832,B2,
эвтаназия,n,6833,B2,
изжога,n,6834,B2,
разглашать,v,6835,B2,
пацифист,n,6836,B2,
стелить,v,6837,B2,
пунктуальный,adj,6838,B2,
разъединять,v,6839,B2,
дисквалификация,n,6840,B2,
педофил,n,6841,B2,
бомбардировать,v,6842,b2,
опознавать,v,6843,B2,
изнашиваться,v,6844,B2,
наряжать,v,6845,B2,
обосраться,v,6846,B2,
обогрев,n,6847,B2,
помечать,v,6848,b2,
невоспитанный,adj,6849,B2,
квартиросъемщик,n,6850,B2,
уравновешенный,adj,6851,B2,
пиктограмма,n,6852,B2,
наедаться,v,6853,B2,
незрячий,adj,6854,B2,
жеребьевка,n,6855,b2,
укорачивать,v,6856,B2,
пресмыкающееся,n,6857,B2,
единогласный,adj,6858,B2,
автофокус,n,6859,B2,
деепричастие,n,6860,B2,
индикация,N,6861,B2,
кадры,n,6862,B2,
авитаминоз,n,6863,B2,
захватывающий,adj,6864,B2,
мэйл,n,6865,b2,
конвертируемый,adj,6866,B2,
средства,n,6867,B2,
избалованный,adj,6868,B2,
архивировать,v,6869,B2,
омоним,n,6870,B2,
беспроводной,adj,6871,B2,
подворачивать,v,6872,B2,
залогиниться,v,6873,B2,
мл,abbr,6874,B2,
мг,n,6875,B2,
выматывающий,adj,6876,B2,
файлообменник,n,6877,b2,
предки,n,6878,B2,
следует,v,6879,B2,
сбережения,n,6880,B2,
сведения,n,6881,B2,
амбиции,n,6882,B2,
база данных,mwe,6883,B2,
брать интервью,mwe,6884,B2,
в пьяном виде,mwe,6885,B2,
в то время как,con,6886,B2,
вводить в действие,mwe,6887,B2,
вести переговоры,mwe,6888,B2,
вести переписку,mwe,6889,B2,
видеть во сне,mwe,6890,b2,
внешняя политика,mwe,6891,B2,
возмещение ущерба,mwe,6892,B2,
вступать в брак,mwe,6893,B2,
выражение лица,mwe,6894,B2,
высшая школа,mwe,6895,B2,
государственный служащий,mwe,6896,B2,
гражданская война,mwe,6897,B2,
давать взаймы,mwe,6898,b2,
декретный отпуск,mwe,6899,B2,
делать апгрейд,mwe,6900,B2,
делать вывод,mwe,6901,B2,
детский дом,mwe,6902,B2,
дистанционное управление,mwe,6903,B2,
дом престарелых,mwe,6904,B2,
домашняя страница,mwe,6905,B2,
ездить верхом,mwe,6906,B2,
жесткий диск,mwe,6907,B2,
жестокое обращение,mwe,6908,B2,
заключать в тюрьму,mwe,6909,B2,
заниматься любовью,mwe,6910,B2,
затраты,n,6911,B2,
и т.д.,abbr,6912,B2,
идти на компромисс,mwe,6913,B2,
избирательный бюллетень,mwe,6914,b2,
избирательный голос,mwe,6915,b2,
иметь значение,mwe,6916,B2,
иметь отношение,mwe,6917,B2,
испытательный срок,mwe,6918,B2,
источник энергии,mwe,6919,B2,
карманник,mwe,6920,B2,
качество жизни,mwe,6921,B2,
квадратный метр,mwe,6922,B2,
коммуникации,n,6923,B2,
контактное лицо,mwe,6924,B2,
кончать жизнь самоубийством,mwe,6925,B2,
кормить грудью,mwe,6926,B2,
кроме того,con,6927,B2,
личная жизнь,mwe,6928,B2,
лишний вес,mwe,6929,B2,
материнская плата,mwe,6930,B2,
МГУ,ABBR,6931,B2,
место происшествия,mwe,6932,B2,
мировая война,mwe,6933,B2,
мировая экономика,mwe,6934,B2,
налоговая инспекция,mwe,6935,B2,
наносить ущерб,mwe,6936,b2,
нести ответственность,mwe,6937,B2,
ни ... ни,con,6938,B2,
ни в коем случае,mwe,6939,B2,
облагать налогом,mwe,6940,B2,
обратная связь,mwe,6941,B2,
обслуживающий персонал,mwe,6942,B2,
общественное мнение,mwe,6943,B2,
общественный транспорт,mwe,6944,B2,
оживленный,adj,6945,B2,
окружающая среда,n,6946,B2,
операционная система,mwe,6947,B2,
побочный эффект,mwe,6948,B2,
повестка дня,mwe,6949,B2,
подавляющее большинство,mwe,6950,B2,
подводить итоги,mwe,6951,B2,
поисковая система,mwe,6952,B2,
почтовое отделение,mwe,6953,B2,
почтовое отправление,mwe,6954,b2,
права человека,mwe,6955,B2,
правила дорожного движения,mwe,6956,B2,
правоохранительные органы,mwe,6957,B2,
пресс-секретарь,n,6958,B2,
приводить к присяге,mwe,6959,B2,
принимать меры,mwe,6960,B2,
приходить к выводу,mwe,6961,B2,
продукты питания,mwe,6962,B2,
реалити-шоу,n,6963,B2,
ролики,n,6964,B2,
руководство пользователя,mwe,6965,B2,
свидетельские показания,mwe,6966,B2,
сельское хозяйство,mwe,6967,B2,
служебные обязанности,mwe,6968,B2,
смертная казнь,mwe,6969,B2,
собирать урожай,mwe,6970,B2,
соболезнования,n,6971,B2,
советский союз,mwe,6972,B2,
т.е.,abbr,6973,B2,
так как,con,6974,B2,
таким образом,con,6975,B2,
техническое обслуживание,mwe,6976,B2,
транспортное средство,mwe,6977,B2,
тюремное заключение,mwe,6978,B2,
убеждения,n,6979,B2,
удостоверение личности,mwe,6980,B2,
уйти на пенсию,mwe,6981,B2,
чего-либо,pron,6982,B2,
штрих-код,n,6983,B2,
ведь,particle,6984,C1,
именно,particle,6985,C1,
однако,con,6986,C1,
кроме,adpos,6987,C1,
советский,adj,6988,C1,
прежде,adv,6989,C1,
событие,n,6990,C1,
словно,particle,6991,C1,
весьма,adv,6992,C1,
дух,n,6993,C1,
степень,n,6994,C1,
успех,n,6995,C1,
составлять,v,6996,C1,
практически,adv,6997,C1,
если бы,mwe,6998,C1,
служить,v,6999,C1,
крайний,adj,7000,c1,
масса,n,7001,C1,
сфера,n,7002,C1,
регион,n,7003,C1,
прочий,pron,7004,C1,
существование,n,7005,C1,
мужик,n,7006,C1,
генерал,n,7007,C1,
считаться,v,7008,c1,
ради,adpos,7009,C1,
обстоятельство,n,7010,C1,
версия,n,7011,C1,
зато,con,7012,C1,
акция,n,7013,C1,
настолько,adv,7014,C1,
утверждать,v,7015,C1,
явление,n,7016,C1,
отдел,n,7017,C1,
итак,adv,7018,C1,
нынешний,adj,7019,C1,
обеспечение,n,7020,C1,
явно,adv,7021,C1,
дальнейший,adj,7022,C1,
согласно,adv,7023,C1,
устройство,n,7024,C1,
частность,n,7025,C1,
собственно,adv,7026,C1,
относительно,adv,7027,C1,
реализация,n,7028,C1,
полагать,v,7029,C1,
очевидно,adv,7030,C1,
акт,n,7031,C1,
пост,n,7032,C1,
истина,n,7033,C1,
говориться,v,7034,C1,
полк,n,7035,C1,
сведение,n,7036,C1,
выполнение,n,7037,C1,
эпоха,n,7038,C1,
похоже,adv,7039,C1,
перспектива,n,7040,C1,
дама,n,7041,C1,
ведущий,n,7042,C1,
учреждение,n,7043,C1,
соответственно,adv,7044,C1,
как правило,mwe,7045,C1,
действительность,n,7046,C1,
штаб,n,7047,C1,
танк,n,7048,C1,
обращать,v,7049,C1,
крайне,adv,7050,C1,
вдоль,adpos,7051,c1,
способствовать,v,7052,C1,
полковник,n,7053,C1,
достойный,adj,7054,C1,
генеральный,adj,7055,C1,
тенденция,n,7056,C1,
летчик,n,7057,C1,
непосредственно,adv,7058,C1,
помимо,adpos,7059,C1,
статус,n,7060,C1,
устраивать,v,7061,C1,
покой,n,7062,C1,
стандарт,n,7063,C1,
дивизия,n,7064,C1,
стремление,N,7065,C1,
округ,n,7066,C1,
очевидный,adj,7067,C1,
в первую очередь,mwe,7068,C1,
персонаж,n,7069,C1,
свидетельствовать,v,7070,C1,
схватить,v,7071,C1,
крутой,adj,7072,C1,
лейтенант,n,7073,C1,
наступление,n,7074,C1,
проявление,n,7075,C1,
вслед,adv,7076,C1,
определяться,v,7077,C1,
вынужденный,adj,7078,C1,
воин,n,7079,C1,
баба,n,7080,C1,
не стоит,mwe,7081,C1,
скрывать,v,7082,C1,
протяжение,n,7083,C1,
распоряжение,n,7084,C1,
публика,n,7085,C1,
юноша,n,7086,C1,
стратегический,adj,7087,C1,
меч,n,7088,C1,
обработка,n,7089,C1,
сообщество,n,7090,C1,
сценарий,n,7091,C1,
постановление,n,7092,C1,
боец,n,7093,C1,
нужда,n,7094,C1,
промышленный,adj,7095,C1,
подразделение,n,7096,C1,
поражение,n,7097,C1,
реально,adv,7098,C1,
судно,n,7099,C1,
борт,n,7100,C1,
выпускать,v,7101,C1,
девчонка,n,7102,C1,
и так далее,mwe,7103,C1,
тайный,adj,7104,C1,
предоставлять,v,7105,C1,
рассмотрение,n,7106,C1,
в отличие,mwe,7107,C1,
спасение,n,7108,C1,
непосредственный,adj,7109,C1,
несомненно,adv,7110,C1,
противоречие,n,7111,C1,
явный,adj,7112,C1,
орудие,n,7113,C1,
построение,n,7114,C1,
битва,n,7115,C1,
разведка,N,7116,C1,
потенциал,n,7117,C1,
расширение,n,7118,C1,
великолепный,adj,7119,C1,
объективный,adj,7120,C1,
звание,n,7121,C1,
проявляться,v,7122,C1,
душевный,adj,7123,C1,
раб,n,7124,C1,
потенциальный,adj,7125,C1,
приниматься,v,7126,C1,
вечно,adv,7127,C1,
рассматриваться,v,7128,C1,
переживание,n,7129,C1,
везти,v,7130,C1,
вестись,v,7131,C1,
ведение,n,7132,C1,
корпорация,n,7133,C1,
складываться,v,7134,C1,
авторский,adj,7135,C1,
существенно,adv,7136,C1,
опираться,v,7137,C1,
авиация,n,7138,C1,
приход,n,7139,C1,
подлинный,adj,7140,C1,
вождь,n,7141,C1,
соображение,n,7142,C1,
кое-что,pron,7143,C1,
совещание,n,7144,C1,
окружение,n,7145,C1,
законодательный,adj,7146,C1,
слуга,n,7147,C1,
решительно,adv,7148,C1,
оперативный,adj,7149,C1,
вернее,adv,7150,C1,
публичный,adj,7151,C1,
призывать,v,7152,C1,
вооружение,n,7153,c1,
прокуратура,n,7154,C1,
племя,n,7155,C1,
сталкиваться,v,7156,C1,
в самом деле,mwe,7157,C1,
правление,n,7158,C1,
недавний,adj,7159,C1,
пресс,n,7160,C1,
добыча,n,7161,C1,
своеобразный,adj,7162,C1,
царство,n,7163,C1,
революционный,adj,7164,C1,
корпоративный,adj,7165,C1,
ближний,n,7166,C1,
вплоть,adv,7167,C1,
торчать,v,7168,C1,
пушка,n,7169,C1,
чуть ли не,mwe,7170,C1,
снаряд,n,7171,C1,
исполнительный,adj,7172,C1,
грозный,adj,7173,C1,
рассуждение,n,7174,C1,
сержант,n,7175,C1,
видение,n,7176,C1,
царский,adj,7177,C1,
вроде бы,mwe,7178,C1,
придавать,v,7179,C1,
указ,n,7180,C1,
организатор,n,7181,C1,
опасаться,v,7182,C1,
осознавать,v,7183,C1,
грань,n,7184,C1,
управляющий,adj,7185,C1,
пламя,n,7186,C1,
вводить,v,7187,C1,
сторонник,n,7188,C1,
съемка,n,7189,C1,
полагаться,v,7190,C1,
замысел,n,7191,C1,
манера,n,7192,C1,
призыв,n,7193,C1,
строиться,v,7194,C1,
дракон,n,7195,C1,
владение,n,7196,C1,
весть,n,7197,c1,
склон,n,7198,C1,
провинция,n,7199,C1,
перо,n,7200,C1,
маркетинг,n,7201,C1,
браться,v,7202,C1,
в свое время,mwe,7203,C1,
нету,adv,7204,C1,
продвижение,n,7205,C1,
первоначальный,adj,7206,C1,
предоставление,n,7207,C1,
сооружение,n,7208,C1,
подавлять,v,7209,C1,
репутация,n,7210,C1,
с учетом,mwe,7211,C1,
прокурор,n,7212,C1,
бродить,v,7213,C1,
неизбежный,adj,7214,C1,
активы,N,7215,C1,
славный,adj,7216,C1,
раненый,n,7217,C1,
контора,n,7218,C1,
покачать,v,7219,C1,
семейство,n,7220,C1,
по-видимому,adv,7221,C1,
девица,n,7222,C1,
располагать,V,7223,C1,
выводить,v,7224,C1,
сделаться,v,7225,C1,
благоприятный,adj,7226,C1,
со временем,mwe,7227,C1,
бабка,n,7228,C1,
пророк,n,7229,C1,
оао,n,7230,C1,
поначалу,adv,7231,C1,
знамя,n,7232,C1,
скрытый,adj,7233,C1,
сиять,v,7234,C1,
сперва,adv,7235,C1,
бред,n,7236,C1,
миля,n,7237,C1,
проклятый,adj,7238,C1,
скрываться,v,7239,C1,
сражаться,v,7240,C1,
столб,n,7241,C1,
безумный,adj,7242,C1,
творить,v,7243,C1,
доза,n,7244,C1,
сводить,v,7245,C1,
жалкий,adj,7246,c1,
резерв,n,7247,C1,
рядовой,adj,7248,C1,
время от времени,mwe,7249,C1,
заслуга,N,7250,C1,
преобразование,n,7251,C1,
законопроект,n,7252,C1,
тыл,n,7253,C1,
привлечение,N,7254,C1,
монах,n,7255,C1,
артиллерия,n,7256,c1,
ввиду,adpos,7257,C1,
не в состоянии,mwe,7258,C1,
лозунг,n,7259,C1,
разглядывать,v,7260,C1,
сформировать,v,7261,C1,
противоречить,v,7262,C1,
стойка,n,7263,C1,
стрельба,n,7264,C1,
уставиться,v,7265,C1,
править,v,7266,C1,
захват,n,7267,C1,
перечень,n,7268,C1,
послышаться,v,7269,C1,
расходиться,v,7270,C1,
значимый,adj,7271,C1,
рухнуть,v,7272,C1,
суждение,n,7273,C1,
командующий,n,7274,C1,
валяться,v,7275,C1,
казак,n,7276,C1,
пользование,n,7277,C1,
рукопись,n,7278,C1,
ведомство,n,7279,C1,
предшествовать,v,7280,C1,
вопреки,adpos,7281,C1,
устав,n,7282,C1,
творение,n,7283,C1,
загадочный,adj,7284,C1,
конгресс,n,7285,C1,
повсюду,adv,7286,C1,
подчиненный,n,7287,C1,
цех,n,7288,C1,
подчиняться,v,7289,C1,
упоминать,v,7290,C1,
льгота,n,7291,C1,
коренной,adj,7292,C1,
стрела,n,7293,C1,
люк,n,7294,C1,
потрясать,v,7295,C1,
большевик,n,7296,C1,
разведчик,n,7297,C1,
обнаруживать,v,7298,C1,
охотно,adv,7299,C1,
госпиталь,n,7300,C1,
намек,n,7301,C1,
сопровождаться,v,7302,C1,
первичный,adj,7303,C1,
сопровождение,n,7304,C1,
поклонник,n,7305,C1,
адмирал,n,7306,C1,
феномен,n,7307,C1,
отечество,n,7308,C1,
рассылка,n,7309,C1,
полноценный,adj,7310,C1,
величество,n,7311,C1,
сводиться,v,7312,C1,
возрождение,n,7313,C1,
следом,adv,7314,C1,
решающий,adj,7315,C1,
предпочтение,n,7316,C1,
головка,n,7317,C1,
почетный,adj,7318,C1,
мвд,n,7319,C1,
ориентироваться,v,7320,C1,
ориентировать,v,7321,C1,
отмечаться,v,7322,C1,
дальнейшее,n,7323,C1,
хаос,n,7324,C1,
давний,adj,7325,C1,
асфальт,n,7326,C1,
воинский,adj,7327,C1,
филиал,n,7328,C1,
оглядываться,v,7329,C1,
передаваться,v,7330,C1,
поддержание,n,7331,C1,
сравнительно,adv,7332,C1,
поддаваться,v,7333,C1,
простор,n,7334,C1,
мент,n,7335,C1,
скот,n,7336,C1,
освоение,n,7337,C1,
перестройка,n,7338,C1,
полевой,adj,7339,C1,
клиника,n,7340,C1,
порождать,v,7341,C1,
матрос,n,7342,C1,
задумчиво,adv,7343,C1,
локальный,adj,7344,C1,
степь,n,7345,C1,
доноситься,v,7346,C1,
субъективный,adj,7347,C1,
поп,n,7348,C1,
питаться,v,7349,C1,
оркестр,n,7350,C1,
грохот,n,7351,C1,
орбита,n,7352,C1,
подразумевать,v,7353,C1,
ооо,abbr,7354,C1,
обитатель,n,7355,C1,
проникать,v,7356,C1,
вправе,adv,7357,c1,
провал,N,7358,C1,
клясться,v,7359,C1,
семя,n,7360,C1,
радикальный,adj,7361,C1,
противостоять,v,7362,C1,
в том случае,mwe,7363,C1,
бочка,n,7364,C1,
сомнительный,adj,7365,C1,
осколок,n,7366,C1,
респондент,n,7367,C1,
заря,n,7368,C1,
издатель,n,7369,C1,
отставка,n,7370,C1,
отступать,v,7371,C1,
изредка,adv,7372,C1,
окраина,n,7373,C1,
подача,n,7374,C1,
прохождение,n,7375,C1,
специфика,n,7376,C1,
нота,n,7377,C1,
альтернатива,n,7378,C1,
значимость,n,7379,C1,
дурацкий,adj,7380,C1,
перспективный,adj,7381,C1,
чин,n,7382,C1,
крыльцо,n,7383,C1,
поражать,v,7384,C1,
заблуждение,n,7385,C1,
перемещение,n,7386,C1,
спектр,n,7387,C1,
совершение,N,7388,C1,
осознание,n,7389,C1,
недоумение,n,7390,C1,
шкура,n,7391,C1,
царить,v,7392,C1,
отклик,n,7393,C1,
наследник,n,7394,C1,
довод,n,7395,C1,
благополучно,adv,7396,C1,
стадо,n,7397,C1,
упоминаться,v,7398,C1,
светский,adj,7399,C1,
характеризовать,v,7400,C1,
глазок,n,7401,C1,
терапия,n,7402,C1,
основываться,v,7403,C1,
наряд,n,7404,C1,
покойный,adj,7405,C1,
заработок,n,7406,C1,
прорыв,n,7407,C1,
индивид,n,7408,C1,
восстание,n,7409,C1,
республиканский,adj,7410,C1,
пик,n,7411,C1,
дверца,n,7412,C1,
однозначно,adv,7413,C1,
слышаться,v,7414,C1,
сознательно,adv,7415,C1,
вот-вот,adv,7416,C1,
ограничиваться,v,7417,C1,
пирамида,n,7418,C1,
ставиться,v,7419,C1,
тираж,n,7420,C1,
авиационный,adj,7421,C1,
пузырь,n,7422,C1,
неожиданность,n,7423,C1,
приемлемый,adj,7424,C1,
жилище,n,7425,C1,
изба,n,7426,C1,
акционер,n,7427,C1,
схватка,n,7428,C1,
составление,n,7429,C1,
спирт,n,7430,C1,
сработать,v,7431,C1,
портфель,n,7432,C1,
руководствоваться,v,7433,C1,
наследство,n,7434,C1,
спуск,n,7435,C1,
кгб,n,7436,C1,
категорически,adv,7437,C1,
сокровище,n,7438,C1,
лишать,v,7439,C1,
предельный,adj,7440,C1,
сдаваться,v,7441,C1,
содействие,n,7442,C1,
иерархия,n,7443,C1,
ссылаться,v,7444,C1,
лишение,n,7445,C1,
опасение,n,7446,C1,
казалось бы,mwe,7447,C1,
сельскохозяйственный,adj,7448,C1,
вдали,adv,7449,C1,
за рубежом,mwe,7450,C1,
распад,n,7451,C1,
не в силах,mwe,7452,C1,
высказывать,v,7453,C1,
прекращение,n,7454,C1,
пруд,n,7455,C1,
артиллерийский,adj,7456,c1,
подобие,n,7457,C1,
препятствовать,v,7458,C1,
рама,n,7459,C1,
чаша,n,7460,C1,
поселение,n,7461,C1,
дитя,n,7462,C1,
структурный,adj,7463,C1,
так или иначе,mwe,7464,C1,
колодец,n,7465,C1,
упор,n,7466,C1,
клан,n,7467,C1,
как говорится,mwe,7468,C1,
сниматься,v,7469,C1,
одиночка,n,7470,C1,
превосходство,n,7471,C1,
этика,n,7472,C1,
прикрывать,v,7473,C1,
упоминание,n,7474,C1,
плевать,v,7475,C1,
пластинка,n,7476,C1,
преодоление,n,7477,C1,
вздох,n,7478,C1,
рано или поздно,mwe,7479,C1,
редкость,n,7480,C1,
поляна,n,7481,C1,
стая,n,7482,C1,
ворона,n,7483,C1,
гвардия,n,7484,c1,
очнуться,v,7485,C1,
стимул,n,7486,C1,
конвенция,N,7487,C1,
отпечаток,n,7488,C1,
покрытие,n,7489,C1,
покрывать,v,7490,C1,
сука,n,7491,C1,
чудовище,n,7492,C1,
плотность,n,7493,C1,
вместе с тем,mwe,7494,C1,
вырезать,v,7495,C1,
сетка,n,7496,C1,
любезный,adj,7497,C1,
вблизи,adv,7498,C1,
палуба,n,7499,C1,
управленческий,adj,7500,C1,
капиталистический,adj,7501,C1,
приватизация,n,7502,C1,
недовольство,n,7503,C1,
кубок,N,7504,C1,
сегмент,n,7505,C1,
горшок,n,7506,C1,
наводить,v,7507,C1,
грудной,adj,7508,C1,
сознавать,v,7509,C1,
промежуточный,adj,7510,C1,
пускай,particle,7511,C1,
рекомендоваться,v,7512,C1,
безумие,n,7513,C1,
ожидаться,v,7514,C1,
изумление,n,7515,C1,
штурм,n,7516,C1,
выработка,n,7517,C1,
банальный,adj,7518,C1,
лига,n,7519,C1,
негр,n,7520,C1,
пограничный,adj,7521,C1,
позор,n,7522,C1,
находка,n,7523,C1,
шлем,n,7524,C1,
сарай,n,7525,C1,
установленный,adj,7526,C1,
бешеный,adj,7527,C1,
пытка,n,7528,C1,
мчаться,v,7529,C1,
бал,n,7530,C1,
горожанин,n,7531,C1,
кролик,n,7532,C1,
спонсор,n,7533,C1,
именовать,v,7534,C1,
роковой,adj,7535,C1,
барабан,n,7536,C1,
катер,n,7537,C1,
парус,n,7538,C1,
вторжение,n,7539,c1,
минувший,adj,7540,c1,
эра,n,7541,C1,
залог,n,7542,c1,
порок,n,7543,C1,
титул,n,7544,C1,
вампир,n,7545,C1,
враждебный,adj,7546,C1,
круто,adv,7547,C1,
хирург,n,7548,C1,
смотреться,v,7549,C1,
колокол,n,7550,C1,
стон,n,7551,C1,
противоположность,n,7552,C1,
тора,n,7553,C1,
пустяк,n,7554,C1,
символический,adj,7555,C1,
выставлять,v,7556,C1,
бессмертный,adj,7557,C1,
в очередной раз,mwe,7558,C1,
индеец,n,7559,C1,
обладатель,n,7560,C1,
констатировать,v,7561,C1,
ясность,n,7562,C1,
отстаивать,v,7563,C1,
поразительный,adj,7564,C1,
обитать,v,7565,C1,
господство,n,7566,C1,
внесение,n,7567,C1,
фсб,n,7568,C1,
устранение,n,7569,C1,
мучительный,adj,7570,C1,
русло,n,7571,C1,
предпосылка,n,7572,C1,
босс,n,7573,C1,
водиться,v,7574,C1,
шевелиться,v,7575,C1,
заговор,n,7576,C1,
суета,n,7577,C1,
погодить,v,7578,C1,
зам,n,7579,C1,
камин,n,7580,C1,
противостояние,n,7581,C1,
издержки,n,7582,C1,
отчетность,n,7583,C1,
гад,n,7584,C1,
линейный,adj,7585,C1,
франк,n,7586,c1,
протекать,v,7587,C1,
сталинский,adj,7588,C1,
мудрец,n,7589,C1,
комсомольский,adj,7590,C1,
скакать,v,7591,C1,
бревно,n,7592,C1,
коса,n,7593,C1,
бесчисленный,adj,7594,C1,
и особенно,mwe,7595,C1,
допустимый,adj,7596,C1,
станок,n,7597,C1,
шахта,n,7598,C1,
луг,n,7599,C1,
убедительный,adj,7600,C1,
массив,n,7601,C1,
очутиться,v,7602,C1,
фракция,n,7603,C1,
выпивать,v,7604,C1,
невыносимый,adj,7605,C1,
страстный,adj,7606,C1,
урод,n,7607,C1,
лауреат,n,7608,C1,
ни к чему,mwe,7609,C1,
котел,n,7610,C1,
от имени,mwe,7611,C1,
знаток,n,7612,c1,
трибуна,n,7613,C1,
приводиться,v,7614,C1,
чертов,adj,7615,C1,
голубь,n,7616,C1,
обрабатывать,v,7617,C1,
скончаться,v,7618,C1,
издалека,adv,7619,C1,
легендарный,adj,7620,C1,
соображать,v,7621,C1,
преобладать,v,7622,C1,
неясный,adj,7623,C1,
просвещение,n,7624,C1,
лопата,n,7625,C1,
характеризоваться,v,7626,C1,
богиня,n,7627,C1,
мелькнуть,v,7628,C1,
классовый,adj,7629,C1,
связка,n,7630,C1,
чрезмерный,adj,7631,C1,
вылезать,v,7632,C1,
предоставляться,v,7633,C1,
участь,n,7634,C1,
кое,particle,7635,C1,
фига,n,7636,C1,
допускаться,v,7637,C1,
мистический,adj,7638,C1,
чушь,n,7639,C1,
синдром,n,7640,C1,
сияние,n,7641,C1,
доктрина,n,7642,C1,
истерика,n,7643,C1,
утрата,n,7644,C1,
штурман,n,7645,C1,
уцелеть,v,7646,C1,
фланг,n,7647,C1,
носиться,v,7648,C1,
кружиться,v,7649,C1,
колючий,ADJ,7650,C1,
президиум,n,7651,C1,
старина,n,7652,C1,
спаситель,n,7653,C1,
отвергать,v,7654,C1,
зао,ABBR,7655,C1,
сбыт,n,7656,C1,
вой,n,7657,C1,
злобный,adj,7658,C1,
целостность,N,7659,C1,
бакс,n,7660,C1,
разбор,n,7661,C1,
персона,n,7662,C1,
на первый взгляд,mwe,7663,C1,
пролетариат,n,7664,C1,
железа,n,7665,C1,
конструктивный,adj,7666,C1,
выраженный,adj,7667,C1,
грант,n,7668,C1,
свод,n,7669,C1,
поклониться,v,7670,C1,
фиксировать,v,7671,C1,
нора,n,7672,C1,
обочина,n,7673,C1,
сходиться,v,7674,C1,
договоренность,n,7675,C1,
летный,adj,7676,C1,
переработка,n,7677,C1,
стрелковый,adj,7678,C1,
референдум,n,7679,C1,
гул,n,7680,C1,
чайка,n,7681,C1,
стремительный,adj,7682,C1,
роддом,n,7683,C1,
согласование,n,7684,C1,
трудящийся,n,7685,C1,
подсознание,n,7686,C1,
господствовать,v,7687,C1,
парашют,n,7688,C1,
верхушка,n,7689,C1,
связываться,v,7690,C1,
интрига,n,7691,C1,
недаром,adv,7692,C1,
ранение,n,7693,C1,
обломок,n,7694,C1,
упираться,v,7695,C1,
упрек,n,7696,C1,
отнимать,v,7697,c1,
неприятель,n,7698,C1,
гигант,n,7699,C1,
пристрастие,n,7700,C1,
словесный,adj,7701,C1,
ущелье,n,7702,C1,
пепел,n,7703,C1,
сплошь,adv,7704,C1,
выдержка,n,7705,c1,
зрелый,adj,7706,C1,
тактический,adj,7707,C1,
лабиринт,n,7708,C1,
ремесло,n,7709,C1,
затрагивать,v,7710,c1,
акционерный,adj,7711,C1,
рабство,n,7712,C1,
попадание,n,7713,C1,
окоп,n,7714,C1,
практиковать,v,7715,c1,
надзор,n,7716,C1,
заключительный,adj,7717,C1,
косвенный,adj,7718,C1,
органический,adj,7719,C1,
треск,n,7720,C1,
произвол,n,7721,C1,
проклятие,n,7722,C1,
приют,n,7723,C1,
привязанность,n,7724,C1,
медитация,n,7725,C1,
ук,n,7726,C1,
трактор,n,7727,C1,
обнаружение,n,7728,C1,
последователь,n,7729,C1,
занавес,n,7730,C1,
прочтение,n,7731,C1,
сформироваться,v,7732,C1,
психиатр,n,7733,C1,
высказываться,v,7734,C1,
индивидуальность,n,7735,C1,
привилегия,n,7736,C1,
коалиция,n,7737,C1,
нахмуриться,v,7738,C1,
проноситься,v,7739,C1,
тревожить,v,7740,C1,
перебирать,v,7741,C1,
лиса,n,7742,C1,
маяк,n,7743,C1,
прицел,n,7744,C1,
влиятельный,adj,7745,C1,
предшественник,n,7746,C1,
направленность,n,7747,C1,
оборудовать,v,7748,C1,
отрываться,v,7749,C1,
ощущаться,v,7750,C1,
издеваться,v,7751,C1,
вплотную,adv,7752,C1,
поверхностный,adj,7753,C1,
этический,adj,7754,C1,
наедине,adv,7755,C1,
рельс,n,7756,C1,
оптический,adj,7757,C1,
раздумье,n,7758,C1,
летопись,n,7759,C1,
червь,n,7760,C1,
диктатура,n,7761,C1,
негодяй,n,7762,C1,
указываться,v,7763,c1,
фасад,n,7764,C1,
гадость,n,7765,C1,
палач,n,7766,C1,
пионер,n,7767,C1,
санкция,n,7768,C1,
сборка,n,7769,C1,
слияние,n,7770,C1,
особняк,n,7771,C1,
литератор,n,7772,C1,
просматривать,v,7773,C1,
лягушка,n,7774,C1,
погружаться,v,7775,C1,
крайность,n,7776,C1,
оборонительный,adj,7777,C1,
потрясение,n,7778,C1,
общность,n,7779,C1,
кузов,n,7780,C1,
коллегия,n,7781,C1,
приток,n,7782,C1,
имперский,adj,7783,C1,
продовольствие,n,7784,C1,
га,n,7785,C1,
обобщение,n,7786,C1,
злодей,n,7787,C1,
живописный,adj,7788,C1,
рев,n,7789,C1,
в одиночку,adv,7790,C1,
составляющая,n,7791,C1,
очертания,n,7792,C1,
борец,n,7793,C1,
гарнизон,n,7794,C1,
силуэт,n,7795,C1,
мундир,n,7796,C1,
сено,n,7797,C1,
братство,n,7798,C1,
дуга,n,7799,C1,
поклон,n,7800,C1,
исторически,adv,7801,C1,
покойник,n,7802,C1,
жечь,v,7803,C1,
влечение,n,7804,C1,
выдвигать,v,7805,C1,
рывок,n,7806,C1,
нахождение,n,7807,C1,
парадный,adj,7808,C1,
коготь,n,7809,C1,
резолюция,n,7810,C1,
фотка,n,7811,C1,
экзотический,adj,7812,C1,
матка,n,7813,C1,
живо,adv,7814,C1,
консервативный,adj,7815,C1,
лечебный,adj,7816,C1,
парад,n,7817,C1,
реабилитация,n,7818,C1,
ком,n,7819,C1,
противодействие,n,7820,C1,
разгар,n,7821,C1,
давность,n,7822,C1,
мыслитель,n,7823,C1,
поощрять,v,7824,C1,
отсек,n,7825,C1,
лезвие,n,7826,C1,
мерзкий,adj,7827,C1,
конечность,n,7828,C1,
ил,n,7829,C1,
разгром,n,7830,C1,
намекать,v,7831,C1,
бунт,n,7832,C1,
роща,n,7833,C1,
необычайно,adv,7834,C1,
выручка,n,7835,C1,
распоряжаться,v,7836,C1,
снабжение,n,7837,C1,
выть,v,7838,C1,
принятый,adj,7839,C1,
снаряжение,n,7840,C1,
правота,n,7841,C1,
седло,n,7842,C1,
умолчание,n,7843,C1,
несомненный,adj,7844,C1,
револьвер,n,7845,C1,
реактор,n,7846,C1,
окраска,n,7847,C1,
скорбь,n,7848,C1,
неповторимый,adj,7849,C1,
санитарный,adj,7850,C1,
барак,n,7851,C1,
вектор,n,7852,C1,
реестр,n,7853,C1,
кандидатура,n,7854,C1,
авторитетный,adj,7855,C1,
смешанный,adj,7856,C1,
выясняться,v,7857,C1,
провокация,n,7858,C1,
реалии,n,7859,C1,
неопределенность,n,7860,C1,
извне,adv,7861,C1,
раскрытие,n,7862,C1,
марксизм,n,7863,C1,
номинация,n,7864,C1,
казна,n,7865,C1,
заход,n,7866,c1,
рассудок,n,7867,C1,
перепись,n,7868,C1,
рао,n,7869,C1,
комбинат,n,7870,C1,
листовка,n,7871,C1,
складка,n,7872,C1,
насмешка,n,7873,C1,
уместный,adj,7874,C1,
алкоголик,n,7875,C1,
рсфср,n,7876,C1,
разборка,n,7877,C1,
тайга,n,7878,C1,
искажение,n,7879,C1,
покушение,n,7880,C1,
изобилие,n,7881,C1,
негодование,n,7882,C1,
упадок,n,7883,C1,
сатана,n,7884,C1,
спускать,v,7885,C1,
главнокомандующий,n,7886,C1,
склоняться,v,7887,C1,
применительно,adv,7888,C1,
вертикаль,n,7889,C1,
залп,n,7890,C1,
немногие,pron,7891,C1,
сало,n,7892,C1,
десант,n,7893,C1,
засада,n,7894,C1,
координация,n,7895,C1,
мерка,n,7896,C1,
обход,n,7897,C1,
чувственный,adj,7898,C1,
преемник,n,7899,C1,
основательно,adv,7900,C1,
совать,v,7901,C1,
решимость,n,7902,C1,
сближение,n,7903,C1,
троица,n,7904,C1,
вилла,n,7905,C1,
воробей,n,7906,C1,
альянс,n,7907,C1,
безобразие,n,7908,C1,
грунт,n,7909,C1,
замирать,v,7910,C1,
выяснение,n,7911,C1,
сбой,n,7912,C1,
дергать,v,7913,C1,
прерывать,v,7914,C1,
белка,n,7915,C1,
напарник,n,7916,C1,
вырабатывать,v,7917,C1,
подавление,n,7918,C1,
стихийный,adj,7919,C1,
облегчать,v,7920,C1,
правонарушение,n,7921,C1,
калитка,n,7922,C1,
скотина,n,7923,C1,
обнаруживаться,v,7924,C1,
варвар,n,7925,C1,
водопад,n,7926,C1,
развал,n,7927,C1,
типография,n,7928,C1,
копать,v,7929,C1,
субстанция,n,7930,C1,
копыто,n,7931,C1,
дюжина,n,7932,C1,
гамма,n,7933,C1,
реветь,v,7934,C1,
династия,n,7935,C1,
обстрел,n,7936,C1,
дворник,n,7937,C1,
мыс,n,7938,C1,
кое-как,adv,7939,C1,
проем,n,7940,C1,
искренность,n,7941,C1,
транс,n,7942,c1,
свалка,n,7943,C1,
мельница,n,7944,C1,
трогательный,adj,7945,C1,
выкладывать,v,7946,C1,
курсант,n,7947,C1,
пополнение,n,7948,C1,
растерянность,n,7949,C1,
визг,n,7950,C1,
пьянство,n,7951,C1,
родство,n,7952,c1,
арбитражный,adj,7953,C1,
павильон,n,7954,C1,
напряженность,n,7955,C1,
скважина,n,7956,C1,
ландшафт,n,7957,C1,
гудок,n,7958,C1,
второстепенный,adj,7959,C1,
выглядывать,v,7960,C1,
растерянно,adv,7961,C1,
пласт,n,7962,C1,
упускать,v,7963,C1,
изоляция,n,7964,C1,
санаторий,n,7965,C1,
прикол,n,7966,C1,
искушение,n,7967,C1,
срывать,v,7968,C1,
координатор,n,7969,C1,
осел,n,7970,C1,
капиталист,n,7971,C1,
рубка,n,7972,C1,
усмотрение,n,7973,C1,
пьяница,n,7974,C1,
посвящать,v,7975,C1,
психотерапевт,n,7976,C1,
открытость,n,7977,C1,
законодатель,n,7978,C1,
обозрение,n,7979,C1,
выплачивать,v,7980,C1,
кинематограф,n,7981,C1,
неспособность,n,7982,C1,
учредитель,n,7983,C1,
штык,n,7984,C1,
скопление,n,7985,C1,
укрытие,n,7986,C1,
истец,n,7987,C1,
составитель,n,7988,C1,
холдинг,n,7989,C1,
прожектор,n,7990,C1,
духовность,n,7991,C1,
теперешний,adj,7992,C1,
сенат,n,7993,C1,
мишень,n,7994,C1,
процветание,n,7995,C1,
родня,n,7996,C1,
государственность,n,7997,C1,
таз,n,7998,C1,
рация,n,7999,C1,
тачка,n,8000,C1,
опухоль,n,8001,C1,
оговорка,n,8002,C1,
пересмотр,n,8003,C1,
выскакивать,v,8004,C1,
инициатор,n,8005,C1,
сдохнуть,v,8006,C1,
буквальный,ADJ,8007,C1,
зрелость,n,8008,C1,
обязывать,v,8009,C1,
лирика,n,8010,C1,
взятие,n,8011,c1,
рефлекс,n,8012,C1,
спс,n,8013,C1,
эстетика,n,8014,C1,
насильственный,adj,8015,C1,
сменяться,v,8016,C1,
диабет,n,8017,C1,
магистраль,n,8018,C1,
девиз,n,8019,C1,
суверенитет,n,8020,C1,
интегрировать,v,8021,C1,
останки,n,8022,C1,
рейд,n,8023,C1,
прозрачность,n,8024,C1,
инвестировать,v,8025,C1,
деваться,v,8026,C1,
бонус,n,8027,C1,
рыть,v,8028,C1,
неприязнь,n,8029,C1,
изначальный,adj,8030,C1,
цыган,n,8031,C1,
вялый,adj,8032,C1,
задевать,v,8033,C1,
сопоставление,n,8034,C1,
выписка,n,8035,C1,
оккупация,n,8036,C1,
пренебрегать,v,8037,C1,
отбрасывать,v,8038,C1,
дружественный,adj,8039,C1,
урегулирование,n,8040,C1,
мобилизация,n,8041,C1,
отсрочка,n,8042,C1,
заимствовать,v,8043,C1,
патология,n,8044,C1,
гнилой,adj,8045,C1,
изумительный,adj,8046,C1,
средневековье,n,8047,C1,
субсидия,n,8048,C1,
осада,n,8049,C1,
квота,n,8050,C1,
логически,adv,8051,C1,
патент,n,8052,C1,
равняться,v,8053,C1,
сборный,ADJ,8054,C1,
гласность,n,8055,C1,
представительный,adj,8056,C1,
экспонат,n,8057,C1,
отталкивать,v,8058,C1,
имитировать,v,8059,C1,
рушиться,v,8060,C1,
реорганизация,n,8061,C1,
концерн,n,8062,C1,
раскладывать,v,8063,C1,
плодотворный,adj,8064,C1,
подпольный,adj,8065,C1,
бесспорный,adj,8066,c1,
бомбардировка,n,8067,C1,
дебаты,n,8068,c1,
присаживаться,v,8069,C1,
недоставать,v,8070,C1,
сеять,v,8071,C1,
коран,n,8072,c1,
изъятие,n,8073,C1,
наблюдательный,adj,8074,C1,
грузить,v,8075,C1,
раввин,n,8076,C1,
примыкать,v,8077,C1,
насильно,adv,8078,C1,
примирение,n,8079,C1,
прогуливаться,v,8080,C1,
выпускной,adj,8081,c1,
ров,n,8082,C1,
мобилизовать,v,8083,C1,
нацистский,adj,8084,C1,
капот,n,8085,C1,
вглубь,adv,8086,C1,
триумф,n,8087,C1,
дистрибьютор,n,8088,C1,
исповедовать,v,8089,C1,
оберегать,v,8090,C1,
продвигать,v,8091,C1,
продуктивный,adj,8092,C1,
шествие,n,8093,C1,
нововведение,n,8094,C1,
затруднять,v,8095,C1,
профсоюзный,adj,8096,C1,
затягивать,v,8097,C1,
вдалеке,adv,8098,C1,
выступ,n,8099,C1,
сверток,n,8100,C1,
совершенствовать,v,8101,C1,
свирепый,adj,8102,C1,
заносить,v,8103,C1,
проваливаться,v,8104,C1,
чрезмерно,adv,8105,C1,
в противном случае,mwe,8106,C1,
дочерний,adj,8107,C1,
отрабатывать,v,8108,C1,
плотина,n,8109,C1,
высылать,v,8110,C1,
радикально,adv,8111,C1,
овладевать,v,8112,C1,
лицей,n,8113,C1,
патологический,adj,8114,C1,
социалист,n,8115,C1,
растительность,n,8116,C1,
вдохновлять,v,8117,C1,
сменять,v,8118,C1,
циничный,adj,8119,C1,
материться,v,8120,C1,
электорат,n,8121,C1,
двусторонний,adj,8122,C1,
панк,n,8123,C1,
фараон,n,8124,C1,
преждевременный,adj,8125,C1,
пробивать,v,8126,C1,
оспаривать,v,8127,C1,
прерываться,v,8128,C1,
трос,n,8129,C1,
горсть,n,8130,C1,
логотип,n,8131,C1,
конъюнктура,n,8132,C1,
внедрять,v,8133,C1,
шлюха,n,8134,C1,
вестибюль,n,8135,C1,
озабоченность,n,8136,C1,
изгиб,n,8137,C1,
беспрецедентный,adj,8138,C1,
непредвиденный,adj,8139,C1,
прослушивание,n,8140,C1,
националистический,adj,8141,C1,
застой,n,8142,C1,
натыкаться,v,8143,C1,
руины,n,8144,C1,
империализм,n,8145,C1,
захватчик,n,8146,C1,
грешить,v,8147,C1,
спотыкаться,v,8148,C1,
спекуляция,n,8149,C1,
досье,n,8150,C1,
ловкость,n,8151,C1,
гинеколог,n,8152,C1,
провозглашать,v,8153,C1,
пропагандировать,v,8154,C1,
ангар,n,8155,C1,
вырывать,v,8156,C1,
затягиваться,v,8157,C1,
улавливать,v,8158,C1,
раздача,n,8159,C1,
держатель,n,8160,C1,
народность,n,8161,C1,
лишаться,v,8162,C1,
усмехаться,v,8163,C1,
канализация,n,8164,C1,
вакцина,n,8165,C1,
пила,v,8166,C1,
износ,n,8167,C1,
прорываться,v,8168,C1,
вышестоящий,adj,8169,C1,
пытать,v,8170,C1,
отыскивать,v,8171,C1,
куратор,n,8172,C1,
местоположение,n,8173,C1,
мирской,adj,8174,C1,
горевать,v,8175,C1,
обобщать,v,8176,C1,
спонтанный,adj,8177,C1,
предпочтительный,adj,8178,C1,
истощение,n,8179,C1,
крестить,v,8180,C1,
подхватывать,v,8181,C1,
авторство,n,8182,C1,
благоустройство,n,8183,c1,
терпимость,n,8184,C1,
ссуда,n,8185,C1,
терапевтический,adj,8186,C1,
суверенный,adj,8187,C1,
антисемитизм,n,8188,C1,
приучать,v,8189,C1,
утрачивать,v,8190,C1,
топтать,v,8191,C1,
целиться,v,8192,C1,
откликаться,v,8193,C1,
заграница,n,8194,C1,
приватизировать,v,8195,C1,
реструктуризация,n,8196,C1,
проблематичный,adj,8197,C1,
анальный,adj,8198,C1,
противопоставлять,v,8199,C1,
забрасывать,v,8200,C1,
обвал,n,8201,C1,
мандат,n,8202,C1,
вдвойне,adv,8203,c1,
посредничество,n,8204,C1,
дебют,n,8205,C1,
детеныш,n,8206,C1,
разбрасывать,v,8207,C1,
цемент,n,8208,C1,
засовывать,v,8209,c1,
предостережение,n,8210,C1,
реалистический,adj,8211,C1,
девственница,n,8212,C1,
отображать,v,8213,C1,
предубеждение,n,8214,C1,
нестерпимый,adj,8215,C1,
непогода,n,8216,C1,
втягивать,v,8217,C1,
наезжать,v,8218,C1,
налаживать,v,8219,C1,
обрушиваться,v,8220,C1,
произвольно,adv,8221,C1,
кальций,n,8222,C1,
мятежник,n,8223,C1,
осмеливаться,v,8224,C1,
империалистический,adj,8225,C1,
сваливать,v,8226,C1,
распахивать,v,8227,C1,
процессуальный,adj,8228,C1,
подслушивать,v,8229,C1,
дизель,n,8230,C1,
дымить,v,8231,C1,
конфискация,n,8232,C1,
перехватывать,v,8233,C1,
категорический,adj,8234,C1,
воздержание,n,8235,C1,
консультативный,adj,8236,C1,
вторгаться,v,8237,C1,
реакционный,adj,8238,C1,
гетто,n,8239,C1,
кинематографический,adj,8240,C1,
распускать,v,8241,C1,
ингредиент,n,8242,C1,
наниматель,n,8243,C1,
избавлять,v,8244,C1,
доживать,v,8245,C1,
апелляция,n,8246,C1,
дисциплинарный,adj,8247,C1,
ратификация,n,8248,C1,
обусловливать,v,8249,C1,
комбинировать,v,8250,C1,
сливать,v,8251,C1,
сосуществовать,v,8252,C1,
умышленный,adj,8253,C1,
концентрировать,v,8254,C1,
крытый,adj,8255,C1,
брать на себя,mwe,8256,C1,
экстремист,n,8257,C1,
мять,v,8258,C1,
режиссура,n,8259,C1,
гвоздика,n,8260,C1,
угнетение,n,8261,C1,
вето,n,8262,C1,
согласовывать,v,8263,C1,
как бы ни,mwe,8264,C1,
санкционировать,v,8265,C1,
созревать,v,8266,C1,
онанизм,n,8267,C1,
возбуждаться,v,8268,C1,
женить,v,8269,C1,
дискутировать,v,8270,C1,
ранимый,adj,8271,C1,
растрогать,v,8272,C1,
нахальный,adj,8273,C1,
сталинизм,n,8274,C1,
поститься,v,8275,C1,
сыпь,n,8276,C1,
злокачественный,adj,8277,C1,
клевый,adj,8278,C1,
спячка,n,8279,C1,
срать,v,8280,C1,
декламировать,v,8281,C1,
насмехаться,v,8282,C1,
скептический,adj,8283,C1,
уплотнение,n,8284,C1,
искалечить,v,8285,C1,
девальвация,n,8286,C1,
пристройка,n,8287,C1,
иронизировать,v,8288,C1,
афера,n,8289,C1,
зрелищный,adj,8290,C1,
тролль,n,8291,C1,
роспуск,n,8292,C1,
деспотизм,n,8293,C1,
сваливаться,v,8294,C1,
отклонять,v,8295,C1,
одышка,n,8296,C1,
резня,n,8297,C1,
повисать,v,8298,C1,
антагонизм,n,8299,C1,
ланч,n,8300,c1,
предрасположенность,n,8301,C1,
изумлять,v,8302,C1,
дидактический,adj,8303,C1,
высаживаться,v,8304,C1,
воодушевлять,v,8305,C1,
внедорожник,n,8306,c1,
лобок,n,8307,c1,
выслеживать,v,8308,C1,
проглядеть,v,8309,C1,
судоходство,n,8310,C1,
компрометировать,v,8311,C1,
единодушие,n,8312,C1,
заросли,n,8313,C1,
продвинутый,v,8314,C1,
запутывать,v,8315,C1,
сосредоточивать,v,8316,C1,
поселяться,v,8317,C1,
сожитель,n,8318,C1,
смиряться,v,8319,C1,
предусмотрительность,n,8320,C1,
пристрастный,adj,8321,C1,
очаровывать,v,8322,C1,
приостанавливать,v,8323,C1,
сверхурочный,adj,8324,C1,
столбняк,n,8325,C1,
документировать,v,8326,C1,
предъявитель,n,8327,C1,
дезертировать,v,8328,C1,
кворум,n,8329,C1,
поручитель,n,8330,C1,
гомик,n,8331,C1,
выкачивать,v,8332,C1,
преобладающий,v,8333,C1,
бойкотировать,v,8334,C1,
преуменьшать,v,8335,C1,
приукрашивать,v,8336,C1,
свататься,v,8337,C1,
заплетать,v,8338,C1,
подавленный,adj,8339,C1,
оснащать,v,8340,C1,
попрошайничать,v,8341,C1,
предназначать,v,8342,c1,
зачерпывать,v,8343,C1,
сотворять,v,8344,C1,
новосел,n,8345,C1,
антитрестовский,adj,8346,C1,
женоподобный,adj,8347,C1,
узаконивать,v,8348,C1,
мужеподобный,adj,8349,C1,
визировать,v,8350,C1,
растаможить,v,8351,C1,
полномочия,n,8352,C1,
испражнения,n,8353,C1,
антитела,n,8354,C1,
объятия,n,8355,C1,
авторское право,mwe,8356,C1,
вести диалог,MWE,8357,C1,
возбуждать дело,mwe,8358,C1,
высшая мера наказания,mwe,8359,C1,
выхлопная труба,mwe,8360,C1,
генеральный секретарь,mwe,8361,C1,
ипотечный кредит,mwe,8362,C1,
лишение свободы,mwe,8363,C1,
малый бизнес,mwe,8364,C1,
не выносить,v,8365,C1,
периодическое издание,mwe,8366,C1,
половое сношение,mwe,8367,C1,
прежде всего,mwe,8368,C1,
РАН,n,8369,C1,
сидеть на корточках,mwe,8370,C1,
слушания,n,8371,C1,
сотрясение мозга,mwe,8372,C1,
так называемый,mwe,8373,C1,
тем временем,mwe,8374,C1,
ход мыслей,mwe,8375,C1,
частное лицо,mwe,8376,C1,
уж,adv,8377,c2,
поскольку,CON,8378,C2,
вроде,particle,8379,C2,
впрочем,adv,8380,C2,
вновь,adv,8381,C2,
вовсе,adv,8382,C2,
видимо,adv,8383,c2,
суть,n,8384,C2,
как раз,mwe,8385,C2,
духовный,adj,8386,C2,
разумеется,adv,8387,c2,
нечто,pron,8388,C2,
князь,n,8389,C2,
пожалуй,adv,8390,C2,
мол,adv,8391,C2,
стратегия,n,8392,C2,
господь,n,8393,C2,
угодно,adv,8394,C2,
наверняка,particle,8395,c2,
сущность,n,8396,C2,
по-прежнему,adv,8397,C2,
взяться,v,8398,c2,
ныне,adv,8399,c2,
заведение,n,8400,c2,
верховный,adj,8401,C2,
бытие,n,8402,C2,
майор,n,8403,C2,
отнюдь,adv,8404,C2,
миг,n,8405,c2,
велеть,v,8406,c2,
якобы,adv,8407,C2,
мина,n,8408,C2,
священный,adj,8409,c2,
непременно,adv,8410,C2,
тьма,n,8411,c2,
на протяжении,mwe,8412,C2,
граф,n,8413,C2,
зачастую,adv,8414,C2,
накануне,adv,8415,c2,
деятель,n,8416,c2,
миссия,n,8417,C2,
видать,adv,8418,C2,
государь,n,8419,C2,
познание,n,8420,C2,
пасть,n,8421,C2,
все же,mwe,8422,C2,
тотчас,adv,8423,C2,
смертный,adj,8424,c2,
биться,v,8425,C2,
рота,n,8426,C2,
община,n,8427,C2,
по сути,mwe,8428,C2,
охотник,n,8429,C2,
истребитель,n,8430,C2,
толк,n,8431,C2,
держава,n,8432,C2,
таки,particle,8433,C2,
даваться,v,8434,c2,
батальон,n,8435,C2,
взор,n,8436,C2,
исход,n,8437,C2,
натура,n,8438,c2,
комиссар,n,8439,C2,
едва ли,mwe,8440,C2,
плоть,n,8441,c2,
изначально,adv,8442,C2,
прочь,adv,8443,c2,
сметь,v,8444,c2,
наряду,adv,8445,c2,
создатель,n,8446,C2,
гнать,v,8447,C2,
присущий,adj,8448,C2,
облик,n,8449,c2,
рыцарь,n,8450,C2,
всерьез,adv,8451,c2,
невольно,adv,8452,C2,
постоять,v,8453,c2,
уверять,v,8454,c2,
пребывать,v,8455,C2,
тактика,n,8456,C2,
словом,adv,8457,c2,
заодно,adv,8458,c2,
цк,n,8459,C2,
нынче,adv,8460,C2,
милость,n,8461,C2,
купец,n,8462,c2,
миновать,v,8463,c2,
пулемет,n,8464,C2,
понести,v,8465,C2,
попадаться,v,8466,C2,
походить,v,8467,c2,
аж,particle,8468,C2,
совершенство,n,8469,c2,
пехота,n,8470,C2,
раздаваться,v,8471,c2,
преимущественно,adv,8472,c2,
колхоз,n,8473,C2,
воплощение,n,8474,C2,
нелепый,adj,8475,c2,
поделать,v,8476,c2,
ритуал,n,8477,C2,
танковый,adj,8478,C2,
правитель,N,8479,C2,
пацан,n,8480,C2,
здравый,adj,8481,c2,
демон,n,8482,C2,
око,n,8483,C2,
совершенствование,n,8484,c2,
животный,adj,8485,C2,
вопль,n,8486,c2,
адекватный,adj,8487,C2,
уделять,v,8488,c2,
разводить,v,8489,c2,
тяжкий,adj,8490,c2,
обряд,n,8491,C2,
попросту,adv,8492,C2,
дева,n,8493,C2,
чудовищный,adj,8494,C2,
винтовка,n,8495,c2,
обстоять,v,8496,C2,
становление,n,8497,C2,
невинный,adj,8498,C2,
наследие,n,8499,C2,
сволочь,n,8500,c2,
потихоньку,adv,8501,C2,
епископ,n,8502,C2,
творец,n,8503,c2,
дерьмо,n,8504,C2,
по существу,adv,8505,C2,
культ,n,8506,C2,
писание,n,8507,C2,
бомбардировщик,n,8508,c2,
тварь,n,8509,C2,
командный,adj,8510,C2,
аналогия,n,8511,C2,
дескать,adv,8512,C2,
тогдашний,adj,8513,c2,
нрав,n,8514,C2,
неведомый,adj,8515,C2,
грамота,n,8516,C2,
заповедь,n,8517,C2,
разойтись,v,8518,c2,
отчаянный,adj,8519,C2,
стихия,n,8520,C2,
во имя,mwe,8521,c2,
марш,n,8522,C2,
заклинание,n,8523,C2,
пароход,n,8524,C2,
девка,n,8525,C2,
твориться,v,8526,c2,
матушка,n,8527,C2,
взвод,n,8528,C2,
маршал,n,8529,C2,
новенький,n,8530,C2,
поистине,adv,8531,C2,
чересчур,adv,8532,c2,
владыка,n,8533,C2,
кадровый,adj,8534,C2,
жаждать,v,8535,C2,
всадник,n,8536,c2,
полотно,n,8537,C2,
старец,n,8538,C2,
мамаша,n,8539,c2,
откровение,n,8540,C2,
величие,n,8541,C2,
поведать,v,8542,C2,
стража,n,8543,c2,
налет,n,8544,c2,
тихонько,adv,8545,c2,
престол,n,8546,C2,
герцог,n,8547,C2,
ступать,v,8548,c2,
рожа,n,8549,C2,
койка,n,8550,C2,
парадокс,n,8551,C2,
то и дело,mwe,8552,C2,
отныне,adv,8553,C2,
толком,adv,8554,C2,
гласить,v,8555,c2,
барон,n,8556,C2,
поглядывать,v,8557,C2,
очаг,n,8558,C2,
сказываться,v,8559,C2,
смутный,adj,8560,C2,
апостол,n,8561,C2,
маневр,n,8562,C2,
кпсс,n,8563,C2,
вал,n,8564,C2,
служение,n,8565,C2,
всячески,adv,8566,c2,
евангелие,n,8567,C2,
эскадрилья,n,8568,C2,
копье,n,8569,C2,
батюшка,n,8570,C2,
подполковник,n,8571,C2,
поспешно,adv,8572,c2,
военнослужащий,n,8573,C2,
бессознательный,adj,8574,C2,
таскать,v,8575,c2,
едва ли не,mwe,8576,C2,
жутко,adv,8577,C2,
эшелон,n,8578,c2,
выявление,n,8579,c2,
виднеться,v,8580,C2,
едва не,mwe,8581,C2,
завет,n,8582,C2,
пожаловать,v,8583,C2,
неловко,adv,8584,c2,
питать,v,8585,c2,
даль,n,8586,C2,
физиономия,n,8587,C2,
кол,n,8588,C2,
влечь,v,8589,c2,
прах,n,8590,C2,
изо всех сил,mwe,8591,c2,
прикрытие,n,8592,c2,
братец,n,8593,c2,
губерния,n,8594,C2,
деяние,n,8595,c2,
всего лишь,mwe,8596,C2,
возиться,v,8597,c2,
сугубо,adv,8598,C2,
твердить,v,8599,C2,
предание,n,8600,C2,
бездна,n,8601,C2,
вправду,adv,8602,c2,
крейсер,n,8603,C2,
разом,adv,8604,C2,
митрополит,n,8605,C2,
грядущий,adj,8606,c2,
противоречивый,adj,8607,C2,
размах,n,8608,c2,
алтарь,n,8609,C2,
божество,n,8610,C2,
запросто,adv,8611,C2,
метаться,v,8612,C2,
добродетель,n,8613,C2,
проповедь,n,8614,C2,
сойтись,v,8615,c2,
ведать,v,8616,C2,
бес,n,8617,C2,
благословение,n,8618,C2,
жрец,n,8619,C2,
суждено,adv,8620,C2,
полководец,n,8621,C2,
слыхать,v,8622,C2,
спорный,adj,8623,c2,
обретать,v,8624,C2,
разбойник,n,8625,c2,
обыденный,adj,8626,C2,
броня,n,8627,C2,
особа,n,8628,c2,
верста,n,8629,C2,
думаться,v,8630,C2,
переть,v,8631,C2,
струна,n,8632,C2,
уплата,n,8633,c2,
вихрь,n,8634,c2,
ас,n,8635,C2,
желанный,adj,8636,c2,
сливаться,v,8637,C2,
хлопоты,n,8638,c2,
валить,v,8639,C2,
кайф,n,8640,C2,
лад,n,8641,C2,
шинель,n,8642,C2,
наставник,n,8643,c2,
вестник,n,8644,C2,
некто,pron,8645,C2,
соблазн,n,8646,C2,
арсенал,n,8647,C2,
пресловутый,adj,8648,C2,
бас,n,8649,C2,
впрямь,adv,8650,C2,
досада,n,8651,C2,
паровоз,n,8652,C2,
изрядно,adv,8653,C2,
убогий,adj,8654,c2,
поединок,n,8655,C2,
зловещий,adj,8656,c2,
тонкость,n,8657,c2,
бывало,adv,8658,C2,
селение,n,8659,C2,
покров,n,8660,C2,
обыватель,n,8661,C2,
гитлеровец,n,8662,C2,
сундук,n,8663,C2,
впредь,adv,8664,C2,
крах,n,8665,C2,
телега,n,8666,C2,
заведомо,adv,8667,C2,
старшина,n,8668,C2,
груда,n,8669,c2,
сбрасывать,v,8670,c2,
лик,n,8671,C2,
казарма,n,8672,C2,
штурмовик,n,8673,C2,
обилие,n,8674,C2,
пригодный,adj,8675,C2,
бремя,n,8676,C2,
навязывать,v,8677,c2,
подчас,adv,8678,C2,
повиноваться,v,8679,c2,
посему,adv,8680,C2,
имение,n,8681,c2,
башка,n,8682,C2,
усадьба,n,8683,c2,
хребет,n,8684,C2,
дань,n,8685,c2,
ныть,v,8686,C2,
вдобавок,adv,8687,c2,
гном,n,8688,C2,
схватиться,v,8689,C2,
подписка,n,8690,C2,
канон,n,8691,C2,
достояние,n,8692,C2,
рубаха,n,8693,c2,
дрянь,n,8694,C2,
отдача,n,8695,c2,
гребень,n,8696,C2,
блаженство,n,8697,C2,
налицо,adv,8698,c2,
пир,n,8699,C2,
бухта,n,8700,c2,
нии,n,8701,C2,
уезд,n,8702,C2,
стан,n,8703,C2,
жкх,n,8704,C2,
всевышний,n,8705,C2,
почтенный,adj,8706,C2,
крещение,n,8707,C2,
хата,n,8708,C2,
предписание,n,8709,C2,
будка,n,8710,C2,
бедняга,n,8711,C2,
надлежащий,adj,8712,C2,
кормление,n,8713,C2,
нюанс,n,8714,C2,
трактовка,n,8715,C2,
инсулин,n,8716,c2,
действо,n,8717,C2,
бор,n,8718,C2,
судорожно,adv,8719,C2,
замешательство,n,8720,C2,
кинжал,n,8721,C2,
эскадра,n,8722,C2,
затея,n,8723,C2,
вовсю,adv,8724,C2,
гонорар,n,8725,C2,
пафос,n,8726,C2,
хижина,n,8727,C2,
пастух,n,8728,C2,
султан,n,8729,c2,
напоследок,adv,8730,C2,
караул,n,8731,C2,
персидский,adj,8732,C2,
канцелярия,n,8733,C2,
изысканный,adj,8734,C2,
истечение,n,8735,C2,
трактат,n,8736,C2,
чепуха,n,8737,C2,
говно,n,8738,C2,
должное,n,8739,C2,
толковать,v,8740,C2,
надобность,n,8741,C2,
обильный,adj,8742,C2,
промысел,n,8743,C2,
авангард,n,8744,C2,
соратник,n,8745,C2,
усмешка,n,8746,C2,
срываться,v,8747,c2,
прапорщик,n,8748,C2,
легион,n,8749,C2,
овраг,n,8750,c2,
машинально,adv,8751,C2,
побуждение,n,8752,C2,
сударь,n,8753,C2,
папаша,n,8754,C2,
дико,adv,8755,C2,
порой,adv,8756,C2,
сословие,n,8757,C2,
разбирательство,n,8758,C2,
тополь,n,8759,C2,
фуражка,n,8760,C2,
забава,n,8761,C2,
идентификация,n,8762,C2,
предназначение,n,8763,c2,
вопить,v,8764,c2,
идентичность,n,8765,C2,
жила,n,8766,C2,
вариация,n,8767,C2,
колокольчик,n,8768,C2,
пророчество,n,8769,C2,
тупо,adv,8770,c2,
корма,n,8771,C2,
вещание,n,8772,C2,
придурок,n,8773,C2,
грош,n,8774,C2,
величественный,adj,8775,C2,
графиня,n,8776,C2,
колея,n,8777,C2,
экспансия,n,8778,C2,
маркиз,n,8779,c2,
вырываться,v,8780,c2,
самосознание,n,8781,c2,
представать,v,8782,C2,
мотивировать,v,8783,C2,
диалектика,n,8784,C2,
глухо,adv,8785,C2,
духовенство,n,8786,C2,
помещик,n,8787,C2,
гавань,n,8788,C2,
скудный,adj,8789,c2,
воистину,adv,8790,C2,
раскол,n,8791,C2,
стопка,n,8792,C2,
веранда,n,8793,C2,
исповедь,n,8794,C2,
всматриваться,v,8795,C2,
доводиться,v,8796,c2,
повозка,n,8797,C2,
попутно,adv,8798,C2,
гнусный,adj,8799,C2,
риторика,n,8800,C2,
абсурд,n,8801,c2,
санитар,n,8802,C2,
всплеск,n,8803,c2,
грызть,v,8804,c2,
почтение,n,8805,C2,
отважный,adj,8806,C2,
невежество,n,8807,C2,
косвенно,adv,8808,C2,
отчуждение,n,8809,C2,
выявлять,v,8810,c2,
уполномоченный,adj,8811,C2,
святыня,n,8812,c2,
гектар,n,8813,C2,
бесплодный,adj,8814,C2,
беспощадный,adj,8815,C2,
выброс,n,8816,C2,
бушевать,v,8817,C2,
контингент,n,8818,C2,
неприемлемый,adj,8819,C2,
идентифицировать,v,8820,C2,
нашествие,n,8821,c2,
возлюбленный,n,8822,C2,
лазер,n,8823,C2,
дуэль,n,8824,C2,
прецедент,n,8825,c2,
богослужение,n,8826,C2,
директива,n,8827,C2,
комбинезон,n,8828,C2,
идол,n,8829,C2,
загонять,v,8830,C2,
покаяние,n,8831,C2,
манифест,n,8832,C2,
напрашиваться,v,8833,C2,
дорожить,v,8834,C2,
урон,n,8835,C2,
невзирая,adv,8836,C2,
неловкий,adj,8837,C2,
наравне,adv,8838,C2,
возводить,v,8839,C2,
лояльность,n,8840,C2,
вкратце,adv,8841,C2,
познавать,v,8842,C2,
черпать,v,8843,C2,
вышеупомянутый,adj,8844,C2,
застройка,n,8845,C2,
уловка,n,8846,C2,
канун,n,8847,C2,
ликовать,v,8848,C2,
выходка,n,8849,C2,
риторический,adj,8850,C2,
набираться,v,8851,c2,
великолепие,n,8852,c2,
бардак,n,8853,C2,
набивать,v,8854,C2,
навигация,n,8855,C2,
выбивать,v,8856,C2,
святилище,n,8857,c2,
притязание,n,8858,C2,
припоминать,v,8859,C2,
рыться,v,8860,C2,
в глубине души,mwe,8861,C2,
подчинять,v,8862,C2,
карабкаться,v,8863,C2,
возмездие,n,8864,C2,
бестолковый,adj,8865,C2,
пинать,v,8866,C2,
фаворит,n,8867,C2,
локализация,n,8868,C2,
рвение,n,8869,C2,
жребий,n,8870,C2,
акцентировать,v,8871,C2,
дилемма,n,8872,C2,
консенсус,n,8873,C2,
суматоха,n,8874,C2,
пробуждать,v,8875,c2,
царствовать,v,8876,C2,
вдребезги,adv,8877,c2,
обрезание,n,8878,C2,
смягчать,v,8879,C2,
перекладина,n,8880,C2,
сотка,n,8881,C2,
венчать,v,8882,C2,
невежественный,adj,8883,C2,
вовлекать,v,8884,c2,
заваливать,v,8885,C2,
благоприятствовать,v,8886,C2,
покорять,v,8887,C2,
придираться,v,8888,c2,
маршировать,v,8889,C2,
напоказ,adv,8890,c2,
противодействовать,v,8891,C2,
зажиточный,adj,8892,C2,
штатский,adj,8893,C2,
посыльный,n,8894,C2,
щипать,v,8895,C2,
помост,n,8896,C2,
воззвание,n,8897,C2,
надрываться,v,8898,C2,
унывать,v,8899,C2,
втыкать,v,8900,C2,
затыкать,v,8901,C2,
восхвалять,v,8902,C2,
новаторский,adj,8903,C2,
комиссариат,n,8904,C2,
напрямик,adv,8905,c2,
теологический,adj,8906,c2,
предопределять,v,8907,C2,
мошонка,n,8908,C2,
сплоченность,n,8909,C2,
вербовать,v,8910,C2,
домогаться,v,8911,C2,
жакет,n,8912,C2,
броский,adj,8913,C2,
маклер,n,8914,C2,
училка,n,8915,C2,
новаторство,n,8916,C2,
невразумительный,adj,8917,C2,
недосмотр,n,8918,c2,
порывать,v,8919,C2,
угождать,v,8920,C2,
отзывать,v,8921,C2,
возделывать,v,8922,c2,
подбивать,v,8923,C2,
проходимость,n,8924,C2,
языковый,adj,8925,C2,
оттянуться,v,8926,C2,
резь,n,8927,C2,
двд,n,8928,C2,
затрещина,n,8929,C2,
велик,adj,8930,C2,
толкотня,n,8931,C2,
жульничество,n,8932,C2,
чествование,n,8933,C2,
упразднять,v,8934,C2,
вцепляться,v,8935,C2,
разлучаться,v,8936,C2,
удостаивать,v,8937,c2,
побивать,v,8938,c2,
беспристрастность,n,8939,C2,
втискивать,v,8940,C2,
завладевать,v,8941,c2,
вымещать,v,8942,C2,
выдворять,v,8943,C2,
недоразвитость,n,8944,C2,
всухомятку,adv,8945,C2,
пригождаться,v,8946,C2,
нм,n,8947,C2,
прищемлять,v,8948,C2,
в мгновение ока,mwe,8949,c2,
в скверном положении,mwe,8950,C2,
вводить в заблуждение,mwe,8951,C2,
во что бы то ни стало,mwe,8952,C2,
господь бог,mwe,8953,C2,
заставать врасплох,mwe,8954,C2,
между тем,mwe,8955,c2,
претворять в жизнь,mwe,8956,C2,
приходить в себя,mwe,8957,c2,
проездом,n,8958,c2,
