lemma,pos,cefr_level,frequency_rank
и,con,A1,1
в,adpos,A1,2
не,adv,A1,3
на,adpos,A1,4
я,pron,A1,5
что,con,A1,6
что,det,A1,7
что,pron,A1,8
быть,v,A1,9
с,adpos,A2,10
он,pron,A1,11
а,con,A1,12
это,det,A1,13
это,pron,A1,14
как,con,A1,15
то,particle,A1,16
этот,pron,A1,17
по,adpos,A2,18
к,adpos,A1,19
но,con,A2,20
они,pron,A1,21
мы,pron,A1,22
она,pron,A1,23
который,pron,A2,24
из,adpos,A1,25
у,adpos,A1,26
свой,pron,A2,27
вы,pron,A1,28
весь,pron,A2,29
за,adpos,A2,30
для,adpos,A1,31
от,adpos,A1,32
о,adpos,A2,33
так,adv,A1,34
так,con,A1,35
мочь,v,A1,36
все,pron,A1,37
ты,pron,A1,38
же,particle,B1,39
год,n,A1,40
человек,n,A1,41
один,num,A1,42
один,pron,A1,43
такой,pron,A1,44
тот,pron,A1,45
или,con,A1,46
если,con,A2,47
только,particle,A1,48
его,pron,A1,49
бы,v mod,A2,50
себя,pron,A1,51
время,n,A1,52
когда,con,A1,53
еще,particle,A2,54
уже,adv,A2,55
другой,pron,A1,56
сказать,v,A1,57
до,adpos,A2,58
мой,pron,A1,59
наш,pron,A1,60
чтобы,con,A2,61
говорить,v,A1,62
самый,pron,A2,63
знать,v,A1,64
вот,particle,A1,65
очень,adv,A1,66
нет,particle,A1,67
кто,pron,A1,68
при,adpos,A2,69
да,excl,A1,70
день,n,A1,71
первый,num,A2,72
даже,particle,B1,73
можно,adv,A1,74
жизнь,n,A1,75
ни,con,A2,76
сам,pron,A2,77
дело,n,A2,78
два,num,A1,79
новый,adj,A1,80
раз,n,A1,81
хотеть,v,A1,82
должен,adv,A1,83
ли,con,B1,84
какой,pron,A1,85
со,adpos,A1,86
там,adv,A1,87
там,pron,A1,88
их,pron,A1,89
много,adv,A1,90
работа,n,A1,91
иметь,v,A1,92
после,adv,A2,93
где,adv,A1,94
вопрос,n,A1,95
рука,n,A1,96
город,n,A1,97
ее,pron,A1,98
под,adpos,A2,99
каждый,pron,A2,100
слово,n,A1,101
место,n,A1,102
без,adpos,A1,103
ну,particle,B2,104
ребенок,n,A1,105
просто,adv,A1,106
более,adv,B2,107
друг,n,A1,108
большой,adj,A1,109
надо,adv,A1,110
чем,con,A2,111
ваш,pron,A1,112
сделать,v,A1,113
идти,v,A1,114
здесь,adv,A1,115
делать,v,A1,116
сейчас,adv,A1,117
россия,n prop,A1,118
видеть,v,A1,119
потом,adv,A2,120
ничто,pron,B2,121
через,adpos,A2,122
мир,n,A2,123
теперь,adv,A2,124
несколько,adv,A2,125
думать,v,A1,126
случай,n,A2,127
сторона,n,A2,128
хороший,adj,A1,129
тоже,particle,A2,130
глаз,n,A1,131
тогда,adv,A2,132
тут,adv,A1,133
дом,n,A1,134
страна,n,A1,135
об,adpos,A2,136
сила,n,A2,137
последний,adj,A2,138
работать,v,A1,139
также,adv,B2,140
лицо,n,A1,141
жить,v,A1,142
часть,n,A1,143
хотя,con,B1,144
женщина,n,A1,145
система,n,B2,146
всегда,adv,A2,147
являться,v,B1,148
вид,n,A2,149
голова,n,A1,150
проблема,n,A1,151
конец,n,A1,152
ведь,particle,C1,153
между,adpos,A2,154
конечно,adv,A2,155
смотреть,v,A1,156
пока,adv,A1,157
отношение,n,B1,158
русский,adj,A1,159
три,num,A1,160
второй,num,A2,161
именно,particle,C1,162
перед,adpos,A2,163
лишь,particle,B2,164
образ,n,B2,165
деньги,n,A1,166
поэтому,con,A2,167
почему,adv,A1,168
понимать,v,A1,169
москва,n prop,A1,170
любой,pron,A2,171
однако,con,C1,172
хорошо,adv,A1,173
никто,pron,A2,174
час,n,A1,175
считать,v,A2,176
взять,v,A2,177
над,adpos,A2,178
земля,n,A2,179
сегодня,adv,A1,180
вообще,adv,B2,181
книга,n,A1,182
пойти,v,A1,183
возможность,n,B2,184
некоторый,pron,B2,185
компания,n,B1,186
история,n,B1,187
любить,v,A1,188
высокий,adj,A1,189
нужно,adv,A1,190
почти,adv,A2,191
твой,pron,A1,192
результат,n,B1,193
больше,adv,A1,194
например,adv,A1,195
право,n,B1,196
группа,n,A1,197
писать,v,A1,198
сидеть,v,A1,199
путь,n,A2,200
машина,n,A1,201
что-то,pron,B1,202
находиться,v,A2,203
увидеть,v,A2,204
война,n,B1,205
казаться,v,B2,206
стоять,v,A1,207
имя,n,A1,208
никогда,adv,A2,209
стоить,v,A1,210
маленький,adj,A1,211
ответ,n,A1,212
вода,n,A1,213
решение,n,B1,214
бог,n,A2,215
совсем,adv,A2,216
язык,n,A1,217
далеко,adv,A1,218
нужный,adj,A1,219
давать,v,A1,220
полный,adj,A2,221
российский,adj,A1,222
народ,n,A1,223
власть,n,B1,224
сразу,adv,A2,225
уровень,n,B1,226
ночь,n,A1,227
пора,adv,B1,228
часто,adv,A2,229
развитие,n,B1,230
программа,n,B1,231
начало,n,A2,232
никакой,pron,B2,233
оно,pron,A1,234
главный,adj,A2,235
дверь,n,A1,236
вместе,adv,A2,237
момент,n,B1,238
закон,n,B1,239
число,n,A1,240
цель,n,B1,241
следующий,adj,A1,242
написать,v,A1,243
отец,n,A1,244
правда,n,A2,245
нога,n,A1,246
старый,adj,A1,247
помощь,n,A2,248
может быть,mwe,A2,249
информация,n,B1,250
уж,adv,C2,251
тысяча,num,A1,252
подобный,adj,B2,253
разный,adj,A2,254
общий,adj,A2,255
месяц,n,A1,256
кроме,adpos,C1,257
минута,n,A1,258
мало,adv,A1,259
процесс,n,B2,260
ситуация,n,B1,261
смочь,v,A2,262
автор,n,A1,263
начинать,v,A1,264
форма,n,A2,265
голос,n,B1,266
собственный,adj,B2,267
мысль,n,A2,268
свет,n,A1,269
качество,n,B1,270
школа,n,A1,271
всякий,pron,B2,272
действие,n,B1,273
мужчина,n,A1,274
область,n,B2,275
внимание,n,A1,276
следовать,v,B1,277
использовать,v,B1,278
дорога,n,A2,279
связь,n,B1,280
взгляд,n,B1,281
условие,n,B1,282
молодой,adj,A1,283
скоро,adv,A1,284
снова,adv,B2,285
любовь,n,A2,286
основной,adj,B1,287
становиться,v,A2,288
важный,adj,A1,289
ждать,v,A1,290
вдруг,adv,B1,291
игра,n,A1,292
читать,v,A1,293
статья,n,B1,294
организация,n,B2,295
средство,n,B2,296
существовать,v,B2,297
душа,n,B2,298
пытаться,v,B2,299
тело,n,B1,300
посмотреть,v,A2,301
общество,n,B2,302
жена,n,A1,303
государство,n,A2,304
оставаться,v,A2,305
совершенно,adv,B2,306
письмо,n,A1,307
состояние,n,B2,308
вечер,n,A1,309
настоящий,adj,A1,310
назад,adv,A2,311
смысл,n,B2,312
мера,n,B2,313
семья,n,A1,314
простой,adj,A1,315
вещь,n,A1,316
затем,adv,B2,317
причина,n,B1,318
утро,n,A1,319
мать,n,A1,320
рынок,n,A1,321
действительно,adv,B2,322
происходить,v,A2,323
данный,pron,B2,324
девушка,n,A1,325
вести,v,A2,326
сколько,adv,A1,327
тема,n,A2,328
стол,n,A1,329
проект,n,B2,330
улица,n,A1,331
государственный,adj,A2,332
помнить,v,A1,333
называть,v,A1,334
точка,n,A1,335
хотеться,v,A2,336
нельзя,adv,A1,337
белый,adj,A1,338
центр,n,A2,339
опять,adv,A1,340
равный,adj,B1,341
против,adv,B1,342
куда,adv,A1,343
неделя,n,A1,344
идея,n,B1,345
особенно,adv,B1,346
комната,n,A1,347
цена,n,A1,348
наконец,adv,B1,349
известный,adj,A2,350
среди,adpos,B1,351
сын,n,A1,352
деятельность,n,B2,353
играть,v,A1,354
правило,n,A2,355
советский,adj,C1,356
лучший,adj,A2,357
движение,n,B1,358
заниматься,v,A1,359
точно,particle,A2,360
огромный,adj,B1,361
мама,n,A1,362
задача,n,B2,363
великий,adj,B1,364
количество,n,B1,365
чувство,n,A2,366
иногда,adv,A2,367
слишком,adv,B2,368
смерть,n,B1,369
достаточно,adv,A2,370
достаточно,det,A2,371
достаточно,pron,A2,372
лежать,v,A1,373
мнение,n,B2,374
труд,n,A2,375
пять,num,A1,376
третий,num,A2,377
бывать,v,B1,378
готовый,adj,A2,379
быстро,adv,A1,380
черный,adj,A1,381
сильный,adj,A2,382
порядок,n,B1,383
чувствовать,v,A2,384
пример,n,A2,385
положение,n,B2,386
век,n,B1,387
продолжать,v,A2,388
подумать,v,A2,389
муж,n,A1,390
поскольку,con,C2,391
военный,n,B1,392
речь,n,A2,393
план,n,A2,394
совет,n,A2,395
политический,adj,B1,396
стена,n,A2,397
представлять,v,B1,398
слышать,v,A2,399
ходить,v,A1,400
окно,n,A1,401
рядом,adv,A2,402
прежде,adv,C1,403
опыт,n,B1,404
тип,n,B1,405
оба,det,A2,406
оба,pron,A2,407
около,adpos,A2,408
отвечать,v,A1,409
интерес,n,B1,410
современный,adj,A2,411
плохой,adj,A1,412
из-за,adpos,B1,413
сердце,n,A1,414
а также,mwe,B2,415
управление,n,B2,416
данные,n,B2,417
наука,n,A2,418
сообщение,n,A2,419
просить,v,A1,420
немного,adv,A2,421
газета,n,A2,422
интересный,adj,A2,423
живой,adj,B1,424
поставить,v,A2,425
необходимый,adj,B1,426
материал,n,B1,427
роль,n,A2,428
вполне,adv,B2,429
вполне,det,B2,430
будто,particle,B2,431
выходить,v,A1,432
рано,adv,A2,433
получать,v,A1,434
давно,adv,A2,435
армия,n,B1,436
рабочий,n,B2,437
четыре,num,A1,438
бояться,v,B1,439
различный,adj,B2,440
долго,adv,A1,441
привести,v,A2,442
президент,n,A2,443
либо,con,B2,444
менее,adv,B2,445
событие,n,C1,446
красный,adj,A1,447
социальный,adj,B1,448
искать,v,A2,449
большинство,n,B1,450
бизнес,n,B1,451
пусть,particle,B2,452
легко,adv,A1,453
правительство,n,A2,454
прямо,particle,A2,455
глава,n,B2,456
член,n,A2,457
суд,n,B2,458
возможно,adv,B2,459
принимать,v,B1,460
рубль,n,A1,461
миллион,num,A2,462
целый,adj,B1,463
приходить,v,A1,464
фильм,n,A1,465
обычно,adv,B2,466
счет,n,A1,467
спать,v,A1,468
небольшой,adj,A2,469
культура,n,A2,470
текст,n,A1,471
брать,v,A1,472
документ,n,A1,473
принцип,n,B2,474
разговор,n,B1,475
телефон,n,A1,476
правый,adj,A1,477
способ,n,B1,478
течение,n,B1,479
провести,v,A2,480
пол,n,A1,481
вокруг,adv,B1,482
проходить,v,A2,483
купить,v,A1,484
родитель,n,A1,485
ряд,n,B1,486
единственный,adj,A2,487
метр,n,A1,488
сайт,n,A2,489
партия,n,B1,490
позволять,v,B2,491
образование,n,A2,492
зачем,adv,A2,493
наверное,adv,A2,494
период,n,B1,495
кстати,adv,B2,496
пара,n,B1,497
квартира,n,A1,498
значение,n,B1,499
внутренний,adj,B1,500
требовать,v,B2,501
далее,adv,B2,502
основа,n,B2,503
возможный,adj,B2,504
желание,n,A2,505
слушать,v,A1,506
чуть,adv,A2,507
номер,n,A1,508
изменение,n,B1,509
очередь,n,A2,510
политика,n,B1,511
класс,n,A1,512
факт,n,B2,513
брат,n,A1,514
собираться,v,B2,515
определенный,adj,B2,516
довольно,adv,B2,517
производство,n,B2,518
создание,n,B2,519
район,n,A2,520
особый,adj,B2,521
верить,v,A2,522
спасибо,excl,A1,523
предприятие,n,B2,524
близкий,adj,A1,525
ход,n,B2,526
экономический,adj,B1,527
знакомый,adj,B1,528
человеческий,adj,B1,529
местный,adj,B2,530
небо,n,A2,531
направление,n,A2,532
туда,adv,A2,533
встреча,n,A2,534
шаг,n,A2,535
остальной,pron,B1,536
команда,n,A1,537
добрый,adj,A2,538
поле,n,B2,539
сша,n prop,A1,540
исследование,n,B2,541
общественный,adj,B2,542
мальчик,n,A1,543
еще не,mwe,A2,544
метод,n,B2,545
повод,n,B2,546
рост,n,B1,547
сначала,adv,A2,548
рассказывать,v,A1,549
сон,n,A1,550
уходить,v,A1,551
служба,n,B2,552
население,n,B1,553
воздух,n,A2,554
словно,particle,C1,555
кровь,n,B1,556
спрашивать,v,A1,557
зрение,n,B1,558
врач,n,A1,559
ехать,v,A1,560
нравиться,v,A1,561
приходиться,v,B2,562
знание,n,B1,563
все-таки,particle,B2,564
использование,n,B2,565
какой-то,pron,B1,566
десять,num,A1,567
палец,n,A1,568
обычный,adj,A2,569
необходимо,adv,B1,570
орган,n,B2,571
доллар,n,A1,572
держать,v,A2,573
во время,prep,B1,574
название,n,A1,575
похожий,adj,A2,576
дорогой,adj,A1,577
реальный,adj,B2,578
участие,n,B1,579
род,n,A1,580
наиболее,adv,B2,581
девочка,n,A1,582
крупный,adj,B2,583
море,n,A2,584
как-то,adv,B1,585
природа,n,A2,586
магазин,n,A1,587
вроде,particle,C2,588
память,n,B1,589
весьма,adv,C1,590
больший,adj,A2,591
домой,adv,A2,592
объект,n,B2,593
свобода,n,A2,594
продукт,n,A2,595
борьба,n,B1,596
личный,adj,B1,597
касаться,v,B2,598
отдельный,adj,B2,599
предмет,n,A2,600
представитель,n,B2,601
плечо,n,B1,602
национальный,adj,B1,603
музыка,n,A1,604
самолет,n,A1,605
позиция,n,B1,606
американский,adj,A1,607
стараться,v,B1,608
герой,n,B1,609
характер,n,A2,610
размер,n,A2,611
пить,v,A1,612
средний,adj,A2,613
срок,n,B2,614
институт,n,A1,615
сеть,n,B2,616
солнце,n,A1,617
серьезный,adj,B2,618
иначе,adv,B2,619
показывать,v,A2,620
союз,n,A2,621
дух,n,C1,622
интернет,n prop,A1,623
лес,n,A2,624
журнал,n,A2,625
степень,n,C1,626
предлагать,v,A2,627
территория,n,B2,628
март,n prop,A1,629
успех,n,C1,630
искусство,n,A2,631
участник,n,B1,632
парень,n,A2,633
свободный,adj,B1,634
гость,n,A1,635
впрочем,adv,C2,636
вариант,n,B2,637
предложение,n,A1,638
судьба,n,B1,639
составлять,v,C1,640
товар,n,B1,641
надеяться,v,B1,642
действовать,v,B2,643
международный,adj,B1,644
способный,adj,B2,645
практически,adv,C1,646
директор,n,B1,647
европа,n prop,A1,648
полностью,adv,B2,649
поздний,adj,B1,650
песня,n,A1,651
лучше,adj,A2,652
ум,n,A2,653
выбор,n,A2,654
кто-то,pron,B1,655
модель,n,B2,656
если бы,mwe,C1,657
река,n,A2,658
фирма,n,B1,659
гражданин,n,A1,660
товарищ,n,B1,661
нормальный,adj,A2,662
сознание,n,B2,663
картина,n,A2,664
сильно,adv,A2,665
апрель,n prop,A1,666
источник,n,B1,667
вместо,adpos,B1,668
граница,n,A2,669
состоять,v,B2,670
всего,particle,B1,671
половина,n,A2,672
операция,n,B1,673
оценка,n,B1,674
огонь,n,A2,675
постоянно,adv,B1,676
специалист,n,B1,677
главное,n,B1,678
собака,n,A1,679
компьютер,n,A1,680
красивый,adj,A1,681
технология,n,B2,682
дерево,n,A2,683
выход,n,A1,684
гора,n,B1,685
входить,v,A1,686
мировой,adj,B1,687
научный,adj,B1,688
уметь,v,A1,689
детский,adj,A2,690
корабль,n,B1,691
желать,v,A2,692
берег,n,B1,693
широкий,adj,A2,694
низкий,adj,A1,695
прекрасный,adj,A2,696
будущее,n,A2,697
внешний,adj,B2,698
литература,n,A2,699
тяжелый,adj,A1,700
сотрудник,n,B2,701
среда,n prop,A1,702
помогать,v,A1,703
бой,n,B2,704
сложный,adj,A1,705
зал,n,A2,706
услышать,v,A2,707
войско,n,B2,708
структура,n,B2,709
несмотря,adv,B2,710
пользоваться,v,B1,711
защита,n,B2,712
короткий,adj,A1,713
начальник,n,B1,714
бумага,n,A1,715
странный,adj,B1,716
край,n,B2,717
ошибка,n,A1,718
церковь,n,B1,719
состав,n,B2,720
сюда,adv,A1,721
разве,particle,A2,722
прошлый,adj,A1,723
столько,adv,A1,724
понятие,n,B2,725
длинный,adj,A1,726
поддержка,n,B2,727
возраст,n,A1,728
трудно,adv,A1,729
быстрый,adj,A1,730
линия,n,B1,731
услуга,n,B2,732
счастье,n,A2,733
роман,n,B2,734
выглядеть,v,B1,735
иметься,v,B1,736
ветер,n,A2,737
возникать,v,B2,738
английский,adj,A1,739
оказываться,v,B2,740
курс,n,A2,741
поиск,n,B1,742
папа,n,A1,743
высший,adj,B1,744
теория,n,B2,745
бывший,adj,A2,746
пространство,n,B1,747
учиться,v,A1,748
экономика,n,B1,749
чистый,adj,A2,750
специальный,adj,A2,751
потерять,v,A2,752
спина,n,A1,753
поведение,n,B1,754
служить,v,C1,755
оружие,n,B1,756
страх,n,B1,757
страница,n,A1,758
враг,n,A2,759
вызывать,v,A2,760
двадцать,num,A1,761
руководитель,n,B2,762
откуда,adv,A1,763
гораздо,adv,B2,764
карта,n,A1,765
страшный,adj,B1,766
звук,n,A1,767
рассказ,n,A2,768
ожидать,v,B1,769
хозяин,n,B1,770
камень,n,B2,771
анализ,n,B2,772
надежда,n,B1,773
вновь,adv,C2,774
господин,n,A1,775
солдат,n,B1,776
единый,adj,B1,777
цвет,n,A1,778
сесть,v,A1,779
круг,n,A1,780
попытка,n,B2,781
однажды,adv,A2,782
комментарий,n,B2,783
клиент,n,B1,784
удар,n,B1,785
крайний,adj,C1,786
база,n,B2,787
доктор,n,A1,788
необходимость,n,B2,789
означать,v,A1,790
глядеть,v,B1,791
появляться,v,B2,792
дочь,n,A1,793
пожалуйста,excl,A1,794
республика,n,A1,795
представление,n,A2,796
в течение,mwe,B1,797
ставить,v,A1,798
поехать,v,A2,799
волос,n,A1,800
вера,n,B1,801
германия,n prop,A1,802
называться,v,A1,803
отсутствие,n,B1,804
прямой,adj,B1,805
масса,n,C1,806
процент,n,B1,807
долгий,adj,A2,808
студент,n,A1,809
здание,n,B1,810
ребята,n,A1,811
угол,n,A2,812
конкретный,adj,B2,813
скорость,n,A2,814
требование,n,B2,815
любимый,adj,A1,816
май,n prop,A1,817
подходить,v,A2,818
в качестве,mwe,B2,819
бежать,v,A1,820
адрес,n,A1,821
видно,adv,A2,822
новость,n,A2,823
открытый,adj,B1,824
список,n,A2,825
возвращаться,v,B1,826
энергия,n,B1,827
вывод,n,B1,828
учитель,n,A1,829
договор,n,B1,830
зависеть,v,B1,831
сфера,n,C1,832
положить,v,A1,833
западный,adj,B1,834
обязательно,adv,A2,835
примерно,adv,A2,836
боль,n,A1,837
безопасность,n,B1,838
функция,n,B2,839
плохо,adv,A1,840
ученый,adj,A2,841
способность,n,B1,842
банк,n,A1,843
удовольствие,n,B1,844
основание,n,B2,845
дома,adv,A1,846
чужой,adj,B1,847
ощущение,n,B1,848
противник,n,B2,849
никак,adv,B1,850
объем,n,A2,851
вперед,adv,A2,852
писатель,n,A2,853
звезда,n,A2,854
создавать,v,B1,855
знак,n,A1,856
вовсе,adv,C2,857
влияние,n,B1,858
уверенный,adj,B1,859
грудь,n,B1,860
контроль,n,B1,861
двор,n,B1,862
одновременно,adv,B1,863
пункт,n,B1,864
получаться,v,A2,865
радость,n,B1,866
завтра,adv,A1,867
старший,adj,A2,868
впечатление,n,B2,869
практика,n,B1,870
внутри,adv,A2,871
руководство,n,B2,872
содержание,n,B1,873
в том числе,mwe,B1,874
воля,n,B2,875
январь,n prop,A1,876
боевой,adj,B2,877
хватать,v,B1,878
вчера,n,A1,879
режим,n,B2,880
очередной,adj,B2,881
здоровье,n,A2,882
расти,v,A2,883
стоимость,n,B1,884
правильный,adj,A1,885
километр,n,A1,886
звать,v,B1,887
шесть,num,A1,888
личность,n,B2,889
физический,adj,B2,890
регион,n,C1,891
рот,n,A1,892
больной,adj,A1,893
итог,n,B2,894
предел,n,B2,895
может,adv,A1,896
читатель,n,A2,897
старик,n,B1,898
прочий,pron,C1,899
победа,n,A1,900
элемент,n,B2,901
естественно,adv,B2,902
постоянный,adj,B1,903
встречаться,v,A2,904
женский,adj,A1,905
командир,n,B1,906
август,n prop,A1,907
впервые,adv,B2,908
секунда,n,A1,909
счастливый,adj,A2,910
житель,n,B1,911
видимо,adv,C2,912
праздник,n,A1,913
множество,n,B2,914
кажется,adv,A2,915
сумма,n,B1,916
сцена,n,B1,917
насколько,adv,B2,918
есть,v,A1,919
едва,adv,B2,920
техника,n,A2,921
малый,adj,B2,922
подготовка,n,A2,923
легкий,adj,A2,924
сожаление,n,A2,925
ухо,n,A1,926
исторический,adj,B2,927
занятие,n,A1,928
соответствующий,adj,B2,929
существование,n,C1,930
мужик,n,C1,931
городской,adj,A2,932
октябрь,n prop,A1,933
недавно,adv,A2,934
нос,n,A1,935
существо,n,B2,936
абсолютно,adv,B2,937
обладать,v,B2,938
рамка,n,B2,939
начинаться,v,A1,940
генерал,n,C1,941
благодаря,adpos,B1,942
значить,v,A1,943
многое,pron,B2,944
французский,adj,A1,945
правильно,adv,A1,946
сентябрь,n prop,A1,947
левый,adj,A1,948
университет,n,A1,949
считаться,v,C1,950
частный,adj,B2,951
глубокий,adj,B1,952
многие,pron,B2,953
клуб,n,A2,954
принадлежать,v,B1,955
лето,n,A1,956
выражение,n,A2,957
платить,v,A2,958
спокойно,adv,A2,959
одежда,n,A1,960
ради,adpos,C1,961
автомобиль,n,A1,962
продажа,n,B2,963
с помощью,mwe,B1,964
святой,n,B2,965
финансовый,adj,B2,966
декабрь,n prop,A1,967
театр,n,A2,968
где-то,adv,B1,969
ссср,n prop,B2,970
произведение,n,B1,971
деревня,n,B1,972
рф,n prop,A2,973
фонд,n,B2,974
сестра,n,A1,975
отличаться,v,A2,976
кричать,v,A2,977
наблюдать,v,B2,978
запад,n prop,A1,979
франция,n prop,A1,980
обстоятельство,n,C1,981
золотой,adj,B2,982
июнь,n prop,A1,983
обращаться,v,B1,984
до сих пор,mwe,B2,985
темный,adj,A1,986
версия,n,C1,987
зато,con,C1,988
министр,n,B2,989
целое,n,B2,990
акция,n,C1,991
губа,n,B1,992
немец,n,A1,993
дополнительный,adj,B2,994
судить,v,B2,995
суть,n,C2,996
пустой,adj,B1,997
америка,n prop,A1,998
холодный,adj,A1,999
февраль,n prop,A1,1000
цветок,n,A2,1001
центральный,adj,B1,1002
профессиональный,adj,B1,1003
завод,n,B2,1004
на самом деле,mwe,B2,1005
федеральный,adj,B1,1006
прием,n,B2,1007
федерация,n,B2,1008
технический,adj,B1,1009
особенность,n,B2,1010
понимание,n,B2,1011
носить,v,A2,1012
рождение,n,A1,1013
ближайший,adj,B1,1014
болезнь,n,A2,1015
выступать,v,B1,1016
площадь,n,A1,1017
подход,n,B2,1018
занимать,v,B2,1019
родной,adj,B1,1020
станция,n,A1,1021
стремиться,v,B2,1022
решать,v,B1,1023
обучение,n,A2,1024
запись,n,A2,1025
упасть,v,A2,1026
поддерживать,v,B2,1027
настолько,adv,C1,1028
вниз,adv,A2,1029
вниз,prep,A2,1030
значительный,adj,B2,1031
напоминать,v,B1,1032
ответственность,n,B1,1033
народный,adj,B1,1034
европейский,adj,A1,1035
поэт,n,B1,1036
соответствие,n,B2,1037
офицер,n,B2,1038
июль,n prop,A1,1039
выборы,n,A2,1040
король,n,B1,1041
утверждать,v,C1,1042
позвонить,v,A1,1043
реклама,n,A2,1044
революция,n,B2,1045
явление,n,C1,1046
отдел,n,C1,1047
вскоре,adv,B2,1048
фронт,n,B2,1049
художник,n,B1,1050
информационный,adj,B2,1051
животное,n,A2,1052
пользователь,n,B1,1053
этап,n,B2,1054
ладно,particle,B2,1055
стиль,n,B2,1056
зеленый,adj,A1,1057
двигаться,v,B1,1058
норма,n,B2,1059
сто,num,A1,1060
чего,pron,A2,1061
передача,n,A2,1062
ценность,n,B2,1063
фраза,n,A2,1064
определение,n,B2,1065
работник,n,B2,1066
петь,v,A1,1067
мимо,adv,B2,1068
дата,n,A1,1069
будущий,adj,B1,1070
находить,v,A2,1071
семь,num,A1,1072
капитан,n,A2,1073
доход,n,B2,1074
фотография,n,A1,1075
разработка,n,B2,1076
волна,n,B2,1077
усилие,n,B2,1078
ясный,adj,B1,1079
профессор,n,A2,1080
как раз,mwe,C2,1081
рассматривать,v,B2,1082
ноябрь,n prop,A1,1083
понравиться,v,A1,1084
чай,n,A1,1085
участвовать,v,B1,1086
перевод,n,A1,1087
фактор,n,B2,1088
тихо,adv,A1,1089
канал,n,B1,1090
полезный,adj,A2,1091
сравнение,n,B2,1092
северный,adj,B1,1093
взрослый,n,A1,1094
что-нибудь,pron,B1,1095
родиться,v,A1,1096
кабинет,n,B1,1097
вспоминать,v,B1,1098
форум,n,B1,1099
лично,adv,B1,1100
духовный,adj,C2,1101
слабый,adj,A2,1102
гражданский,adj,B2,1103
наоборот,adv,B2,1104
итак,adv,C1,1105
журналист,n,B1,1106
проведение,n,B2,1107
выполнять,v,B2,1108
нынешний,adj,C1,1109
снег,n,A1,1110
лист,n,A2,1111
использоваться,v,B2,1112
обеспечение,n,C1,1113
комиссия,n,B1,1114
слава,n,B2,1115
черт,n,B2,1116
древний,adj,B1,1117
явно,adv,C1,1118
бить,v,A2,1119
зуб,n,A1,1120
традиция,n,B1,1121
невозможный,adj,B2,1122
высота,n,A2,1123
иностранный,adj,A1,1124
естественный,adj,B2,1125
председатель,n,B1,1126
массовый,adj,B2,1127
звонить,v,A2,1128
сосед,n,A1,1129
ясно,adv,A2,1130
молчать,v,A2,1131
украина,n prop,A1,1132
дальнейший,adj,C1,1133
прочитать,v,A1,1134
остров,n prop,A2,1135
приятный,adj,A2,1136
наличие,n,B2,1137
понятный,adj,A1,1138
сад,n,A2,1139
падать,v,A1,1140
кухня,n,A1,1141
мастер,n,B1,1142
карман,n,B1,1143
детство,n,A2,1144
сомнение,n,B2,1145
сотня,n,B1,1146
десяток,n,B1,1147
покупать,v,A1,1148
участок,n,B2,1149
обещать,v,B1,1150
прошлое,n,A1,1151
согласно,adv,C1,1152
строительство,n,B1,1153
разумеется,adv,C2,1154
пиво,n,A1,1155
тонкий,adj,A2,1156
устройство,n,C1,1157
смеяться,v,A2,1158
богатый,adj,A1,1159
яркий,adj,A2,1160
соответствовать,v,B2,1161
слеза,n,A2,1162
согласный,adj,A1,1163
библиотека,n,A1,1164
общение,n,B1,1165
частность,n,C1,1166
верный,adj,A2,1167
отличие,n,B1,1168
поезд,n,A2,1169
официальный,adj,A2,1170
мелкий,adj,B1,1171
продукция,n,B2,1172
применение,n,B2,1173
царь,n,B2,1174
состояться,v,B1,1175
поток,n,B2,1176
польза,n,A2,1177
обратно,adv,A2,1178
мешать,v,A2,1179
настроение,n,A2,1180
постепенно,adv,B1,1181
двое,num,B2,1182
редакция,n,B2,1183
нечто,pron,C2,1184
толпа,n,B2,1185
здоровый,adj,A1,1186
планета,n,B1,1187
поколение,n,B2,1188
реакция,n,B2,1189
умный,adj,A1,1190
вероятно,adv,B2,1191
механизм,n,B2,1192
собственно,adv,C1,1193
птица,n,A2,1194
относительно,adv,C1,1195
сквозь,adpos,B2,1196
хозяйство,n,B1,1197
жертва,n,B2,1198
открывать,v,A1,1199
ученик,n,A1,1200
организм,n,B1,1201
заявление,n,B1,1202
достижение,n,B2,1203
вверх,adv,A2,1204
бутылка,n,A1,1205
определять,v,B2,1206
доля,n,B2,1207
уехать,v,A1,1208
мозг,n,B1,1209
рисунок,n,A1,1210
прежний,adj,B2,1211
музей,n,A2,1212
зависимость,n,B2,1213
дождь,n,A1,1214
реализация,n,C1,1215
улыбка,n,A2,1216
восток,n prop,A1,1217
трудный,adj,A1,1218
собрание,n,B2,1219
хлеб,n,A1,1220
бабушка,n,A1,1221
тень,n,B1,1222
испытывать,v,B1,1223
стихи,n,A2,1224
домашний,adj,A2,1225
полагать,v,C1,1226
снимать,v,A1,1227
сегодняшний,adj,B1,1228
активный,adj,A2,1229
получение,n,B1,1230
помещение,n,B2,1231
опасный,adj,A1,1232
очевидно,adv,C1,1233
кожа,n,A1,1234
электронный,adj,A2,1235
морской,adj,A2,1236
нарушение,n,B2,1237
ужас,n,B2,1238
акт,n,C1,1239
содержать,v,B2,1240
учить,v,A1,1241
инструмент,n,B1,1242
лидер,n,B1,1243
комитет,n,B2,1244
фигура,n,B1,1245
отсюда,adv,A2,1246
пост,n,C1,1247
лагерь,n,B1,1248
след,n,B2,1249
улыбаться,v,A2,1250
оставлять,v,B1,1251
собственность,n,B2,1252
раздел,n,B1,1253
реальность,n,B2,1254
потеря,n,B2,1255
зима,n,A1,1256
экран,n,A1,1257
милый,adj,B1,1258
традиционный,adj,B2,1259
здравствовать,v,A1,1260
в результате,mwe,B2,1261
переход,n,A1,1262
поздно,adv,A2,1263
кровать,n,A1,1264
урок,n,A1,1265
секс,n,B1,1266
родина,n,A1,1267
вино,n,A1,1268
комплекс,n,B2,1269
зона,n,B2,1270
колено,n,B1,1271
звучать,v,A2,1272
коллега,n,B1,1273
бедный,adj,A1,1274
появление,n,B2,1275
издание,n,B2,1276
резко,adv,B2,1277
поговорить,v,B2,1278
еврей,n,B1,1279
нечего,adv,B2,1280
бюджет,n,B2,1281
редко,adv,A2,1282
разговаривать,v,A2,1283
учет,n,B2,1284
князь,n,C2,1285
этаж,n,A1,1286
честь,n,B2,1287
признак,n,B1,1288
требоваться,v,B1,1289
замечательный,adj,B2,1290
истина,n,C1,1291
плакать,v,A2,1292
потребность,n,B1,1293
долг,n,B2,1294
храм,n,B2,1295
заходить,v,B1,1296
опасность,n,A2,1297
объяснять,v,A1,1298
депутат,n,B1,1299
выбирать,v,A1,1300
предполагать,v,B2,1301
глубина,n,B1,1302
приказ,n,B2,1303
категория,n,B2,1304
полет,n,A2,1305
горячий,adj,A1,1306
строить,v,A2,1307
администрация,n,B1,1308
эффект,n,B2,1309
лететь,v,A2,1310
торговый,adj,B1,1311
описание,n,B1,1312
риск,n,B2,1313
лошадь,n,A2,1314
коридор,n,A2,1315
подруга,n,A1,1316
партнер,n,B1,1317
капитал,n,B2,1318
исключение,n,A2,1319
конкурс,n,A2,1320
схема,n,B2,1321
ночной,adj,A2,1322
разница,n,B1,1323
весна,n,A1,1324
черта,n,B1,1325
возле,adpos,B2,1326
тридцать,num,A1,1327
красота,n,B1,1328
рыба,n,A1,1329
глубоко,adv,A2,1330
суметь,v,B1,1331
опубликовать,v,B2,1332
точный,adj,B1,1333
аппарат,n,B2,1334
трубка,n,B1,1335
говориться,v,C1,1336
восточный,adj,B1,1337
садиться,v,A2,1338
ключ,n,A1,1339
знаменитый,adj,B1,1340
теплый,adj,A1,1341
фамилия,n,A1,1342
включать,v,A1,1343
захотеть,v,A1,1344
открытие,n,B1,1345
чудо,n,B2,1346
заключаться,v,B2,1347
полк,n,C1,1348
кресло,n,A1,1349
друг друга,mwe,A2,1350
напротив,adv,A2,1351
обращение,n,A2,1352
тихий,adj,A2,1353
менять,v,A2,1354
чей,pron,A2,1355
восемь,num,A1,1356
серый,adj,A1,1357
присутствовать,v,B1,1358
научиться,v,A2,1359
министерство,n,B2,1360
неожиданно,adv,B1,1361
кино,n,A1,1362
медицинский,adj,A2,1363
налог,n,B1,1364
штат,n,B2,1365
железный,adj,B2,1366
сведение,n,C1,1367
культурный,adj,B1,1368
конфликт,n,B2,1369
предыдущий,adj,B1,1370
середина,n,A2,1371
мертвый,adj,B1,1372
подарок,n,A1,1373
забывать,v,A1,1374
прекрасно,adv,A1,1375
расчет,n,B2,1376
ранний,adj,B1,1377
запах,n,A2,1378
замечать,v,B1,1379
ездить,v,A2,1380
терять,v,A2,1381
пожалуй,adv,C2,1382
торговля,n,B1,1383
камера,n,B1,1384
тайна,n,B1,1385
преступление,n,B2,1386
столица,n,A1,1387
выполнение,n,C1,1388
эпоха,n,C1,1389
больница,n,A1,1390
выставка,n,A2,1391
выпуск,n,B2,1392
литературный,adj,B2,1393
ссылка,n,B2,1394
понятно,adv,A1,1395
еще раз,mwe,A1,1396
уважение,n,B1,1397
последствие,n,B2,1398
буква,n,A1,1399
изображение,n,B2,1400
творческий,adj,B1,1401
фон,n,B2,1402
учебный,adj,A2,1403
материальный,adj,B2,1404
деталь,n,B2,1405
похоже,adv,C1,1406
заключение,n,B2,1407
вес,n,A2,1408
автобус,n,A1,1409
воспоминание,n,B1,1410
просьба,n,A2,1411
радио,n,A2,1412
человечество,n,B1,1413
корпус,n,B2,1414
вкус,n,A2,1415
следить,v,B2,1416
миллиард,num,A2,1417
заседание,n,B2,1418
недостаток,n,B1,1419
приносить,v,A1,1420
заранее,adv,B1,1421
держаться,v,B1,1422
отделение,n,B2,1423
перспектива,n,C1,1424
конференция,n,B2,1425
разрешение,n,B1,1426
спасти,v,B1,1427
мощный,adj,B1,1428
тяжело,adv,A1,1429
готовить,v,A1,1430
эффективный,adj,B1,1431
угроза,n,B2,1432
обед,n,A1,1433
производить,v,B1,1434
переходить,v,A1,1435
изучение,n,B1,1436
обеспечивать,v,B2,1437
заставлять,v,B2,1438
подниматься,v,A2,1439
вход,n,A1,1440
в целом,adv,B2,1441
сорок,num,A1,1442
отряд,n,B2,1443
скажем,adv,B2,1444
поступать,v,A2,1445
нижний,adj,A2,1446
южный,adj,B1,1447
газ,n,A2,1448
четвертый,num,A2,1449
печать,n,B1,1450
водка,n,A1,1451
дед,n,B2,1452
телевизор,n,A1,1453
беседа,n,B2,1454
повышение,n,B1,1455
крыша,n,A2,1456
звонок,n,A2,1457
продолжаться,v,B1,1458
контакт,n,B2,1459
истинный,adj,B2,1460
неужели,particle,B2,1461
дама,n,C1,1462
мягкий,adj,A1,1463
уважаемый,adj,A2,1464
творчество,n,B1,1465
художественный,adj,B1,1466
сутки,n,B1,1467
честно,adv,A2,1468
лет назад,mwe,A2,1469
ресурс,n,B2,1470
поверхность,n,B2,1471
свойство,n,B2,1472
доступ,n,B1,1473
вечный,adj,B2,1474
брак,n,B1,1475
стекло,n,A2,1476
мероприятие,n,B1,1477
обсуждение,n,B1,1478
установка,n,B2,1479
случайно,adv,B2,1480
бороться,v,B1,1481
мужской,adj,A1,1482
гореть,v,A2,1483
лишний,adj,B2,1484
связанный,adj,B2,1485
реформа,n,B2,1486
задание,n,A1,1487
встречать,v,A2,1488
билет,n,A1,1489
свежий,adj,A2,1490
обязанность,n,B1,1491
расход,n,B2,1492
ведущий,n,C1,1493
повторять,v,A1,1494
отечественный,adj,B2,1495
владелец,n,B2,1496
оборудование,n,B2,1497
беда,n,B2,1498
сообщать,v,B1,1499
впереди,adv,A2,1500
немедленно,adv,B1,1501
должно,adv,B2,1502
крик,n,B2,1503
семейный,adj,A2,1504
дядя,n,A1,1505
показатель,n,B2,1506
указывать,v,B1,1507
развиваться,v,B2,1508
формирование,n,B2,1509
сигнал,n,B2,1510
китай,n prop,A1,1511
исходить,v,B2,1512
трава,n,A2,1513
лечение,n,B1,1514
ящик,n,A2,1515
учреждение,n,C1,1516
замок,n,B1,1517
воздействие,n,B2,1518
стул,n,A1,1519
слегка,adv,B2,1520
светлый,adj,A1,1521
учитывать,v,B2,1522
обстановка,n,B1,1523
соответственно,adv,C1,1524
сказка,n,A2,1525
расстояние,n,A2,1526
зло,adv,A2,1527
набор,n,B2,1528
шум,n,B1,1529
спокойный,adj,B1,1530
цифра,n,A2,1531
веселый,adj,A2,1532
мол,adv,C2,1533
диск,n,A2,1534
удобный,adj,A2,1535
меняться,v,B2,1536
кофе,n,A1,1537
шея,n,B1,1538
как правило,mwe,C1,1539
по крайней мере,mwe,B2,1540
ранее,adv,B2,1541
американец,n,A1,1542
шанс,n,B2,1543
книжка,n,A1,1544
игрок,n,B1,1545
готовиться,v,B1,1546
действительность,n,C1,1547
чтение,n,A1,1548
лестница,n,A2,1549
лодка,n,B1,1550
продавать,v,A2,1551
вне,adpos,B2,1552
собирать,v,B1,1553
давление,n,B2,1554
потребитель,n,B2,1555
убийство,n,B1,1556
религиозный,adj,B2,1557
кусок,n,A2,1558
стратегия,n,C2,1559
достоинство,n,B1,1560
постель,n,A2,1561
серия,n,B1,1562
верхний,adj,A2,1563
процедура,n,B2,1564
исключительно,adv,B2,1565
основное,n,B1,1566
кадр,n,B1,1567
штаб,n,C1,1568
вставать,v,A2,1569
выступление,n,B1,1570
малыш,n,A2,1571
еда,n,A1,1572
милиция,n,A1,1573
ожидание,n,B1,1574
господь,n,C2,1575
изучать,v,B1,1576
философия,n,B2,1577
смех,n,A2,1578
громко,adv,A1,1579
жизненный,adj,B2,1580
многочисленный,adj,B2,1581
узкий,adj,A2,1582
ценный,adj,B1,1583
блок,n,B2,1584
чиновник,n,B2,1585
водитель,n,A1,1586
страдать,v,B1,1587
оттуда,adv,A2,1588
концепция,n,B2,1589
острый,adj,B1,1590
мост,n,A2,1591
поездка,n,A2,1592
компьютерный,adj,A2,1593
разум,n,B2,1594
угодно,adv,C2,1595
тишина,n,A2,1596
субъект,n,A1,1597
в частности,adv,B2,1598
слух,n,B1,1599
далекий,adj,A2,1600
благо,n,B2,1601
покупатель,n,A2,1602
осень,n,A1,1603
увеличение,n,B1,1604
удивительный,adj,B1,1605
танк,n,C1,1606
должность,n,B2,1607
зарплата,n,A2,1608
обращать,v,C1,1609
родственник,n,B1,1610
привет,excl,A1,1611
зритель,n,A2,1612
пакет,n,A2,1613
только что,mwe,B1,1614
в рамках,mwe,B2,1615
судья,n,B2,1616
мечтать,v,A2,1617
странно,adv,A2,1618
ресторан,n,A2,1619
плата,n,A2,1620
раньше,adv,A2,1621
за счет,mwe,B2,1622
законодательство,n,B2,1623
луна,n prop,A2,1624
крайне,adv,C1,1625
охрана,n,B1,1626
публикация,n,B2,1627
обсуждать,v,B1,1628
наверняка,particle,C2,1629
логика,n,B2,1630
специально,adv,B1,1631
приезжать,v,A2,1632
проводиться,v,B2,1633
синий,adj,A1,1634
сущность,n,C2,1635
отдавать,v,A2,1636
проверка,n,A2,1637
следствие,n,B2,1638
зеркало,n,A2,1639
вдоль,adpos,C1,1640
конечный,adj,B2,1641
обратный,adj,A2,1642
ладонь,n,B1,1643
строка,n,A2,1644
жесткий,adj,B1,1645
дальний,adj,B1,1646
ворота,n,B2,1647
чисто,adv,A2,1648
передавать,v,B1,1649
мечта,n,B1,1650
питание,n,B1,1651
прибыль,n,B2,1652
файл,n,B1,1653
флот,n,B2,1654
интересовать,v,B1,1655
религия,n,B2,1656
божий,adj,B2,1657
плюс,n,A2,1658
кошка,n,A1,1659
характерный,adj,B2,1660
толстый,adj,A2,1661
общаться,v,B1,1662
пятый,num,A2,1663
важно,adv,A1,1664
висеть,v,A2,1665
способствовать,v,C1,1666
ужасный,adj,B1,1667
заказ,n,B1,1668
отличный,adj,A2,1669
запас,n,B2,1670
исполнение,n,B2,1671
крыло,n,B1,1672
когда-то,adv,B1,1673
редактор,n,B2,1674
тон,n,B2,1675
оборона,n,B2,1676
дума,n,B1,1677
полковник,n,C1,1678
соседний,adj,A2,1679
заместитель,n,B2,1680
достойный,adj,C1,1681
кризис,n,B2,1682
спешить,v,B1,1683
спор,n,B1,1684
делаться,v,B2,1685
озеро,n,B1,1686
дикий,adj,B1,1687
термин,n,B2,1688
круглый,adj,A1,1689
дно,n,B1,1690
по-прежнему,adv,C2,1691
младший,adj,A2,1692
вряд ли,mwe,B2,1693
сми,abbr,B1,1694
принятие,n,B2,1695
эксперт,n,B2,1696
характеристика,n,B2,1697
попадать,v,B2,1698
совместный,adj,B2,1699
тепло,adv,A1,1700
следовательно,adv,B2,1701
север,n,A1,1702
индивидуальный,adj,B2,1703
темнота,n,B1,1704
дыхание,n,B2,1705
концерт,n,A2,1706
минимум,n,B1,1707
эксперимент,n,B2,1708
региональный,adj,B2,1709
пища,n,B2,1710
переговоры,n,B2,1711
агентство,n,B1,1712
интервью,n,B1,1713
умирать,v,A1,1714
сходить,v,B1,1715
крепкий,adj,B1,1716
покупка,n,A1,1717
генеральный,adj,C1,1718
погода,n,A1,1719
ограничение,n,B2,1720
воспитание,n,B1,1721
христос,n prop,B1,1722
сюжет,n,B2,1723
китайский,adj,A1,1724
тенденция,n,C1,1725
голубой,adj,A1,1726
грех,n,B2,1727
присутствие,n,B1,1728
производитель,n,B2,1729
шутка,n,A1,1730
молодежь,n,B1,1731
атака,n,B2,1732
регистрация,n,A1,1733
окончание,n,A2,1734
доклад,n,B1,1735
клетка,n,B2,1736
летчик,n,C1,1737
кандидат,n,B2,1738
везде,adv,A2,1739
символ,n,B2,1740
практический,adj,B2,1741
перевести,v,A1,1742
нуждаться,v,B2,1743
непосредственно,adv,C1,1744
сексуальный,adj,B1,1745
несчастный,adj,A2,1746
неизвестный,adj,B1,1747
слой,n,B2,1748
музыкальный,adj,A1,1749
помимо,adpos,C1,1750
назначение,n,B2,1751
положительный,adj,B1,1752
смена,n,B2,1753
мясо,n,A1,1754
парк,n,A2,1755
видный,adj,B2,1756
статус,n,C1,1757
тюрьма,n,B2,1758
полтора,num,A2,1759
наблюдение,n,B2,1760
психологический,adj,B2,1761
поднимать,v,A2,1762
болеть,v,A1,1763
фактически,adv,B2,1764
глупый,adj,A2,1765
в связи,mwe,B1,1766
представляться,v,A2,1767
преимущество,n,B2,1768
соглашение,n,B2,1769
задний,adj,A2,1770
доступный,adj,B2,1771
предстоять,v,B2,1772
куча,n,B2,1773
задавать,v,A1,1774
осторожно,adv,A1,1775
устраивать,v,C1,1776
покой,n,C1,1777
бок,n,A1,1778
добро,n,A2,1779
независимый,adj,B1,1780
объяснение,n,A2,1781
солнечный,adj,B1,1782
трудность,n,B1,1783
дурак,n,B1,1784
сотрудничество,n,B1,1785
площадка,n,B1,1786
конь,n,B1,1787
единица,n,B1,1788
путешествие,n,A2,1789
классический,adj,B1,1790
честный,adj,A2,1791
как будто,mwe,B1,1792
кот,n,A2,1793
существенный,adj,B2,1794
взаимодействие,n,B2,1795
империя,n,B2,1796
сомневаться,v,B1,1797
православный,n,B2,1798
бросать,v,A2,1799
температура,n,A2,1800
отрасль,n,B2,1801
платье,n,A1,1802
труба,n,B2,1803
стандарт,n,C1,1804
отдых,n,A2,1805
воспользоваться,v,B2,1806
отчет,n,B2,1807
злой,adj,B1,1808
удаваться,v,B2,1809
часы,n,A1,1810
страсть,n,B2,1811
цивилизация,n,B2,1812
дивизия,n,C1,1813
масло,n,A1,1814
пациент,n,B1,1815
денежный,adj,B1,1816
полиция,n,A1,1817
юг,n,A1,1818
редкий,adj,B1,1819
ставка,n,B2,1820
юридический,adj,B1,1821
вина,n,B2,1822
молоко,n,A1,1823
летать,v,A2,1824
костюм,n,A2,1825
лоб,n,B1,1826
стакан,n,A1,1827
сухой,adj,A2,1828
дворец,n,B1,1829
промышленность,n,B1,1830
спорт,n,A1,1831
обмен,n,B1,1832
жаль,adv,B1,1833
взрыв,n,B2,1834
демократия,n,B2,1835
широко,adv,B1,1836
особо,adv,B2,1837
стрелять,v,B1,1838
молча,adv,B2,1839
убивать,v,B1,1840
стремление,n,C1,1841
отказ,n,B2,1842
забота,n,B2,1843
судебный,adj,B2,1844
нож,n,A1,1845
вагон,n,A2,1846
безусловно,adv,B2,1847
довольный,adj,B2,1848
популярный,adj,B1,1849
нефть,n,B2,1850
последующий,adj,B2,1851
мышление,n,B2,1852
суббота,n prop,A1,1853
округ,n,C1,1854
лечь,v,B1,1855
рассчитывать,v,B2,1856
очевидный,adj,C1,1857
пятьдесят,num,A1,1858
управлять,v,B1,1859
вещество,n,B2,1860
академия,n,B1,1861
продолжение,n,A2,1862
сантиметр,n,A1,1863
навсегда,adv,B2,1864
коллектив,n,B2,1865
в соответствии с,mwe,B2,1866
живот,n,A1,1867
штука,n,A2,1868
картинка,n,A2,1869
корень,n,B1,1870
желтый,adj,A1,1871
сложно,adv,A1,1872
деревянный,adj,A2,1873
возвращение,n,B1,1874
образец,n,A2,1875
земной,adj,B2,1876
профессия,n,A2,1877
из-под,adpos,A2,1878
оказывать,v,B2,1879
школьный,adj,A2,1880
вон,particle,B2,1881
коммерческий,adj,B1,1882
половой,adj,B2,1883
в первую очередь,mwe,C1,1884
гостиница,n,A2,1885
кампания,n,B2,1886
заболевание,n,B1,1887
утверждение,n,B2,1888
село,n,B2,1889
почта,n,A1,1890
космический,adj,B2,1891
повезти,v,B1,1892
ой,int,B1,1893
слушатель,n,B1,1894
пауза,n,B1,1895
палата,n,B2,1896
эффективность,n,B2,1897
кредит,n,B1,1898
пьяный,adj,B1,1899
приложение,n,B2,1900
заплатить,v,A1,1901
уверенность,n,B1,1902
резкий,adj,B2,1903
лев,n,B2,1904
сверху,adv,A2,1905
спрос,n,B2,1906
различие,n,B1,1907
учение,n,B2,1908
трое,num,B2,1909
отмечать,v,B1,1910
телефонный,adj,A2,1911
воскресенье,n prop,A1,1912
восприятие,n,B2,1913
грязный,adj,A2,1914
доказательство,n,B2,1915
деловой,adj,B2,1916
пятница,n prop,A1,1917
кольцо,n,A2,1918
продавец,n,A1,1919
персонаж,n,C1,1920
величина,n,B2,1921
настоящее время,mwe,A2,1922
напряжение,n,B1,1923
преподаватель,n,A1,1924
обязательный,adj,B2,1925
найтись,v,B2,1926
крестьянин,n,B1,1927
отказываться,v,B1,1928
поймать,v,B1,1929
сельский,adj,B2,1930
подождать,v,A2,1931
вершина,n,B1,1932
строй,n,B2,1933
доска,n,A1,1934
японский,adj,A1,1935
секрет,n,B1,1936
достигать,v,B2,1937
защищать,v,B2,1938
воспринимать,v,B2,1939
предпочитать,v,B2,1940
в конце концов,mwe,B2,1941
ручка,n,A1,1942
одинаковый,adj,A2,1943
имущество,n,B2,1944
серьезно,adv,B2,1945
курить,v,A2,1946
свидетельствовать,v,C1,1947
верно,adv,A1,1948
остальное,n,B2,1949
взяться,v,C2,1950
понедельник,n prop,A1,1951
строгий,adj,B2,1952
дышать,v,A2,1953
портрет,n,B1,1954
противоположный,adj,B2,1955
схватить,v,C1,1956
ядерный,adj,B2,1957
порог,n,B2,1958
окончательно,adv,B2,1959
объединение,n,B1,1960
сектор,n,B2,1961
гулять,v,A1,1962
луч,n,B2,1963
подробность,n,B2,1964
окружающий,adj,B2,1965
совершать,v,B2,1966
крутой,adj,C1,1967
привычка,n,A2,1968
уникальный,adj,B2,1969
лейтенант,n,C1,1970
тем не менее,adv,B2,1971
пресса,n,B2,1972
эмоция,n,B1,1973
испытание,n,B2,1974
применять,v,B1,1975
девять,num,A1,1976
транспорт,n,A1,1977
наступление,n,C1,1978
актер,n,A1,1979
хвост,n,A2,1980
проявление,n,C1,1981
рекламный,adj,B1,1982
воздушный,adj,B2,1983
вслед,adv,C1,1984
уголовный,adj,B2,1985
определяться,v,C1,1986
свидетель,n,B2,1987
килограмм,n,A1,1988
экзамен,n,A1,1989
тянуть,v,A2,1990
ощущать,v,B2,1991
менеджер,n,B1,1992
приятно,adv,A1,1993
каменный,adj,B2,1994
цикл,n,B2,1995
удивление,n,B1,1996
еврейский,adj,B2,1997
разумный,adj,B2,1998
инвестиция,n,B2,1999
надпись,n,B1,2000
случаться,v,A2,2001
сумка,n,A1,2002
золото,n,B2,2003
сигарета,n,A1,2004
успешный,adj,B2,2005
немало,adv,B2,2006
природный,adj,B1,2007
облако,n,A2,2008
цитата,n,B2,2009
полоса,n,B2,2010
рейтинг,n,B2,2011
указание,n,B2,2012
поход,n,B1,2013
какой-нибудь,pron,B1,2014
вынужденный,adj,C1,2015
владеть,v,B2,2016
воин,n,C1,2017
атмосфера,n,B1,2018
том,n,B2,2019
поступок,n,B1,2020
баба,n,C1,2021
памятник,n,A2,2022
спорить,v,B2,2023
офис,n,A2,2024
случайный,adj,B2,2025
отель,n,A2,2026
телевидение,n,B1,2027
архив,n,B2,2028
осуществлять,v,B2,2029
активно,adv,B1,2030
инженер,n,B1,2031
нация,n,B2,2032
строго,adv,A2,2033
успешно,adv,B2,2034
знакомство,n,B1,2035
режиссер,n,B1,2036
текущий,adj,B2,2037
не стоит,mwe,C1,2038
дневник,n,B2,2039
влиять,v,B2,2040
бегать,v,A1,2041
кнопка,n,A2,2042
сделка,n,B2,2043
неприятный,adj,A2,2044
петербург,n,A1,2045
остаток,n,B1,2046
к сожалению,adv,B1,2047
аспект,n,B2,2048
спортивный,adj,A1,2049
программный,adj,B2,2050
секретарь,n,B2,2051
распространение,n,B2,2052
правовой,adj,B2,2053
океан,n,A2,2054
налоговый,adj,B1,2055
бесконечный,adj,B2,2056
скрывать,v,C1,2057
посетитель,n,B2,2058
мгновение,n,B2,2059
отсутствовать,v,B1,2060
сохранение,n,B2,2061
больно,adv,A1,2062
умение,n,B1,2063
вселенная,n prop,B2,2064
император,n,B2,2065
намного,adv,B2,2066
признание,n,B2,2067
губернатор,n,B1,2068
стадия,n,B2,2069
твердый,adj,A1,2070
останавливаться,v,A2,2071
инициатива,n,B2,2072
ремонт,n,B1,2073
масштаб,n,B2,2074
терпеть,v,B1,2075
пятнадцать,num,A1,2076
летний,adj,A2,2077
снижение,n,B2,2078
наступать,v,B1,2079
дым,n,B2,2080
критика,n,B2,2081
выражать,v,B1,2082
оплата,n,B1,2083
протяжение,n,C1,2084
параметр,n,B2,2085
лекция,n,A2,2086
радоваться,v,B1,2087
танец,n,B1,2088
распоряжение,n,C1,2089
щека,n,B1,2090
вероятность,n,B2,2091
не может быть,mwe,A2,2092
рубеж,n,B2,2093
интеллектуальный,adj,B2,2094
коробка,n,B1,2095
агент,n,B2,2096
согласие,n,B1,2097
марка,n,A1,2098
критерий,n,B2,2099
посылать,v,A2,2100
происхождение,n,B2,2101
эфир,n,B2,2102
смешной,adj,A2,2103
абсолютный,adj,B2,2104
приятель,n,B1,2105
семинар,n,B2,2106
метро,n,A1,2107
вуз,abbr,B1,2108
рекомендовать,v,B2,2109
сервер,n,B2,2110
публика,n,C1,2111
очки,n,A1,2112
молитва,n,B2,2113
в силу,mwe,B2,2114
таблица,n,B1,2115
юный,adj,B1,2116
ненавидеть,v,A2,2117
сопротивление,n,B2,2118
удача,n,B1,2119
полицейский,adj,A1,2120
признавать,v,B2,2121
сбор,n,B1,2122
длина,n,A1,2123
мирный,adj,B1,2124
колесо,n,A2,2125
намерение,n,B2,2126
дружба,n,A1,2127
крест,n,A2,2128
отлично,adv,A2,2129
неожиданный,adj,B1,2130
ужин,n,A1,2131
двигатель,n,B2,2132
длительный,adj,B2,2133
планировать,v,B1,2134
талант,n,B1,2135
юноша,n,C1,2136
автомат,n,B2,2137
перемена,n,A1,2138
зверь,n,A2,2139
голый,adj,B2,2140
дискуссия,n,B1,2141
переживать,v,B2,2142
труп,n,B2,2143
поворот,n,A2,2144
священник,n,B2,2145
сочинение,n,B1,2146
упражнение,n,A2,2147
наказание,n,B2,2148
стратегический,adj,C1,2149
выдавать,v,B1,2150
моральный,adj,B2,2151
чрезвычайно,adv,B2,2152
друг другу,mwe,A2,2153
приближаться,v,A2,2154
меч,n,C1,2155
мобильный,adj,A1,2156
обработка,n,C1,2157
ныне,adv,C2,2158
осуществляться,v,B2,2159
непонятный,adj,A1,2160
сложность,n,B1,2161
мешок,n,B1,2162
совесть,n,B2,2163
диван,n,A1,2164
охота,n,B2,2165
трудовой,adj,B1,2166
наркотик,n,B2,2167
сообщество,n,C1,2168
пассажир,n,A1,2169
описывать,v,B1,2170
областной,adj,B2,2171
поэзия,n,B2,2172
закрывать,v,A1,2173
достаточный,adj,B1,2174
премия,n,B2,2175
рыночный,adj,B2,2176
сценарий,n,C1,2177
психология,n,B1,2178
код,n,B2,2179
жилье,n,B2,2180
экипаж,n,B2,2181
контролировать,v,B1,2182
помощник,n,B1,2183
кормить,v,A2,2184
лед,n,A2,2185
италия,n prop,A1,2186
кость,n,B1,2187
ассоциация,n,B2,2188
предприниматель,n,B2,2189
спектакль,n,B1,2190
порт,n,B2,2191
краска,n,B1,2192
дочка,n,B2,2193
ракета,n,B2,2194
жениться,v,A2,2195
постановление,n,C1,2196
зря,adv,B2,2197
грязь,n,A2,2198
свидетельство,n,B2,2199
темп,n,B1,2200
песок,n,B2,2201
потолок,n,A2,2202
аудитория,n,A2,2203
привычный,adj,B2,2204
отпуск,n,A2,2205
тщательно,adv,B2,2206
анекдот,n,B1,2207
ангел,n,B2,2208
монастырь,n,B2,2209
внизу,adv,A2,2210
маршрут,n,B1,2211
необычный,adj,B2,2212
пыль,n,B1,2213
прочесть,v,A2,2214
приглашать,v,A1,2215
растение,n,B1,2216
демократический,adj,B1,2217
проверять,v,A2,2218
идеальный,adj,B2,2219
оборот,n,B2,2220
бесплатный,adj,A2,2221
падение,n,B2,2222
банка,n,B1,2223
боец,n,C1,2224
ровно,adv,B1,2225
введение,n,B2,2226
аргумент,n,B2,2227
ткань,n,B2,2228
склад,n,B2,2229
яйцо,n,A1,2230
запрос,n,B2,2231
нужда,n,C1,2232
доверие,n,B2,2233
нежный,adj,B1,2234
горло,n,A2,2235
научить,v,A2,2236
формат,n,B2,2237
британский,adj,A1,2238
тратить,v,A2,2239
существующий,adj,B2,2240
съесть,v,A2,2241
адвокат,n,B1,2242
опытный,adj,B1,2243
уход,n,B2,2244
пистолет,n,B2,2245
промышленный,adj,C1,2246
подросток,n,A2,2247
горе,n,B2,2248
бомба,n,B1,2249
к тому же,con,B2,2250
башня,n,B1,2251
навстречу,adv,B1,2252
подразделение,n,C1,2253
заведение,n,C2,2254
социально,adv,B1,2255
навык,n,B1,2256
хозяйка,n,B1,2257
богатство,n,B1,2258
понадобиться,v,B2,2259
уважать,v,A2,2260
верховный,adj,C2,2261
мотив,n,B2,2262
поражение,n,C1,2263
туалет,n,A1,2264
бытие,n,C2,2265
сохранять,v,B1,2266
тревога,n,B2,2267
остановка,n,A1,2268
дорого,adv,A1,2269
жестокий,adj,B2,2270
крепко,adv,B2,2271
реально,adv,C1,2272
выходной,n,A2,2273
административный,adj,B2,2274
дрожать,v,B2,2275
близко,adv,A1,2276
плод,n,B2,2277
судно,n,C1,2278
борт,n,C1,2279
проживать,v,B1,2280
самостоятельно,adv,B1,2281
соединение,n,B2,2282
впоследствии,adv,B2,2283
диалог,n,A1,2284
контракт,n,B1,2285
пахнуть,v,B1,2286
в ходе,mwe,B2,2287
свадьба,n,B1,2288
туман,n,B1,2289
прибор,n,B2,2290
восторг,n,B2,2291
качественный,adj,B1,2292
точность,n,B2,2293
превращаться,v,B2,2294
выпускать,v,C1,2295
девчонка,n,C1,2296
и так далее,mwe,C1,2297
персонал,n,B2,2298
тайный,adj,C1,2299
майор,n,C2,2300
оценивать,v,B2,2301
молчание,n,B1,2302
особенный,adj,B1,2303
предоставлять,v,C1,2304
оператор,n,B2,2305
конституция,n,B1,2306
развивать,v,B2,2307
карточка,n,A1,2308
подавать,v,B1,2309
поселок,n,B2,2310
кодекс,n,B2,2311
аналогичный,adj,B2,2312
беременность,n,B1,2313
хранить,v,B1,2314
исследователь,n,B2,2315
исчезать,v,B2,2316
француз,n,A1,2317
замуж,adv,A2,2318
препарат,n,B2,2319
игрушка,n,B1,2320
весело,adv,A2,2321
прежде чем,mwe,B2,2322
конструкция,n,B2,2323
сезон,n,B1,2324
самостоятельный,adj,B2,2325
формула,n,B2,2326
рассмотрение,n,C1,2327
пробовать,v,A2,2328
посадить,v,B2,2329
кулак,n,B2,2330
физика,n,B1,2331
в отличие,mwe,C1,2332
всеобщий,adj,B2,2333
жест,n,B1,2334
насилие,n,B2,2335
кто-нибудь,pron,B1,2336
исходный,adj,B2,2337
обслуживание,n,B2,2338
англичанин,n,A1,2339
бригада,n,B2,2340
вызов,n,B2,2341
дешевый,adj,A1,2342
капля,n,B2,2343
лаборатория,n,B2,2344
спасение,n,C1,2345
непосредственный,adj,C1,2346
полчаса,n,A1,2347
гибель,n,B2,2348
полка,n,A1,2349
паспорт,n,A1,2350
подозревать,v,B2,2351
обязательство,n,B2,2352
активность,n,B1,2353
горный,adj,B1,2354
дар,n,B2,2355
протокол,n,B2,2356
рекомендация,n,B2,2357
лекарство,n,A1,2358
максимальный,adj,B2,2359
объявление,n,A1,2360
минимальный,adj,B2,2361
мороз,n,A2,2362
одинокий,adj,B1,2363
замечание,n,B1,2364
отдыхать,v,A1,2365
карьера,n,B1,2366
стандартный,adj,B2,2367
высказывание,n,B2,2368
шар,n,A2,2369
ловить,v,B2,2370
политик,n,B1,2371
несомненно,adv,C1,2372
альбом,n,B2,2373
вокзал,n,A2,2374
надежный,adj,B2,2375
вооруженный,adj,B1,2376
записка,n,B1,2377
справедливость,n,B1,2378
коротко,adv,B2,2379
страдание,n,B2,2380
нередко,adv,B2,2381
открываться,v,A2,2382
действующий,adj,B2,2383
в принципе,mwe,B2,2384
осуществление,n,B2,2385
дача,n,B1,2386
гарантия,n,B1,2387
изделие,n,B2,2388
партийный,adj,B1,2389
космос,n,B2,2390
скорый,adj,B1,2391
привлекать,v,B2,2392
противоречие,n,C1,2393
нервный,adj,B2,2394
горький,adj,B1,2395
отнюдь,adv,C2,2396
украинский,adj,A1,2397
воевать,v,B1,2398
могила,n,B2,2399
тест,n,A1,2400
подъезд,n,B1,2401
приобретать,v,B2,2402
явный,adj,C1,2403
миг,n,C2,2404
орудие,n,C1,2405
сзади,adv,A2,2406
скромный,adj,B1,2407
пятно,n,B1,2408
заметный,adj,B2,2409
почва,n,B2,2410
груз,n,B2,2411
пуля,n,B2,2412
двенадцать,num,A1,2413
инструкция,n,A2,2414
коммунист,n,B2,2415
воображение,n,B2,2416
грубый,adj,B2,2417
построение,n,C1,2418
велеть,v,C2,2419
проявлять,v,B2,2420
разнообразный,adj,B1,2421
кафе,n,A2,2422
глобальный,adj,B2,2423
сборник,n,B2,2424
факультет,n,B1,2425
куст,n,B1,2426
стихотворение,n,B1,2427
методика,n,B2,2428
битва,n,C1,2429
интересоваться,v,B1,2430
окружать,v,B2,2431
советовать,v,A2,2432
холод,n,A1,2433
удивляться,v,B1,2434
разведка,n,C1,2435
потенциал,n,C1,2436
одиночество,n,B2,2437
фантазия,n,B2,2438
с трудом,mwe,B2,2439
якобы,adv,C2,2440
производственный,adj,B2,2441
мина,n,C2,2442
ответственный,adj,B1,2443
волк,n,B2,2444
ущерб,n,B2,2445
незнакомый,adj,A2,2446
мокрый,adj,A2,2447
расширение,n,C1,2448
важнейший,adj,B1,2449
палатка,n,B1,2450
салон,n,B1,2451
до тех пор,mwe,B2,2452
великолепный,adj,C1,2453
доходить,v,A2,2454
отражать,v,B2,2455
лезть,v,B2,2456
голод,n,A2,2457
выстрел,n,B2,2458
столетие,n,B2,2459
что именно,mwe,B2,2460
ключевой,adj,B2,2461
шкаф,n,A1,2462
победитель,n,B1,2463
доверять,v,B2,2464
костер,n,B2,2465
независимо,adv,B2,2466
жанр,n,B2,2467
зимний,adj,A2,2468
вступать,v,B2,2469
философский,adj,B2,2470
решаться,v,B2,2471
объективный,adj,C1,2472
трагедия,n,B2,2473
священный,adj,C2,2474
можно сказать,mwe,B2,2475
жаловаться,v,B1,2476
четверг,n prop,A1,2477
фестиваль,n,B2,2478
ненависть,n,B2,2479
холм,n,B2,2480
частота,n,B2,2481
вечерний,adj,B1,2482
контекст,n,B1,2483
копия,n,B2,2484
удовлетворение,n,B2,2485
когда-нибудь,adv,B1,2486
узел,n,B2,2487
психолог,n,B2,2488
вред,n,B2,2489
жалко,adv,A2,2490
нигде,adv,A2,2491
финансирование,n,B2,2492
неплохо,adv,A2,2493
идеология,n,B2,2494
командование,n,B2,2495
отрицательный,adj,B1,2496
создаваться,v,B2,2497
убеждение,n,B2,2498
звание,n,C1,2499
высоко,adv,A2,2500
жалеть,v,B1,2501
скала,n,B2,2502
вторник,n prop,A1,2503
выше,adv,A2,2504
непременно,adv,C2,2505
обвинение,n,B2,2506
искусственный,adj,B1,2507
в зависимости от,mwe,B2,2508
литр,n,A1,2509
учебник,n,A1,2510
превышать,v,B2,2511
тьма,n,C2,2512
лента,n,B2,2513
христианский,adj,B1,2514
готовность,n,B2,2515
лесной,adj,B1,2516
проявляться,v,C1,2517
исполнять,v,B2,2518
нагрузка,n,B2,2519
зарубежный,adj,B2,2520
душевный,adj,C1,2521
раб,n,C1,2522
корреспондент,n,B2,2523
спутник,n,B2,2524
цепь,n,B2,2525
потенциальный,adj,C1,2526
приниматься,v,C1,2527
розовый,adj,A1,2528
почитать,v,B1,2529
благодарить,v,A2,2530
идеал,n,B2,2531
эпизод,n,B2,2532
вечно,adv,C1,2533
визит,n,B2,2534
сетевой,adj,B2,2535
орден,n,B2,2536
конкуренция,n,B2,2537
парламент,n,B1,2538
колонна,n,B2,2539
собор,n,B2,2540
танцевать,v,A1,2541
соревнование,n,A2,2542
произносить,v,A1,2543
глупость,n,B2,2544
эмоциональный,adj,B1,2545
роза,n,A2,2546
городок,n,B1,2547
подтверждать,v,B2,2548
распределение,n,B2,2549
отправляться,v,B2,2550
любитель,n,B2,2551
как только,mwe,B2,2552
бар,n,B1,2553
неизвестно,adv,B1,2554
приличный,adj,B2,2555
содержаться,v,B2,2556
обзор,n,B2,2557
претензия,n,B2,2558
нападение,n,B2,2559
рубашка,n,A1,2560
рассматриваться,v,C1,2561
итальянский,adj,A1,2562
тоска,n,B2,2563
завтрак,n,A1,2564
ниже,adj,A2,2565
пенсия,n,B1,2566
восстановление,n,B2,2567
турист,n,A1,2568
на протяжении,mwe,C2,2569
инвестор,n,B2,2570
переживание,n,C1,2571
мода,n,A2,2572
разработчик,n,B2,2573
везти,v,C1,2574
рисовать,v,B1,2575
возникновение,n,B2,2576
вестись,v,C1,2577
стенка,n,A2,2578
узнавать,v,A2,2579
ведение,n,C1,2580
единство,n,B2,2581
мощность,n,B2,2582
здорово,excl,B1,2583
иностранец,n,A1,2584
статистика,n,B2,2585
волноваться,v,B1,2586
повести,v,B2,2587
музыкант,n,A1,2588
пьеса,n,B1,2589
десятилетие,n,B1,2590
блестящий,adj,B1,2591
убийца,n,B2,2592
известие,n,B1,2593
печальный,adj,B1,2594
улучшение,n,B1,2595
яблоко,n,A1,2596
слева,adv,A2,2597
заявлять,v,B2,2598
местность,n,B2,2599
зарабатывать,v,B1,2600
экспедиция,n,B2,2601
прогресс,n,B2,2602
то же самое,mwe,A2,2603
цитировать,v,B2,2604
пояс,n,A2,2605
королева,n,B1,2606
квадратный,adj,B2,2607
заинтересовать,v,B1,2608
выгодный,adj,B2,2609
начальный,adj,B2,2610
старуха,n,B1,2611
аэродром,n,B2,2612
делиться,v,B2,2613
допускать,v,B2,2614
торопиться,v,A2,2615
реагировать,v,B2,2616
союзник,n,B2,2617
корпорация,n,C1,2618
сапог,n,A1,2619
мелочь,n,A2,2620
дисциплина,n,B2,2621
складываться,v,C1,2622
азия,n prop,A1,2623
справа,adv,A2,2624
вначале,adv,B1,2625
транспортный,adj,B1,2626
аэропорт,n,A1,2627
вовремя,adv,A2,2628
сокращение,n,B1,2629
миф,n,B2,2630
свободно,adv,B2,2631
авторский,adj,C1,2632
кусочек,n,A2,2633
неплохой,adj,A2,2634
в свою очередь,mwe,B2,2635
польский,adj,A1,2636
конкурент,n,B2,2637
маска,n,B1,2638
существенно,adv,C1,2639
четкий,adv,B2,2640
жалоба,n,B1,2641
потребление,n,B2,2642
подпись,n,A1,2643
прозрачный,adj,B2,2644
опираться,v,C1,2645
авиация,n,C1,2646
корова,n,A2,2647
применяться,v,B1,2648
ложиться,v,A2,2649
настаивать,v,B2,2650
напиток,n,A1,2651
освобождение,n,B2,2652
двойной,adj,B1,2653
письменный,adj,A2,2654
инвестиционный,adj,B2,2655
граф,n,C2,2656
математика,n,B1,2657
зачастую,adv,C2,2658
густой,adj,B2,2659
потребоваться,v,B1,2660
студия,n,B1,2661
приход,n,C1,2662
кремль,n prop,A2,2663
авторитет,n,B2,2664
отражение,n,B2,2665
накануне,adv,C2,2666
мотор,n,B1,2667
измерение,n,B2,2668
небесный,adj,B2,2669
с другой стороны,mwe,B2,2670
подлинный,adj,C1,2671
предварительный,adj,B2,2672
искренне,adv,B2,2673
заботиться,v,B2,2674
экологический,adj,B1,2675
молиться,v,B2,2676
повесть,n,B1,2677
вождь,n,C1,2678
компонент,n,B2,2679
гордость,n,B2,2680
передний,adj,A2,2681
невеста,n,B1,2682
вклад,n,B1,2683
русь,n prop,B2,2684
доказывать,v,B2,2685
соображение,n,C1,2686
наблюдаться,v,B2,2687
глухой,adj,B2,2688
металл,n,B2,2689
кое-что,pron,C1,2690
неправильный,adj,A1,2691
совещание,n,C1,2692
краткий,adj,A1,2693
подходящий,adj,B1,2694
сопровождать,v,B2,2695
пребывание,n,B2,2696
теоретический,adj,B2,2697
ложь,n,B2,2698
катастрофа,n,B1,2699
к примеру,mwe,B2,2700
по телефону,mwe,A1,2701
процессор,n,B2,2702
окружение,n,C1,2703
справедливый,adj,B1,2704
профиль,n,B2,2705
квартал,n,B2,2706
законодательный,adj,C1,2707
эксплуатация,n,B2,2708
окончательный,adj,B2,2709
пожар,n,A1,2710
головной,adj,A1,2711
подъем,n,B2,2712
чудесный,adj,B1,2713
металлический,adj,B2,2714
слуга,n,C1,2715
удачный,adj,B2,2716
критический,adj,B2,2717
решительно,adv,C1,2718
деятель,n,C2,2719
руль,n,B2,2720
шестой,num,A2,2721
блин,n,A2,2722
дважды,adv,B2,2723
спускаться,v,B1,2724
негативный,adj,B2,2725
во-первых,adv,B1,2726
свеча,n,B2,2727
медведь,n,B1,2728
оперативный,adj,C1,2729
наверх,adv,A2,2730
прогноз,n,B1,2731
опрос,n,B1,2732
собеседник,n,B2,2733
пожилой,adj,A1,2734
вернее,adv,C1,2735
публичный,adj,C1,2736
супруг,n,B2,2737
устанавливать,v,B1,2738
свидание,n,B1,2739
миссия,n,C2,2740
дедушка,n,A1,2741
платформа,n,B1,2742
тонна,n,B2,2743
горизонт,n,B2,2744
сахар,n,A1,2745
эволюция,n,B2,2746
мебель,n,A1,2747
типичный,adj,B2,2748
пустыня,n,B2,2749
оригинальный,adj,B2,2750
внутрь,adv,A2,2751
обида,n,B1,2752
сочетание,n,B1,2753
призывать,v,C1,2754
заканчиваться,v,B1,2755
чашка,n,A1,2756
вооружение,n,C1,2757
справка,n,A2,2758
артист,n,A1,2759
прокуратура,n,C1,2760
профессионал,n,B1,2761
съезд,n,B2,2762
позади,adv,B2,2763
принц,n,B2,2764
приобретение,n,B2,2765
график,n,B2,2766
философ,n,B2,2767
сдавать,v,B2,2768
племя,n,C1,2769
ветка,n,A2,2770
сталкиваться,v,C1,2771
захотеться,v,B1,2772
гнев,n,B2,2773
почтовый,adj,A2,2774
слабость,n,B2,2775
целиком,adv,B2,2776
консультант,n,B1,2777
крепость,n,B2,2778
а именно,adv,B2,2779
церковный,adj,B2,2780
разделять,v,B2,2781
в самом деле,mwe,C1,2782
разбираться,v,B2,2783
правление,n,C1,2784
сладкий,adj,A1,2785
видать,adv,C2,2786
более чем,mwe,B2,2787
ствол,n,B2,2788
независимость,n,B1,2789
недавний,adj,C1,2790
долина,n,B2,2791
каталог,n,A2,2792
забор,n,B2,2793
фото,n,A1,2794
суровый,adj,B2,2795
невероятный,adj,B2,2796
пресс,n,C1,2797
законный,adj,B1,2798
коллекция,n,B1,2799
благодарность,n,B2,2800
мгновенно,adv,B2,2801
пугать,v,B2,2802
целовать,v,A2,2803
испугаться,v,A2,2804
отчаяние,n,B2,2805
некогда,adv,B2,2806
награда,n,B2,2807
обыкновенный,adj,B1,2808
добыча,n,C1,2809
противный,adj,B2,2810
своеобразный,adj,C1,2811
ярко,adv,B2,2812
царство,n,C1,2813
с удовольствием,mwe,A2,2814
течь,v,A2,2815
революционный,adj,C1,2816
молодец,excl,A1,2817
изменять,v,B2,2818
преследовать,v,B2,2819
немножко,adv,A2,2820
ступень,n,B2,2821
корпоративный,adj,C1,2822
взаимный,adj,B2,2823
государь,n,C2,2824
легенда,n,B2,2825
оппозиция,n,B2,2826
установление,n,B2,2827
посещать,v,B2,2828
ближний,n,C1,2829
вплоть,adv,C1,2830
градус,n,A2,2831
орать,v,B2,2832
экземпляр,n,B1,2833
демонстрировать,v,B2,2834
цифровой,adj,B1,2835
предположение,n,B2,2836
тарелка,n,A1,2837
хранение,n,B2,2838
благородный,adj,B2,2839
грозить,v,B2,2840
торчать,v,C1,2841
познание,n,C2,2842
издательство,n,B2,2843
неудача,n,B2,2844
пушка,n,C1,2845
сломать,v,A2,2846
чуть ли не,mwe,C1,2847
муниципальный,adj,B2,2848
пасть,n,C2,2849
сумасшедший,adj,B2,2850
снаряд,n,C1,2851
мудрость,n,B2,2852
мрачный,adj,B2,2853
исполнительный,adj,C1,2854
ядро,n,B2,2855
медицина,n,A2,2856
виртуальный,adj,B2,2857
историк,n,B2,2858
тянуться,v,B2,2859
тесный,adj,B1,2860
предок,n,B2,2861
россиянин,n,A2,2862
сок,n,A1,2863
плыть,v,A2,2864
громкий,adj,A1,2865
грозный,adj,C1,2866
доставаться,v,B2,2867
рассуждение,n,C1,2868
расположение,n,B2,2869
базовый,adj,B2,2870
преступник,n,B1,2871
сержант,n,C1,2872
видение,n,C1,2873
класть,v,A1,2874
электрический,adj,A1,2875
избирательный,adj,B1,2876
волновать,v,B1,2877
рана,n,B1,2878
серебряный,adj,B1,2879
гигантский,adj,B2,2880
царский,adj,C1,2881
все же,mwe,C2,2882
словарь,n,A1,2883
кафедра,n,B2,2884
вроде бы,mwe,C1,2885
тотчас,adv,C2,2886
заказчик,n,B1,2887
мышь,n,B1,2888
смертный,adj,C2,2889
дурной,adj,B2,2890
на этот раз,mwe,B2,2891
вследствие,adpos,B2,2892
блюдо,n,A1,2893
вредный,adj,A2,2894
технологический,adj,B2,2895
биться,v,C2,2896
посол,n,A1,2897
лапа,n,B2,2898
поза,n,B2,2899
старинный,adj,B2,2900
волнение,n,B2,2901
веревка,n,B1,2902
придавать,v,C1,2903
аккуратно,adv,B1,2904
руководить,v,B2,2905
рота,n,C2,2906
тетя,n,A2,2907
психический,adj,B2,2908
нравственный,adj,B2,2909
поставка,n,B2,2910
закрытый,adj,B1,2911
размышление,n,B2,2912
в данном случае,mwe,B2,2913
беспокоиться,v,B1,2914
архитектура,n,B2,2915
математический,adj,B1,2916
прыгать,v,A2,2917
связывать,v,B2,2918
нарушать,v,B1,2919
мука,n,A1,2920
доставать,v,B1,2921
автоматически,adv,B1,2922
химический,adj,B2,2923
школьник,n,A2,2924
указ,n,C1,2925
обычай,n,B2,2926
община,n,C2,2927
лампа,n,A1,2928
материя,n,B2,2929
актуальный,adj,B2,2930
ветеран,n,B2,2931
рок,n,B1,2932
разрыв,n,B2,2933
ошибаться,v,A1,2934
жилой,adj,B2,2935
лицензия,n,B2,2936
замена,n,B2,2937
задумываться,v,B2,2938
организатор,n,C1,2939
по сути,mwe,C2,2940
прогулка,n,B1,2941
прощать,v,B1,2942
ужасно,adv,B1,2943
королевский,adj,B1,2944
пустота,n,B2,2945
опасаться,v,C1,2946
ад,n,B2,2947
образовательный,adj,B2,2948
комментировать,v,B2,2949
рисковать,v,B2,2950
тренировка,n,B1,2951
осознавать,v,C1,2952
рассуждать,v,B2,2953
божественный,adj,B2,2954
грань,n,C1,2955
молодость,n,B1,2956
юмор,n,A2,2957
африка,n prop,A1,2958
мягко,adv,B1,2959
твердо,adv,B2,2960
банковский,adj,B2,2961
страховой,adj,B2,2962
уничтожение,n,B2,2963
устойчивый,adj,B2,2964
алкоголь,n,B1,2965
дизайн,n,B2,2966
пострадать,v,B2,2967
приговор,n,B2,2968
красиво,adv,A1,2969
управляющий,adj,C1,2970
гарантировать,v,B2,2971
охотник,n,C2,2972
расследование,n,B2,2973
спальня,n,A2,2974
просмотр,n,B1,2975
соотношение,n,B2,2976
белорусский,adj,A1,2977
проза,n,B2,2978
располагаться,v,B2,2979
поправка,n,B2,2980
скандал,n,B1,2981
голодный,adj,A1,2982
пламя,n,C1,2983
логический,adj,B2,2984
совпадать,v,B2,2985
одеяло,n,A1,2986
мышца,n,B2,2987
нарисовать,v,A2,2988
изображать,v,B2,2989
набирать,v,B2,2990
укрепление,n,B2,2991
вводить,v,C1,2992
фабрика,n,B2,2993
сторонник,n,C1,2994
исследовать,v,B2,2995
направлять,v,B2,2996
съемка,n,C1,2997
слепой,adj,B2,2998
пещера,n,B2,2999
энергетический,adj,B1,3000
рыжий,adj,B1,3001
учеба,n,B1,3002
поцеловать,v,A2,3003
утренний,adj,A2,3004
четверть,n,B1,3005
всемирный,adj,B2,3006
совершенный,adj,A2,3007
оформление,n,B1,3008
подушка,n,A1,3009
соглашаться,v,B1,3010
полагаться,v,C1,3011
замысел,n,C1,3012
цветной,adj,A2,3013
манера,n,C1,3014
призыв,n,C1,3015
строиться,v,C1,3016
талантливый,adj,B1,3017
ничего,adv,A2,3018
монитор,n,B1,3019
регулярно,adv,B1,3020
дракон,n,C1,3021
препятствие,n,B2,3022
волшебный,adj,B2,3023
с тех пор,mwe,B1,3024
истребитель,n,C2,3025
матч,n,B1,3026
с одной стороны,mwe,B2,3027
фонарь,n,B2,3028
лифт,n,A2,3029
седьмой,num,A2,3030
подтверждение,n,B2,3031
производиться,v,B2,3032
указанный,adj,B2,3033
длиться,v,B1,3034
флаг,n,B1,3035
департамент,n,B2,3036
владение,n,C1,3037
элита,n,B2,3038
батарея,n,A2,3039
приключение,n,B1,3040
сервис,n,B1,3041
пособие,n,B2,3042
любопытный,adj,B2,3043
покидать,v,B2,3044
успевать,v,B1,3045
коммунистический,adj,B2,3046
мудрый,adj,B1,3047
нормально,adv,A1,3048
бледный,adj,B1,3049
вор,n,B1,3050
пускать,v,B2,3051
дорожка,n,B1,3052
послание,n,B2,3053
внук,n,A1,3054
весть,n,C1,3055
выражаться,v,B2,3056
неприятность,n,B1,3057
рассвет,n,A2,3058
склон,n,C1,3059
провинция,n,C1,3060
недалеко,adv,A2,3061
подряд,adv,B2,3062
пляж,n,B1,3063
благодарный,adj,B1,3064
хозяйственный,adj,B2,3065
перо,n,C1,3066
модный,adj,A2,3067
переставать,v,B1,3068
игровой,adj,B1,3069
толк,n,C2,3070
спасать,v,B1,3071
избегать,v,B2,3072
друг с другом,mwe,A2,3073
гордиться,v,B1,3074
маркетинг,n,C1,3075
железнодорожный,adj,A2,3076
браться,v,C1,3077
книжный,adj,A1,3078
любопытство,n,B2,3079
предполагаться,v,B2,3080
ритм,n,B1,3081
подвиг,n,B1,3082
завершение,n,B2,3083
нерв,n,B2,3084
водить,v,A2,3085
пилот,n,B2,3086
голосование,n,B1,3087
отзыв,n,B2,3088
в свое время,mwe,C1,3089
христианин,n,B1,3090
стыдно,adv,B1,3091
иллюзия,n,B2,3092
плавать,v,A1,3093
гений,n,B2,3094
держава,n,C2,3095
невидимый,adj,B2,3096
сплошной,adj,B2,3097
радостный,adj,B1,3098
академик,n,B2,3099
записывать,v,A2,3100
трасса,n,B1,3101
роды,n,B2,3102
социалистический,adj,B2,3103
таки,particle,C2,3104
нету,adv,C1,3105
даваться,v,C2,3106
угрожать,v,B2,3107
продвижение,n,C1,3108
наибольший,adj,B1,3109
кругом,adv,B2,3110
первоначальный,adj,C1,3111
предоставление,n,C1,3112
протест,n,B2,3113
ограниченный,adj,B2,3114
выносить,v,B2,3115
сооружение,n,C1,3116
развитый,adj,B2,3117
сравнивать,v,B1,3118
бытовой,adj,B1,3119
тяжесть,n,B2,3120
лечить,v,A2,3121
во главе,mwe,B2,3122
бюджетный,adj,B2,3123
выгода,n,B2,3124
запрет,n,B2,3125
уголок,n,B2,3126
максимум,n,B2,3127
перерыв,n,A1,3128
москвич,n,A2,3129
тренер,n,B1,3130
верх,n,A1,3131
подавлять,v,C1,3132
репутация,n,C1,3133
добиваться,v,B2,3134
подчеркивать,v,B1,3135
гроб,n,B2,3136
поздравлять,v,A1,3137
повышенный,adj,B2,3138
употребление,n,B1,3139
напечатать,v,B2,3140
бассейн,n,A1,3141
мэр,n,B1,3142
с учетом,mwe,C1,3143
заявка,n,B2,3144
внедрение,n,B2,3145
валюта,n,A2,3146
врать,v,B2,3147
милиционер,n,A1,3148
кабина,n,B2,3149
системный,adj,B2,3150
прокурор,n,C1,3151
критик,n,B2,3152
служебный,adj,B2,3153
бродить,v,C1,3154
проговорить,v,B2,3155
дешево,adv,A1,3156
носитель,n,B2,3157
неизбежный,adj,C1,3158
куртка,n,A1,3159
белье,n,A2,3160
отчасти,adv,B2,3161
общественность,n,B2,3162
активы,n,C1,3163
численность,n,B2,3164
отправлять,v,A2,3165
кладбище,n,B2,3166
в настоящее время,mwe,B2,3167
эхо,n,B2,3168
евро,n,A1,3169
славный,adj,C1,3170
учащийся,n,B1,3171
посадка,n,B1,3172
ровный,adj,B1,3173
двести,num,A1,3174
вчерашний,adj,A2,3175
икона,n,B2,3176
последовательность,n,B2,3177
ботинок,n,A1,3178
добавлять,v,B1,3179
шоу,n,B1,3180
шутить,v,A2,3181
храниться,v,B1,3182
батальон,n,C2,3183
показание,n,B2,3184
повесить,v,B1,3185
специальность,n,B1,3186
трогать,v,B1,3187
холодильник,n,A1,3188
стих,n,B1,3189
училище,n,B2,3190
копейка,n,A1,3191
раненый,n,C1,3192
взор,n,C2,3193
контора,n,C1,3194
исход,n,C2,3195
террорист,n,B1,3196
чемодан,n,A1,3197
подводить,v,B2,3198
пес,n,B2,3199
инвалид,n,B2,3200
соблюдать,v,B1,3201
покачать,v,C1,3202
натура,n,C2,3203
приглашение,n,A2,3204
распространяться,v,B2,3205
комиссар,n,C2,3206
вслух,adv,A2,3207
младенец,n,B1,3208
употреблять,v,B1,3209
баланс,n,B2,3210
подозрение,n,B2,3211
едва ли,mwe,C2,3212
виза,n,A1,3213
универсальный,adj,B2,3214
морда,n,B2,3215
размышлять,v,B2,3216
постановка,n,B2,3217
внимательный,adj,B2,3218
сражение,n,B2,3219
фрагмент,n,B2,3220
дыра,n,B1,3221
ценить,v,B2,3222
уверенно,adv,B1,3223
торговать,v,B1,3224
занятый,adj,B1,3225
подвал,n,B2,3226
ложный,adj,B2,3227
привлекательный,adj,B2,3228
семейство,n,C1,3229
плита,n,A1,3230
атомный,adj,B2,3231
по-видимому,adv,C1,3232
заслуживать,v,B2,3233
проход,n,A1,3234
разрушение,n,B2,3235
хор,n,B2,3236
рукав,n,B1,3237
девица,n,C1,3238
социализм,n,B2,3239
атаковать,v,B2,3240
шеф,n,B2,3241
располагать,v,C1,3242
столовая,n,A1,3243
секретный,adj,B2,3244
посещение,n,B2,3245
выводить,v,C1,3246
симпатичный,adj,B1,3247
продаваться,v,B2,3248
сделаться,v,C1,3249
предупреждать,v,B1,3250
направляться,v,B2,3251
на фоне,mwe,B2,3252
благоприятный,adj,C1,3253
палка,n,B1,3254
выдающийся,adj,B2,3255
рай,n prop,B2,3256
бровь,n,B1,3257
переводчик,n,A1,3258
обещание,n,B2,3259
равновесие,n,B2,3260
следователь,n,B2,3261
со временем,mwe,C1,3262
посольство,n,A2,3263
бесполезный,adj,B1,3264
нить,n,B2,3265
бабка,n,C1,3266
быт,n,B2,3267
мастерская,n,B1,3268
приезд,n,B1,3269
подводный,adj,B1,3270
треть,n,B1,3271
планирование,n,B2,3272
за исключением,prep,B2,3273
пророк,n,C1,3274
возражать,v,B1,3275
оао,n,C1,3276
пачка,n,A2,3277
бизнесмен,n,B2,3278
поначалу,adv,C1,3279
знамя,n,C1,3280
беспокоить,v,B1,3281
частично,adv,B2,3282
библия,n,B2,3283
производительность,n,B2,3284
плоть,n,C2,3285
настройка,n,B2,3286
ветвь,n,B2,3287
духи,n,B1,3288
неоднократно,adv,B2,3289
грамм,n,A1,3290
печь,n,A1,3291
жуткий,adj,B2,3292
изначально,adv,C2,3293
скрытый,adj,C1,3294
такси,n,A1,3295
сиять,v,C1,3296
соль,n,A1,3297
прочь,adv,C2,3298
сметь,v,C2,3299
консультация,n,B1,3300
бросаться,v,B2,3301
брюки,n,A1,3302
придерживаться,v,B2,3303
районный,adj,B2,3304
увеличиваться,v,A2,3305
приветствовать,v,B1,3306
засмеяться,v,A2,3307
сперва,adv,C1,3308
вражеский,adj,B2,3309
в основном,adv,B2,3310
китаец,n,A1,3311
засыпать,v,A1,3312
платок,n,B1,3313
просыпаться,v,A2,3314
рак,n,B2,3315
программист,n,B1,3316
таинственный,adj,B2,3317
охранник,n,B1,3318
наряду,adv,C2,3319
коллективный,adj,B2,3320
видео,n,A1,3321
биологический,adj,B2,3322
футбол,n,A1,3323
признаваться,v,B2,3324
вступление,n,B2,3325
бред,n,C1,3326
миля,n,C1,3327
проклятый,adj,C1,3328
трудиться,v,A2,3329
порода,n,B2,3330
в пределах,mwe,B2,3331
посторонний,adj,A1,3332
курица,n,A1,3333
грустный,adj,A2,3334
чистота,n,B1,3335
либеральный,adj,B2,3336
бумажный,adj,B1,3337
отрезать,v,B2,3338
происшествие,n,B1,3339
обширный,adj,B2,3340
стучать,v,A2,3341
шоссе,n,B1,3342
яма,n,B1,3343
ножка,n,B1,3344
подлежать,v,B2,3345
идиот,n,B2,3346
выплата,n,B2,3347
создатель,n,C2,3348
соблюдение,n,B1,3349
плен,n,B2,3350
скрываться,v,C1,3351
снимок,n,B2,3352
ложка,n,A1,3353
топливо,n,B2,3354
рождаться,v,B1,3355
ковер,n,A2,3356
еле,adv,B2,3357
громадный,adj,B1,3358
магия,n,B2,3359
сражаться,v,C1,3360
по-другому,adv,A2,3361
заметка,n,B1,3362
финал,n,B1,3363
избиратель,n,B1,3364
бессмысленный,adj,B2,3365
среднее,n,B1,3366
счесть,v,B2,3367
галерея,n,B2,3368
строительный,adj,B2,3369
монета,n,A2,3370
финансы,n,B2,3371
жидкость,n,B2,3372
несчастье,n,B2,3373
молодой человек,mwe,A1,3374
полгода,n,A1,3375
слышно,adv,A2,3376
голосовать,v,B1,3377
во всяком случае,mwe,B2,3378
фундаментальный,adj,B2,3379
увеличивать,v,A2,3380
столб,n,C1,3381
жених,n,B1,3382
защитник,n,B2,3383
автоматический,adj,B1,3384
специфический,adj,B2,3385
гнать,v,C2,3386
вирус,n,B1,3387
присущий,adj,C2,3388
бурный,adj,B2,3389
охранять,v,B1,3390
плотный,adj,B2,3391
мыть,v,A1,3392
повлиять,v,B2,3393
загадка,n,A2,3394
забавный,adj,B2,3395
безумный,adj,C1,3396
творить,v,C1,3397
минус,n,A2,3398
отходить,v,A2,3399
доза,n,C1,3400
сводить,v,C1,3401
жалкий,adj,C1,3402
резерв,n,C1,3403
облик,n,C2,3404
исполнитель,n,B2,3405
проехать,v,A2,3406
популярность,n,B1,3407
смешно,adv,A2,3408
наслаждаться,v,B2,3409
диплом,n,B1,3410
цепочка,n,B2,3411
в большинстве,mwe,B2,3412
автомобильный,adj,A2,3413
мораль,n,B2,3414
мусор,n,A2,3415
арест,n,B2,3416
юрист,n,B1,3417
формироваться,v,B2,3418
борода,n,B1,3419
пропаганда,n,B2,3420
тариф,n,B2,3421
беседовать,v,B2,3422
нефтяной,adj,B2,3423
подробный,adj,B1,3424
разделение,n,B2,3425
терпение,n,B1,3426
повторяться,v,B2,3427
должно быть,mwe,B2,3428
шапка,n,A1,3429
робот,n,B2,3430
худой,adj,A2,3431
рядовой,adj,C1,3432
отбор,n,B2,3433
усталость,n,B1,3434
старушка,n,B2,3435
полюбить,v,A2,3436
время от времени,mwe,C1,3437
выделять,v,B1,3438
искренний,adj,B2,3439
дежурный,adj,B1,3440
рыцарь,n,C2,3441
отрицать,v,B2,3442
выделяться,v,B2,3443
частица,n,B1,3444
динамика,n,B2,3445
педагог,n,B2,3446
в последнее время,adv,B2,3447
всерьез,adv,C2,3448
локоть,n,B1,3449
свойственный,adj,B2,3450
звено,n,B2,3451
заслуга,n,C1,3452
продемонстрировать,v,B2,3453
чуть-чуть,adv,A2,3454
преобразование,n,C1,3455
регулирование,v,B2,3456
испортить,v,B1,3457
формальный,adj,B2,3458
гостиная,n,A2,3459
прятаться,v,B2,3460
шок,n,B2,3461
тур,n,B1,3462
бандит,n,B2,3463
наслаждение,n,B2,3464
уступать,v,B2,3465
законопроект,n,C1,3466
близость,n,B1,3467
туча,n,B1,3468
главным образом,adv,B2,3469
гитара,n,B1,3470
видеться,v,B2,3471
даже если,mwe,B2,3472
балкон,n,A2,3473
позитивный,adj,B1,3474
объясняться,v,B2,3475
щит,n,B2,3476
догадываться,v,B2,3477
спокойствие,n,B2,3478
тыл,n,C1,3479
привлечение,n,C1,3480
недвижимость,n,B1,3481
выпускник,n,B2,3482
монах,n,C1,3483
поцелуй,n,A2,3484
прощение,n,A2,3485
обвинять,v,B2,3486
чемпионат,n,A2,3487
собственник,n,B2,3488
артиллерия,n,C1,3489
доставка,n,B1,3490
невольно,adv,C2,3491
оттенок,n,B2,3492
иск,n,B2,3493
напряженный,adj,B2,3494
приз,n,B2,3495
поступление,n,B2,3496
действительный,adj,B2,3497
гипотеза,n,B2,3498
постоять,v,C2,3499
командовать,v,B2,3500
колония,n,B2,3501
ввиду,adpos,C1,3502
маг,n,B2,3503
отъезд,n,B1,3504
не в состоянии,mwe,C1,3505
размещение,n,B2,3506
пожалеть,v,B2,3507
ранить,v,B2,3508
уверять,v,C2,3509
театральный,adj,B1,3510
лозунг,n,C1,3511
разглядывать,v,C1,3512
страхование,n,B2,3513
пот,n,A2,3514
по мнению,mwe,B2,3515
развлечение,n,B1,3516
надолго,adv,B2,3517
пребывать,v,C2,3518
папка,n,B1,3519
юность,n,B2,3520
посуда,n,A1,3521
сформировать,v,C1,3522
стрелка,n,A2,3523
принципиальный,adj,B2,3524
доставлять,v,B1,3525
сорт,n,B1,3526
кровавый,adj,B2,3527
фаза,n,B2,3528
турнир,n,B2,3529
фашист,n,B2,3530
звездный,adj,B1,3531
ванная,n,A1,3532
заканчивать,v,A2,3533
противоречить,v,C1,3534
проспект,n,A1,3535
восприниматься,v,B2,3536
темно,adv,A1,3537
стойка,n,C1,3538
предлагаться,v,B2,3539
полдень,n,A2,3540
грузовик,n,B1,3541
мыслить,v,B2,3542
стрельба,n,C1,3543
уставиться,v,C1,3544
править,v,C1,3545
болото,n,B2,3546
контрольный,adj,B2,3547
авария,n,A2,3548
интеллект,n,B2,3549
захват,n,C1,3550
перечень,n,C1,3551
послышаться,v,C1,3552
сохраняться,v,B2,3553
расходиться,v,C1,3554
инстинкт,n,B2,3555
обсуждаться,v,B1,3556
дорожный,adj,B1,3557
строчка,n,A2,3558
возглавлять,v,B2,3559
раса,n,B2,3560
классный,adj,B1,3561
побережье,n,B2,3562
крышка,n,A2,3563
желудок,n,B2,3564
ведро,n,B1,3565
тактика,n,C2,3566
нуль,n,B2,3567
молния,n,B1,3568
японец,n,A1,3569
стеклянный,adj,B1,3570
чеченский,adj,B1,3571
тезис,n,B2,3572
вносить,v,B1,3573
плащ,n,B1,3574
значимый,adj,C1,3575
принадлежность,n,B2,3576
рухнуть,v,C1,3577
возрастать,v,B2,3578
важность,n,B2,3579
заболеть,v,A2,3580
суждение,n,C1,3581
компенсация,n,B2,3582
командующий,n,C1,3583
облегчение,n,B2,3584
словом,adv,C2,3585
валяться,v,C1,3586
христианство,n,B1,3587
поставщик,n,B2,3588
недовольный,adj,B2,3589
наблюдатель,n,B2,3590
казак,n,C1,3591
пользование,n,C1,3592
рукопись,n,C1,3593
меню,n,A2,3594
платеж,n,B1,3595
таблетка,n,A2,3596
смелый,adj,B1,3597
удерживать,v,B2,3598
изготовление,n,B2,3599
медаль,n,B2,3600
языковой,adj,A2,3601
ведомство,n,C1,3602
беспокойство,n,B2,3603
педагогический,adj,B2,3604
моряк,n,B2,3605
седой,adj,B1,3606
поэтический,adj,B1,3607
что-либо,pron,B2,3608
одинаково,adv,B2,3609
формировать,v,B2,3610
планироваться,v,B2,3611
мощь,n,B2,3612
величайший,adj,B1,3613
видимость,n,B2,3614
акцент,n,A2,3615
замолчать,v,A2,3616
супруга,n,B2,3617
приблизительно,adv,B1,3618
ломать,v,A1,3619
правительственный,adj,B2,3620
торжественный,adj,B1,3621
предшествовать,v,C1,3622
пальто,n,A1,3623
блеск,n,B1,3624
дьявол,n prop,B2,3625
примечание,n,B2,3626
ружье,n,B2,3627
оптимальный,adj,B2,3628
вопреки,adpos,C1,3629
халат,n,A2,3630
арабский,adj,A1,3631
снизу,adv,A2,3632
крыса,n,B2,3633
казнь,n,B2,3634
служащий,n,B2,3635
развод,n,B1,3636
драгоценный,adj,B2,3637
колебание,n,B2,3638
безопасный,adj,B1,3639
муха,n,B2,3640
заодно,adv,C2,3641
цк,n,C2,3642
капитализм,n,B2,3643
устав,n,C1,3644
весенний,adj,A2,3645
могучий,adj,B2,3646
делить,v,A2,3647
ледяной,adj,B1,3648
жара,n,A2,3649
разбудить,v,A2,3650
предупреждение,n,B1,3651
нынче,adv,C2,3652
велосипед,n,A1,3653
оон,n prop,B2,3654
рецепт,n,B1,3655
фантастический,adj,B2,3656
смесь,n,B1,3657
творение,n,C1,3658
картошка,n,A1,3659
кредитный,adj,B1,3660
мелодия,n,B1,3661
загадочный,adj,C1,3662
студенческий,adj,B1,3663
вкусный,adj,A1,3664
шестьдесят,num,A1,3665
полно,adv,B2,3666
мастерство,n,B2,3667
радиостанция,n,B2,3668
конгресс,n,C1,3669
повсюду,adv,C1,3670
внешность,n,B1,3671
пешком,adv,A2,3672
персональный,adj,B2,3673
бюро,n,B2,3674
раздражать,v,B2,3675
идеологический,adj,B2,3676
столкновение,n,B2,3677
штраф,n,A1,3678
испанский,adj,A1,3679
сниться,v,B2,3680
мучить,v,B2,3681
дополнение,n,B2,3682
подчиненный,n,C1,3683
как минимум,mwe,B2,3684
цех,n,C1,3685
подчиняться,v,C1,3686
здравоохранение,n,B2,3687
наружу,adv,A2,3688
лунный,adj,B2,3689
решительный,adj,B2,3690
упоминать,v,C1,3691
прошедший,adj,A1,3692
бензин,n,A2,3693
приоритет,n,B2,3694
повышать,v,B1,3695
вмешательство,n,B2,3696
обрадоваться,v,B2,3697
зерно,n,B2,3698
ток,n,B2,3699
обувь,n,A1,3700
стоянка,n,B1,3701
гонка,n,B2,3702
заново,adv,B2,3703
льгота,n,C1,3704
дневной,adj,B1,3705
объединять,v,B2,3706
демонстрация,n,B2,3707
коренной,adj,C1,3708
временный,adj,B1,3709
где-нибудь,adv,B1,3710
гармония,n,B2,3711
модуль,n,B2,3712
ориентация,n,B2,3713
подвергаться,v,B2,3714
повседневный,adj,B2,3715
анализировать,v,B1,3716
элементарный,adj,B2,3717
милость,n,C2,3718
интерфейс,n,B2,3719
стрела,n,C1,3720
охватывать,v,B2,3721
давить,v,B1,3722
усиление,n,B2,3723
неверный,adj,A2,3724
группировка,n,B2,3725
люк,n,C1,3726
восьмой,num,A2,3727
претендовать,v,B2,3728
праздничный,adj,A2,3729
квалификация,n,B2,3730
незначительный,adj,B2,3731
сыр,n,A1,3732
незаконный,adj,B1,3733
снежный,adj,B1,3734
президентский,adj,B2,3735
исключительный,adj,B2,3736
обман,n,B1,3737
зрелище,n,B2,3738
национальность,n,A1,3739
гриб,n,A2,3740
провод,n,B1,3741
купец,n,C2,3742
фрукт,n,A1,3743
ненужный,adj,B2,3744
немалый,adj,B2,3745
открыто,adv,A1,3746
баня,n,B1,3747
миновать,v,C2,3748
дарить,v,A1,3749
передовой,adj,B2,3750
потрясать,v,C1,3751
пулемет,n,C2,3752
тупой,adj,B1,3753
плоский,adj,B2,3754
церемония,n,B2,3755
ступенька,n,A2,3756
переносить,v,B1,3757
большевик,n,C1,3758
возбуждение,n,B2,3759
живопись,n,B2,3760
с самого начала,mwe,B1,3761
советник,n,B2,3762
оригинал,n,B2,3763
предстоящий,adj,B2,3764
соперник,n,B2,3765
балл,n,A2,3766
бокал,n,B1,3767
юбка,n,A1,3768
экспорт,n,B2,3769
драться,v,B1,3770
худший,adj,A2,3771
вспышка,n,B2,3772
конституционный,adj,B2,3773
стабильность,n,B2,3774
прохожий,n,B1,3775
сиденье,n,B2,3776
разрешать,v,A2,3777
нищий,n,B2,3778
разведчик,n,C1,3779
альтернативный,adj,B2,3780
обнаруживать,v,C1,3781
инспектор,n,B2,3782
функциональный,adj,B2,3783
понести,v,C2,3784
интерпретация,n,B2,3785
на помощь,mwe,A1,3786
отвернуться,v,B1,3787
свинья,n,B1,3788
рациональный,adj,B2,3789
желающий,n,B1,3790
попадаться,v,C2,3791
скорее,adv,B1,3792
латинский,adj,B1,3793
воспитывать,v,A2,3794
охотно,adv,C1,3795
железо,n,B2,3796
госпиталь,n,C1,3797
поменять,v,B1,3798
намек,n,C1,3799
ванна,n,A1,3800
вдвоем,adv,A2,3801
хрен,n,B1,3802
климат,n,B1,3803
лук,n,A1,3804
постройка,n,B2,3805
целевой,adj,B2,3806
сопровождаться,v,C1,3807
пленка,n,B1,3808
старость,n,B1,3809
разнообразие,n,B2,3810
первичный,adj,C1,3811
администратор,n,B2,3812
сопровождение,n,C1,3813
змея,n,B1,3814
кожаный,adj,B1,3815
биография,n,A2,3816
отверстие,n,B2,3817
экспертиза,n,B2,3818
белоруссия,n prop,A1,3819
гордый,adj,B2,3820
рюкзак,n,A2,3821
строение,n,B2,3822
кружка,n,A1,3823
ноутбук,n,A2,3824
поклонник,n,C1,3825
молодежный,adj,B1,3826
покончить,v,B2,3827
травма,n,B1,3828
скучный,adj,B1,3829
крутить,v,B2,3830
стремительно,adv,B2,3831
тетка,n,B1,3832
ежедневный,adv,A2,3833
прислушиваться,v,B2,3834
адмирал,n,C1,3835
походить,v,C2,3836
аж,particle,C2,3837
дура,n,B1,3838
бедро,n,B1,3839
потомок,n,B2,3840
тв,abbr,A2,3841
операционный,adj,B2,3842
слон,n,B1,3843
предусматривать,v,B2,3844
любовный,adj,B2,3845
непрерывный,adj,B2,3846
панель,n,B2,3847
печатный,adj,B2,3848
сдача,n,A1,3849
интеллигенция,n,B2,3850
патрон,n,B2,3851
магический,adj,B2,3852
приступ,n,B2,3853
феномен,n,C1,3854
вертолет,n,B1,3855
пароль,n,A2,3856
отечество,n,C1,3857
забирать,v,A2,3858
гениальный,adj,B2,3859
рассылка,n,C1,3860
печаль,n,B2,3861
полноценный,adj,C1,3862
опора,n,B2,3863
освещение,n,B2,3864
пейзаж,n,B2,3865
печатать,v,B1,3866
совершенство,n,C2,3867
кончаться,v,A1,3868
боевик,n,B2,3869
снаружи,adv,A2,3870
заглядывать,v,B2,3871
речка,n,B2,3872
пиджак,n,A1,3873
совокупность,n,B2,3874
торговец,n,B2,3875
каша,n,A2,3876
величество,n,C1,3877
жажда,n,A2,3878
драка,n,B2,3879
космонавт,n,B2,3880
пехота,n,C2,3881
фашистский,adj,B2,3882
диагноз,n,B1,3883
вытекать,v,B1,3884
земельный,adj,B2,3885
стесняться,v,B2,3886
сводиться,v,C1,3887
иллюстрация,n,B1,3888
мысленно,adv,B2,3889
частый,adj,B1,3890
возрождение,n,C1,3891
следом,adv,C1,3892
порыв,n,B2,3893
солидный,adj,B2,3894
раздаваться,v,C2,3895
кошмар,n,B2,3896
обновление,n,B2,3897
композиция,n,B2,3898
сотовый,adj,A1,3899
исключать,v,B1,3900
интеграция,n,B2,3901
натуральный,adj,B1,3902
гуманитарный,adj,B2,3903
преимущественно,adv,C2,3904
хитрый,adj,B2,3905
проезд,n,A2,3906
решающий,adj,C1,3907
диапазон,n,B2,3908
предпочтение,n,C1,3909
кукла,n,A2,3910
влюбленный,adj,B1,3911
выделение,n,B2,3912
прыжок,n,B2,3913
уголь,n,B2,3914
головка,n,C1,3915
чемпион,n,A1,3916
листок,n,B1,3917
наносить,v,B2,3918
периодически,adv,B2,3919
как известно,mwe,B2,3920
почетный,adj,C1,3921
носок,n,A1,3922
фунт,n,A2,3923
ноготь,n,B1,3924
ярость,n,B2,3925
сверкать,v,B2,3926
колхоз,n,C2,3927
мяч,n,A1,3928
повреждение,n,B2,3929
мвд,n,C1,3930
топор,n,B2,3931
воплощение,n,C2,3932
ориентироваться,v,C1,3933
жаркий,adj,A2,3934
изнутри,adv,B2,3935
диета,n,B1,3936
ес,n prop,B2,3937
часовой,n,B2,3938
заработный,adj,B2,3939
современник,n,B2,3940
пар,n,B2,3941
конверт,n,A1,3942
вена,n,B2,3943
ориентировать,v,C1,3944
отмечаться,v,C1,3945
ремень,n,B1,3946
отпускать,v,B2,3947
коммунизм,n,B2,3948
мм,abbr,A2,3949
тем,pron,A2,3950
наилучший,adj,B1,3951
подземный,adj,A2,3952
ни разу не,mwe,B2,3953
ус,n,B1,3954
ник,n,B2,3955
карандаш,n,A1,3956
разряд,n,B2,3957
заяц,n,B1,3958
ругаться,v,B1,3959
вкладывать,v,B2,3960
любовник,n,B2,3961
в среднем,mwe,B1,3962
зафиксировать,v,B2,3963
дальнейшее,n,C1,3964
нелепый,adj,C2,3965
радовать,v,B2,3966
неподалеку,adv,B2,3967
индекс,n,A1,3968
прятать,v,B1,3969
принцесса,n,B2,3970
лужа,n,B1,3971
сосуд,n,B2,3972
самоуправление,n,B2,3973
хаос,n,C1,3974
сырой,adj,B2,3975
трагический,adj,B2,3976
давний,adj,C1,3977
светить,v,B1,3978
психика,n,B2,3979
асфальт,n,C1,3980
воинский,adj,C1,3981
чувствоваться,v,B2,3982
поделать,v,C2,3983
орел,n,B2,3984
плотно,adv,B2,3985
портал,n,B2,3986
реплика,n,B2,3987
уничтожать,v,B2,3988
некуда,adv,B2,3989
объявлять,v,B1,3990
тесно,adv,B1,3991
инфраструктура,n,B2,3992
сессия,n,B2,3993
верующий,n,B2,3994
телеграмма,n,B2,3995
кинотеатр,n,A1,3996
комплект,n,B1,3997
умственный,adj,B1,3998
ритуал,n,C2,3999
филиал,n,C1,4000
учительница,n,A1,4001
себе,pron,A1,4002
вечность,n,B2,4003
танковый,adj,C2,4004
организационный,adj,B2,4005
тренинг,n,B2,4006
коньяк,n,A1,4007
светиться,v,B1,4008
наивный,adj,B2,4009
ознакомиться,v,B2,4010
дефицит,n,B2,4011
оглядываться,v,C1,4012
осенний,adj,A2,4013
залив,n,B2,4014
отчетливо,adv,B2,4015
рваться,v,B2,4016
правитель,n,C2,4017
передаваться,v,C1,4018
пацан,n,C2,4019
пожелание,n,B1,4020
поддержание,n,C1,4021
пенсионер,n,B1,4022
стук,n,B1,4023
сравнительно,adv,C1,4024
рожать,v,B1,4025
обходиться,v,B2,4026
касса,n,A1,4027
крестьянский,adj,B2,4028
поддаваться,v,C1,4029
слабо,adv,B1,4030
простор,n,C1,4031
мент,n,C1,4032
здравый,adj,C2,4033
программирование,n,B1,4034
сеанс,n,B1,4035
четверо,num,A2,4036
подружка,n,A2,4037
поесть,v,A1,4038
столичный,adj,B1,4039
спортсмен,n,A1,4040
телевизионный,adj,A2,4041
скамейка,n,B1,4042
старт,n,B1,4043
скот,n,C1,4044
годиться,v,B2,4045
изобретение,n,B2,4046
обучать,v,B2,4047
алгоритм,n,B2,4048
заключенный,n,B2,4049
освоение,n,C1,4050
кататься,v,B1,4051
перестройка,n,C1,4052
полевой,adj,C1,4053
медленный,adj,A1,4054
относительный,adj,B2,4055
кирпич,n,B2,4056
работодатель,n,B2,4057
убеждать,v,B2,4058
невозможность,n,B2,4059
клиника,n,C1,4060
порождать,v,C1,4061
аренда,n,A2,4062
пропускать,v,B2,4063
тропа,n,B2,4064
матрос,n,C1,4065
затылок,n,B1,4066
механический,adj,B2,4067
раздражение,n,B2,4068
водный,adj,B1,4069
инфляция,n,B2,4070
задумчиво,adv,C1,4071
локальный,adj,C1,4072
потянуться,v,B2,4073
степь,n,C1,4074
календарь,n,A2,4075
закат,n,B1,4076
грубо,adv,B2,4077
ширина,n,A2,4078
внезапный,adj,B2,4079
дожидаться,v,B2,4080
доноситься,v,C1,4081
оранжевый,adj,A1,4082
всюду,adv,B2,4083
написание,n,B1,4084
шептать,v,B2,4085
субъективный,adj,C1,4086
демон,n,C2,4087
десятый,num,A2,4088
поп,n,C1,4089
одиннадцать,num,A1,4090
торжество,n,B1,4091
гнездо,n,B2,4092
переписка,n,B1,4093
модернизация,n,B2,4094
барьер,n,B2,4095
возвращать,v,B1,4096
питаться,v,C1,4097
митинг,n,B2,4098
опера,n,B1,4099
сознательный,adj,B2,4100
госпожа,n,A1,4101
самоубийство,n,B1,4102
прибегать,v,B1,4103
мыло,n,A1,4104
поэма,n,B2,4105
ранг,n,B2,4106
запрещать,v,A2,4107
коррупция,n,B2,4108
оркестр,n,C1,4109
жир,n,A2,4110
газовый,adj,A2,4111
грохот,n,C1,4112
финский,adj,A1,4113
орбита,n,C1,4114
подразумевать,v,C1,4115
беременный,adj,B1,4116
пожаловаться,v,B1,4117
госдума,n prop,B2,4118
превращать,v,B2,4119
направо,adv,A2,4120
упорно,adv,B2,4121
аромат,n,B1,4122
подбородок,n,B1,4123
триста,num,A1,4124
суп,n,A1,4125
надевать,v,A2,4126
ооо,abbr,C1,4127
полночь,n,A2,4128
разочарование,n,B1,4129
буря,n,B2,4130
око,n,C2,4131
совершенствование,n,C2,4132
общежитие,n,A1,4133
гражданство,n,B1,4134
аналитик,n,B2,4135
огонек,n,B2,4136
разрабатывать,v,B2,4137
обитатель,n,C1,4138
прочный,adj,B1,4139
соседка,n,A1,4140
фильтр,n,B2,4141
должный,adj,B2,4142
ерунда,n,B2,4143
не менее,mwe,B2,4144
резать,v,A2,4145
проникать,v,C1,4146
шофер,n,A2,4147
мужество,n,B2,4148
задержка,n,B2,4149
вправе,adv,C1,4150
провал,n,C1,4151
животный,adj,C2,4152
ура,excl,B1,4153
физик,n,B2,4154
физически,adv,B2,4155
клясться,v,C1,4156
вопль,n,C2,4157
жирный,adj,A2,4158
стабильный,adj,B2,4159
недолго,adv,A2,4160
товарный,adj,B1,4161
знакомиться,v,A2,4162
сопротивляться,v,B2,4163
гладкий,adj,B2,4164
провожать,v,B1,4165
призрак,n,B2,4166
мышка,n,A1,4167
регулярный,adj,B1,4168
условный,adj,B2,4169
адекватный,adj,C2,4170
захватывать,v,B2,4171
таможенный,adj,B2,4172
экскурсия,n,A2,4173
по-разному,adv,B2,4174
семя,n,C1,4175
украшение,n,B1,4176
продолжительность,n,B2,4177
супер,adj,B2,4178
стройный,adj,A2,4179
уменьшение,n,B1,4180
публиковать,v,B2,4181
депрессия,n,B2,4182
энергетика,n,B2,4183
справляться,v,B2,4184
радикальный,adj,C1,4185
уделять,v,C2,4186
сериал,n,B1,4187
овощ,n,A1,4188
сновидение,n,B1,4189
фокус,n,B2,4190
противостоять,v,C1,4191
обозначать,v,B2,4192
пожарный,adj,A1,4193
проживание,n,B1,4194
болтать,v,B2,4195
отражаться,v,B2,4196
одевать,v,B1,4197
в том случае,mwe,C1,4198
переулок,n,A1,4199
симптом,n,B1,4200
бочка,n,C1,4201
одеваться,v,A1,4202
поворачиваться,v,B1,4203
сомнительный,adj,C1,4204
болезненный,adj,B2,4205
разводить,v,C2,4206
если бы не,mwe,B2,4207
регулировать,v,B2,4208
осколок,n,C1,4209
ось,n,B2,4210
тяжкий,adj,C2,4211
плоскость,n,B2,4212
раскрывать,v,B2,4213
дистанция,n,B2,4214
увлечение,n,B1,4215
годовой,adj,B2,4216
обследование,n,B2,4217
терроризм,n,B1,4218
респондент,n,C1,4219
обряд,n,C2,4220
видимый,adj,B2,4221
заря,n,C1,4222
издатель,n,C1,4223
отставка,n,C1,4224
заголовок,n,A2,4225
отступать,v,C1,4226
изредка,adv,C1,4227
в действительности,mwe,B2,4228
трамвай,n,A1,4229
делегация,n,B2,4230
комбинация,n,B2,4231
зависть,n,B2,4232
попросту,adv,C2,4233
роскошный,adj,B2,4234
скучать,v,A2,4235
окраина,n,C1,4236
потребительский,adj,B2,4237
подача,n,C1,4238
прохождение,n,C1,4239
мед,n,A1,4240
комедия,n,B1,4241
парламентский,adj,B2,4242
решетка,n,B2,4243
экономист,n,B2,4244
деревенский,adj,B2,4245
специфика,n,C1,4246
функционирование,n,B2,4247
вольный,adj,B2,4248
нота,n,C1,4249
ругать,v,A2,4250
альтернатива,n,C1,4251
женатый,adj,A1,4252
шампанское,n,A2,4253
значимость,n,C1,4254
пропадать,n,B2,4255
специализированный,adj,B2,4256
дурацкий,adj,C1,4257
выполняться,v,B1,4258
девятый,num,A2,4259
героиня,n,B1,4260
ручей,n,B2,4261
перспективный,adj,C1,4262
гараж,n,A2,4263
тестирование,n,A2,4264
кончать,v,B1,4265
изменяться,v,B1,4266
ген,n,B2,4267
заполнять,v,A1,4268
чин,n,C1,4269
включение,n,B2,4270
новичок,n,B2,4271
преступный,adj,B2,4272
крыльцо,n,C1,4273
издавать,v,B2,4274
рубрика,n,B2,4275
поражать,v,C1,4276
драма,n,B2,4277
концентрация,n,B2,4278
заблуждение,n,C1,4279
налево,adv,A2,4280
перемещение,n,C1,4281
спектр,n,C1,4282
дева,n,C2,4283
в любом случае,mwe,B2,4284
командировка,n,B2,4285
махать,v,B1,4286
комплексный,adj,B2,4287
стальной,adj,B2,4288
щель,n,B2,4289
актриса,n,A1,4290
звуковой,adj,B1,4291
простота,n,B2,4292
ограничивать,v,B2,4293
грек,n,A1,4294
рог,n,B2,4295
чудовищный,adj,C2,4296
выезжать,v,A2,4297
прелесть,n,B1,4298
заключать,v,B2,4299
совершение,n,C1,4300
осознание,n,C1,4301
возврат,n,B2,4302
коричневый,adj,A1,4303
напрямую,adv,B2,4304
недоумение,n,C1,4305
армейский,adj,B2,4306
шкура,n,C1,4307
ислам,n prop,B1,4308
упаковка,n,B2,4309
неизменный,adj,B2,4310
ликвидация,n,B2,4311
царить,v,C1,4312
долгосрочный,adj,B1,4313
абстрактный,adj,B2,4314
перевозка,n,B2,4315
отклик,n,C1,4316
винтовка,n,C2,4317
родные,adj,B1,4318
неудачный,adj,B2,4319
сырье,n,B2,4320
сюрприз,n,B2,4321
похороны,n,B2,4322
наследник,n,C1,4323
довод,n,C1,4324
мусульманин,n,B1,4325
убирать,v,A2,4326
менеджмент,n,B2,4327
огненный,adj,B2,4328
аналитический,adj,B2,4329
благополучно,adv,C1,4330
стадо,n,C1,4331
упоминаться,v,C1,4332
порция,n,B1,4333
тротуар,n,A1,4334
рейс,n,A2,4335
паника,n,B2,4336
рождество,n prop,A2,4337
ручной,adj,B2,4338
светский,adj,C1,4339
обстоять,v,C2,4340
академический,adj,B2,4341
мат,n,B2,4342
характеризовать,v,C1,4343
колебаться,v,B2,4344
наверху,adv,A2,4345
сходство,n,B2,4346
осторожный,adj,B1,4347
осмотр,n,B2,4348
этнический,adj,B2,4349
глазок,n,C1,4350
терапия,n,C1,4351
становление,n,C2,4352
вечеринка,n,B1,4353
плакат,n,B1,4354
основываться,v,C1,4355
наряд,n,C1,4356
покойный,adj,C1,4357
быть может,mwe,B1,4358
обожать,v,B2,4359
блестеть,v,B1,4360
бык,n,B1,4361
заработок,n,C1,4362
новейший,adj,B2,4363
симпатия,n,B2,4364
примитивный,adj,B2,4365
прорыв,n,C1,4366
коэффициент,n,B2,4367
материнский,adj,B2,4368
напрасно,adv,B2,4369
индивид,n,C1,4370
поблагодарить,v,A2,4371
восстание,n,C1,4372
республиканский,adj,C1,4373
влажный,adj,B2,4374
вылет,n,A2,4375
опускаться,v,B2,4376
отвратительный,adj,B2,4377
пик,n,C1,4378
верность,n,B2,4379
дверца,n,C1,4380
удобство,n,B1,4381
импульс,n,B2,4382
однозначно,adv,C1,4383
слышаться,v,C1,4384
сознательно,adv,C1,4385
кивать,v,B1,4386
приготовление,n,B1,4387
вот-вот,adv,C1,4388
невинный,adj,C2,4389
повторение,n,B1,4390
наследие,n,C2,4391
поляк,n,A1,4392
сгореть,v,B2,4393
боковой,adj,B2,4394
ограничиваться,v,C1,4395
различать,v,A2,4396
пирамида,n,C1,4397
сволочь,n,C2,4398
вежливо,adv,A1,4399
потихоньку,adv,C2,4400
ночевать,v,A2,4401
ставиться,v,C1,4402
откровенный,adv,B2,4403
качать,v,B2,4404
тираж,n,C1,4405
убитый,adj,B2,4406
череп,n,B2,4407
чайник,n,A1,4408
ит,abbr,B2,4409
устанавливаться,v,B1,4410
нетерпение,n,B1,4411
убыток,n,B2,4412
душ,n,A1,4413
экономия,n,B1,4414
легкость,n,B2,4415
завидовать,v,B1,4416
обнимать,v,B2,4417
энтузиазм,n,B2,4418
допрос,n,B2,4419
отклонение,n,B2,4420
архитектор,n,B2,4421
урожай,n,B2,4422
отличать,v,A2,4423
авиационный,adj,C1,4424
освещать,v,B2,4425
епископ,n,C2,4426
невысокий,adj,A1,4427
творец,n,C2,4428
более или менее,mwe,B2,4429
висок,n,B2,4430
поручение,n,B2,4431
удовлетворять,v,B2,4432
пузырь,n,C1,4433
неожиданность,n,C1,4434
недостаточный,adj,B2,4435
ласковый,adj,B2,4436
приемлемый,adj,C1,4437
дружить,v,A2,4438
смертельный,adj,B2,4439
козел,n,B1,4440
чрезвычайный,adj,B2,4441
жилищный,adj,B2,4442
дерьмо,n,C2,4443
усталый,adj,A1,4444
жилище,n,C1,4445
кисть,n,B1,4446
огород,n,B2,4447
секция,n,B2,4448
защитный,adj,B2,4449
абонент,n,B2,4450
гвоздь,n,B2,4451
пенсионный,adj,B2,4452
запуск,n,B2,4453
как обычно,mwe,B2,4454
очерк,n,B2,4455
по существу,adv,C2,4456
равенство,n,B2,4457
реконструкция,n,B2,4458
яд,n,B2,4459
изба,n,C1,4460
культ,n,C2,4461
обезьяна,n,B2,4462
акционер,n,C1,4463
схватка,n,C1,4464
писание,n,C2,4465
в особенности,mwe,B2,4466
составление,n,C1,4467
спирт,n,C1,4468
медный,adj,B2,4469
убегать,v,A2,4470
континент,n,B1,4471
встречный,adj,B2,4472
фантастика,n,B2,4473
бомбардировщик,n,C2,4474
сработать,v,C1,4475
сдерживать,v,B2,4476
портфель,n,C1,4477
строитель,n,B2,4478
руководствоваться,v,C1,4479
представительство,n,B2,4480
агрессивный,adj,B2,4481
серебро,n,B2,4482
наследство,n,C1,4483
базар,n,B2,4484
уличный,adj,B1,4485
кружок,n,B2,4486
премьер,n,B2,4487
спуск,n,C1,4488
полнота,n,B2,4489
писаться,v,B2,4490
звон,n,B2,4491
презентация,n,B2,4492
скидка,n,A2,4493
подключение,n,B2,4494
кгб,n,C1,4495
индийский,adj,A1,4496
жалость,n,B2,4497
сердечный,adj,B2,4498
категорически,adv,C1,4499
конструктор,n,B2,4500
тварь,n,C2,4501
колоссальный,adj,B2,4502
параллельный,adv,B2,4503
сокровище,n,C1,4504
перчатка,n,A1,4505
бедность,n,B1,4506
украшать,v,B1,4507
лишать,v,C1,4508
предельный,adj,C1,4509
микрофон,n,B1,4510
сдаваться,v,C1,4511
командный,adj,C2,4512
прибытие,n,A2,4513
формулировка,n,B2,4514
аналогия,n,C2,4515
дескать,adv,C2,4516
колбаса,n,A1,4517
семьдесят,num,A1,4518
пластиковый,adj,B1,4519
стимулировать,v,B2,4520
территориальный,adj,B2,4521
содействие,n,C1,4522
тогдашний,adj,C2,4523
корзина,n,B1,4524
инструктор,n,B1,4525
превращение,n,B2,4526
традиционно,adv,B2,4527
непростой,adj,A1,4528
задница,n,B2,4529
опускать,v,B2,4530
имидж,n,B2,4531
фактический,adj,B2,4532
иерархия,n,C1,4533
ссылаться,v,C1,4534
стресс,n,B1,4535
экспериментальный,adj,B2,4536
полотенце,n,A1,4537
заплакать,v,A2,4538
квадрат,n,A2,4539
содержимое,n,B2,4540
изложение,n,B1,4541
клавиша,n,B1,4542
цивилизованный,adj,B2,4543
лампочка,n,A2,4544
лишение,n,C1,4545
опасение,n,C1,4546
казалось бы,mwe,C1,4547
индустрия,n,B2,4548
сельскохозяйственный,adj,C1,4549
путешествовать,v,A2,4550
молочный,adj,A2,4551
струя,n,B2,4552
галстук,n,B1,4553
обманывать,v,B1,4554
граната,n,B2,4555
последовательный,adj,B2,4556
нрав,n,C2,4557
измена,n,B2,4558
обижаться,v,B1,4559
вдали,adv,C1,4560
за рубежом,mwe,C1,4561
нападать,v,B2,4562
кабель,n,B2,4563
изящный,adj,B2,4564
относиться,v,B2,4565
сжимать,v,B2,4566
превосходить,v,B2,4567
пение,n,B2,4568
статуя,n,B2,4569
монстр,n,B2,4570
протягивать,v,B2,4571
трезвый,adj,B2,4572
распад,n,C1,4573
возражение,n,B1,4574
беречь,v,B2,4575
проводник,n,B2,4576
шагать,v,B1,4577
не в силах,mwe,C1,4578
возить,v,A2,4579
высказывать,v,C1,4580
неведомый,adj,C2,4581
проектирование,n,B2,4582
прекращение,n,C1,4583
нежность,n,B2,4584
сынок,n,B2,4585
химия,n,B1,4586
грамота,n,C2,4587
тысячелетие,n,B1,4588
тревожный,adj,B2,4589
пруд,n,C1,4590
заповедь,n,C2,4591
входной,adj,B1,4592
выживание,n,B2,4593
стыд,n,B2,4594
толкать,v,A2,4595
заменять,v,B1,4596
бабочка,n,B2,4597
автономный,adj,B2,4598
игнорировать,v,B2,4599
разойтись,v,C2,4600
пробка,n,B2,4601
лень,n,B2,4602
мрак,n,B2,4603
артиллерийский,adj,C1,4604
восхищение,n,B2,4605
подобие,n,C1,4606
препятствовать,v,C1,4607
отчаянный,adj,C2,4608
совпадение,n,B2,4609
рама,n,C1,4610
чаша,n,C1,4611
биржа,n,B2,4612
поселение,n,C1,4613
мотивация,n,B2,4614
дитя,n,C1,4615
структурный,adj,C1,4616
оплачивать,v,B1,4617
спинка,n,B1,4618
буржуазный,adj,B2,4619
интуиция,n,B2,4620
так или иначе,mwe,C1,4621
араб,n,A1,4622
снижать,v,B2,4623
отвращение,n,B2,4624
стихия,n,C2,4625
исследовательский,adj,B2,4626
ведьма,n,B2,4627
колодец,n,C1,4628
географический,adj,B1,4629
во имя,mwe,C2,4630
анкета,n,A1,4631
долгое время,mwe,B1,4632
условно,adv,B2,4633
марш,n,C2,4634
рвать,v,B2,4635
аллах,n prop,B1,4636
ловушка,n,B2,4637
обслуживать,v,B2,4638
заклинание,n,C2,4639
взятка,n,B2,4640
оказание,n,B2,4641
колледж,n,B1,4642
родительский,adj,B1,4643
новогодний,adj,A2,4644
пароход,n,C2,4645
грандиозный,adj,B2,4646
упор,n,C1,4647
девка,n,C2,4648
бормотать,v,B2,4649
расстройство,n,B2,4650
клан,n,C1,4651
незнакомец,n,B2,4652
овца,n,B2,4653
валютный,adj,B2,4654
промежуток,n,B2,4655
сосна,n,B2,4656
окрестность,n,B2,4657
толчок,n,B2,4658
оболочка,n,B2,4659
выезд,n,A1,4660
вдвое,adv,B2,4661
дружеский,adj,B1,4662
классификация,n,B2,4663
декларация,n,A2,4664
как говорится,mwe,C1,4665
нисколько,adv,B1,4666
отступление,n,B2,4667
случайность,n,B2,4668
функционировать,v,B2,4669
прощаться,v,A2,4670
сниматься,v,C1,4671
разновидность,n,B2,4672
шерсть,n,A2,4673
гром,n,B1,4674
тупик,n,A2,4675
интенсивный,adj,B2,4676
пленный,n,B2,4677
твориться,v,C2,4678
одиночка,n,C1,4679
матушка,n,C2,4680
конфета,n,A1,4681
превосходство,n,C1,4682
день рождения,n,A1,4683
преподавать,v,A2,4684
грамотный,adj,B1,4685
этика,n,C1,4686
челюсть,n,B2,4687
срочный,adj,A2,4688
романтический,adj,B2,4689
приближение,n,B1,4690
вмешиваться,v,B2,4691
переворот,n,B2,4692
необыкновенный,adj,B1,4693
бухгалтерский,adj,B2,4694
жарко,adv,A1,4695
интонация,n,A2,4696
ползти,v,B2,4697
стереотип,n,B2,4698
собачий,adj,B1,4699
закономерность,n,B2,4700
прикрывать,v,C1,4701
разрушать,v,B2,4702
сумерки,n,B2,4703
съездить,v,B1,4704
упоминание,n,C1,4705
беженец,n,B2,4706
диссертация,n,B2,4707
заряд,n,B2,4708
оправдание,n,B2,4709
плевать,v,C1,4710
взвод,n,C2,4711
легкое,n,B2,4712
пластинка,n,C1,4713
преодоление,n,C1,4714
успокаивать,v,B1,4715
вздох,n,C1,4716
рано или поздно,mwe,C1,4717
маршал,n,C2,4718
придумывать,v,B1,4719
очко,n,B2,4720
редкость,n,C1,4721
агрессия,n,B2,4722
сотрудничать,v,B2,4723
профилактика,n,B2,4724
групповой,adj,B2,4725
крутиться,v,B2,4726
вич,n,B2,4727
поляна,n,C1,4728
стая,n,C1,4729
новенький,n,C2,4730
уютный,adj,B1,4731
подбирать,v,B2,4732
занятость,n,B2,4733
наполовину,adv,B2,4734
дуть,v,B2,4735
гибкий,adj,B2,4736
мучиться,v,B2,4737
выдерживать,v,B2,4738
умолять,v,B2,4739
ворона,n,C1,4740
поистине,adv,C2,4741
джинсы,n,A1,4742
гвардия,n,C1,4743
очнуться,v,C1,4744
жительство,n,A2,4745
заказывать,v,A2,4746
соотечественник,n,B1,4747
стимул,n,C1,4748
заложник,n,B1,4749
конвенция,n,C1,4750
двигать,v,B1,4751
отпечаток,n,C1,4752
выдача,n,B1,4753
избранный,adj,B1,4754
покрытие,n,C1,4755
чересчур,adv,C2,4756
композитор,n,B1,4757
графический,adj,B2,4758
интимный,adj,B1,4759
отрывок,n,B1,4760
покрывать,v,C1,4761
зад,n,B2,4762
сука,n,C1,4763
отставать,v,B1,4764
неподвижный,adj,B2,4765
рюмка,n,A2,4766
колонка,n,B1,4767
печка,n,B1,4768
глупо,adv,B1,4769
владыка,n,C2,4770
образованный,adj,B2,4771
купол,n,B2,4772
чудовище,n,C1,4773
кадровый,adj,C2,4774
тигр,n,B1,4775
фотограф,n,B1,4776
плотность,n,C1,4777
вместе с тем,mwe,C1,4778
обходить,v,B1,4779
ласково,adv,B2,4780
вырезать,v,C1,4781
деление,n,A2,4782
ввод,n,B2,4783
жаждать,v,C2,4784
сетка,n,C1,4785
олигарх,n,B2,4786
путать,v,B2,4787
эстетический,adj,B2,4788
любезный,adj,C1,4789
замечательно,adv,B2,4790
всадник,n,C2,4791
ответный,adj,B2,4792
излишний,adj,B2,4793
юбилей,n,B1,4794
ловко,adv,B2,4795
салат,n,A1,4796
матрица,n,B2,4797
документация,n,B2,4798
вблизи,adv,C1,4799
полотно,n,C2,4800
нелегкий,adj,A2,4801
атом,n,B2,4802
справочник,n,B1,4803
витрина,n,B1,4804
аналог,n,B2,4805
жар,n,B2,4806
повествование,n,B2,4807
палуба,n,C1,4808
управленческий,adj,C1,4809
капиталистический,adj,C1,4810
приватизация,n,C1,4811
официант,n,A2,4812
оппонент,n,B2,4813
посредник,n,B2,4814
недовольство,n,C1,4815
электричество,n,A1,4816
плавание,n,A2,4817
щенок,n,A2,4818
зелень,n,B2,4819
спид,n,B2,4820
надежность,n,B2,4821
разбирать,v,B2,4822
дальше,adv,A2,4823
заводить,v,B2,4824
старец,n,C2,4825
наполнять,v,B2,4826
расписание,n,A2,4827
дипломат,n,B2,4828
кубок,n,C1,4829
вертикальный,adj,B2,4830
сегмент,n,C1,4831
горшок,n,C1,4832
обидно,adv,B1,4833
мамаша,n,C2,4834
наводить,v,C1,4835
кушать,v,B2,4836
модератор,n,B2,4837
средневековый,adj,B2,4838
грудной,adj,C1,4839
сознавать,v,C1,4840
пирог,n,A1,4841
все в порядке,mwe,A2,4842
откровение,n,C2,4843
при условии,mwe,B2,4844
ирония,n,B2,4845
промежуточный,adj,C1,4846
пускай,particle,C1,4847
рекомендоваться,v,C1,4848
осуждать,v,B2,4849
славянский,adj,B2,4850
безумие,n,C1,4851
за границей,adv,A2,4852
ожидаться,v,C1,4853
величие,n,C2,4854
изумление,n,C1,4855
штурм,n,C1,4856
выработка,n,C1,4857
певец,n,A1,4858
тетрадь,n,A1,4859
сердиться,v,B1,4860
банальный,adj,C1,4861
шуметь,v,B1,4862
вложение,n,B2,4863
доехать,v,A2,4864
исчезновение,n,B2,4865
склонность,n,B2,4866
лига,n,C1,4867
назначать,v,B1,4868
энергичный,adj,B1,4869
гордо,adv,B2,4870
набережная,n,B2,4871
магнитный,adj,B2,4872
негр,n,C1,4873
коммунальный,adj,B2,4874
олимпиада,n,A1,4875
клавиатура,n,B1,4876
аппаратура,n,B2,4877
удивлять,v,B1,4878
ликвидировать,v,B2,4879
поведать,v,C2,4880
пограничный,adj,C1,4881
стража,n,C2,4882
злоба,n,B2,4883
букет,n,B2,4884
кассета,n,B2,4885
оскорбление,n,B2,4886
профсоюз,n,B2,4887
налет,n,C2,4888
медсестра,n,A2,4889
обложка,n,B1,4890
кпк,n,B2,4891
позор,n,C1,4892
вдова,n,A1,4893
европеец,n,A1,4894
находка,n,C1,4895
шлем,n,C1,4896
тихонько,adv,C2,4897
меньшинство,n,B1,4898
нарастать,v,B2,4899
чувствительный,adj,B2,4900
сарай,n,C1,4901
установленный,adj,C1,4902
повторный,adj,B2,4903
престол,n,C2,4904
вздыхать,v,B2,4905
бешеный,adj,C1,4906
купаться,v,A2,4907
пытка,n,C1,4908
критиковать,v,B2,4909
пристально,adv,B2,4910
проанализировать,v,B2,4911
мчаться,v,C1,4912
фундамент,n,B2,4913
бал,n,C1,4914
горожанин,n,C1,4915
кролик,n,C1,4916
спонсор,n,C1,4917
королевство,n,B2,4918
герцог,n,C2,4919
оборачиваться,v,B2,4920
останавливать,v,B1,4921
ссора,n,B1,4922
внушать,v,B2,4923
оправдывать,v,B2,4924
именовать,v,C1,4925
кран,n,A2,4926
порядочный,adj,B2,4927
удивленно,adv,B2,4928
роковой,adj,C1,4929
ступать,v,C2,4930
восемьдесят,num,A1,4931
настойчиво,adv,B2,4932
олень,n,B2,4933
барабан,n,C1,4934
катер,n,C1,4935
платный,adj,B1,4936
любоваться,v,B1,4937
парус,n,C1,4938
удаляться,v,B2,4939
ежегодный,adj,A2,4940
расставаться,v,B2,4941
злость,n,B2,4942
вторжение,n,C1,4943
минувший,adj,C1,4944
эра,n,C1,4945
рожа,n,C2,4946
жестокость,n,B2,4947
тряпка,n,B1,4948
показ,n,B2,4949
залог,n,C1,4950
ферма,n,B2,4951
искра,n,B2,4952
порок,n,C1,4953
монополия,n,B2,4954
оргазм,n,B2,4955
запланировать,v,B1,4956
койка,n,C2,4957
выигрывать,v,B1,4958
аптека,n,A1,4959
парадокс,n,C2,4960
то и дело,mwe,C2,4961
треугольник,n,B1,4962
титул,n,C1,4963
детектив,n,B1,4964
вращаться,v,B2,4965
кислород,n,B2,4966
подозрительный,adj,B2,4967
атрибут,n,B2,4968
плавно,adv,B2,4969
вампир,n,C1,4970
витамин,n,A2,4971
аппетит,n,A2,4972
инстанция,n,B2,4973
отмена,n,B2,4974
отныне,adv,C2,4975
напугать,v,B1,4976
крошечный,adj,B2,4977
ниша,n,B2,4978
роскошь,n,B2,4979
толком,adv,C2,4980
презерватив,n,B1,4981
чеченец,n,B1,4982
гласить,v,C2,4983
добровольный,adj,B1,4984
враждебный,adj,C1,4985
удаление,n,B2,4986
кошелек,n,A2,4987
относить,v,A2,4988
восстанавливать,v,B2,4989
восхищаться,v,B2,4990
кора,n,B2,4991
неправда,n,A2,4992
криминальный,adj,B2,4993
круто,adv,C1,4994
поверх,adpos,B1,4995
бедствие,n,B2,4996
тяга,n,B2,4997
барон,n,C2,4998
фотоаппарат,n,A2,4999
рыбак,n,B2,5000
скользить,v,B2,5001
хирург,n,C1,5002
организованный,adj,B2,5003
рычаг,n,B2,5004
простыня,n,A2,5005
формально,adv,B2,5006
наименование,n,B1,5007
девяносто,num,A1,5008
заинтересованный,adj,B2,5009
диаметр,n,B2,5010
прикладной,adj,B2,5011
смотреться,v,C1,5012
побеждать,v,B1,5013
колокол,n,C1,5014
аукцион,n,B2,5015
проститутка,n,B2,5016
стон,n,C1,5017
противоположность,n,C1,5018
пятьсот,num,A1,5019
варить,v,A2,5020
увлекаться,v,B1,5021
поглядывать,v,C2,5022
исламский,adj,B1,5023
чистить,v,A2,5024
месторождение,n,B2,5025
тора,n,C1,5026
теряться,v,B1,5027
фирменный,adj,B2,5028
пустяк,n,C1,5029
очаг,n,C2,5030
гладить,v,A2,5031
символический,adj,C1,5032
компромисс,n,B2,5033
выставлять,v,C1,5034
смелость,n,B1,5035
жилец,n,B2,5036
грузинский,adj,B2,5037
капуста,n,A1,5038
уменьшаться,v,A2,5039
обедать,v,A1,5040
дружно,adv,A2,5041
инновационный,adj,B2,5042
воображать,v,B2,5043
бессмертный,adj,C1,5044
сказываться,v,C2,5045
в очередной раз,mwe,C1,5046
смутный,adj,C2,5047
тематика,n,B2,5048
путешественник,n,A2,5049
розничный,adj,B2,5050
сажать,v,B2,5051
тройка,n,B1,5052
образ жизни,mwe,B2,5053
индеец,n,C1,5054
обладатель,n,C1,5055
лить,v,B1,5056
бег,n,A2,5057
дизайнер,n,B1,5058
начинающий,adj,A2,5059
дырка,n,B1,5060
бухгалтер,n,B2,5061
преследование,n,B2,5062
констатировать,v,C1,5063
подбор,n,B2,5064
совершаться,v,B2,5065
спецслужба,n,B2,5066
туристический,adj,B1,5067
блондинка,n,A2,5068
ясность,n,C1,5069
кпрф,n,B1,5070
жопа,n,B2,5071
елка,n,A2,5072
отстаивать,v,C1,5073
поразительный,adj,C1,5074
комп,n,B2,5075
обитать,v,C1,5076
загрузка,n,B2,5077
господство,n,C1,5078
апостол,n,C2,5079
трусы,n,A1,5080
галактика,n,B2,5081
инфекция,n,B2,5082
внесение,n,C1,5083
фсб,n,C1,5084
спичка,n,A1,5085
электроэнергия,n,B1,5086
интерьер,n,B2,5087
портить,v,B1,5088
устранение,n,C1,5089
маневр,n,C2,5090
мучительный,adj,C1,5091
кпсс,n,C2,5092
договариваться,v,B1,5093
русло,n,C1,5094
вал,n,C2,5095
предпосылка,n,C1,5096
отделять,v,B2,5097
холл,n,A2,5098
босс,n,C1,5099
предлог,n,A1,5100
олимпийский,adj,B1,5101
водиться,v,C1,5102
шевелиться,v,C1,5103
воровать,v,A1,5104
извиняться,v,A2,5105
предпринимать,v,B2,5106
заговор,n,C1,5107
служение,n,C2,5108
просторный,adj,B2,5109
сочувствие,n,B1,5110
распространять,v,B2,5111
всячески,adv,C2,5112
всероссийский,adj,B2,5113
поворачивать,v,A2,5114
шумный,adj,B1,5115
петля,n,B2,5116
суета,n,C1,5117
евангелие,n,C2,5118
погодить,v,C1,5119
статистический,adj,B2,5120
уговаривать,v,B1,5121
ревность,n,B1,5122
медик,n,B2,5123
эскадрилья,n,C2,5124
намереваться,v,B2,5125
трещина,n,B2,5126
предъявлять,v,A2,5127
зам,n,C1,5128
камин,n,C1,5129
противостояние,n,C1,5130
прилавок,n,B1,5131
экспертный,adj,B2,5132
издержки,n,C1,5133
отчетность,n,C1,5134
продвигаться,v,B2,5135
гад,n,C1,5136
линейный,adj,C1,5137
франк,n,C1,5138
мотоцикл,n,A1,5139
доброта,n,B1,5140
протекать,v,C1,5141
накопление,n,B2,5142
сталинский,adj,C1,5143
престижный,adj,B2,5144
скука,n,B2,5145
шепот,n,B2,5146
копье,n,C2,5147
бесконечность,n,B2,5148
если только,mwe,B2,5149
тропинка,n,B2,5150
шина,n,B2,5151
батюшка,n,C2,5152
подполковник,n,C2,5153
закрытие,n,B1,5154
нервничать,v,B2,5155
мудрец,n,C1,5156
наркоман,n,B2,5157
продолжительный,adj,B2,5158
комсомольский,adj,C1,5159
скакать,v,C1,5160
беспорядок,n,B2,5161
шпион,n,B2,5162
кипеть,v,B1,5163
снижаться,v,B2,5164
туризм,n,A2,5165
бревно,n,C1,5166
кривой,adj,B2,5167
докладывать,v,B1,5168
ноль,num,A1,5169
ласка,n,B2,5170
шедевр,n,B2,5171
коса,n,C1,5172
удостоверение,n,B1,5173
каникулы,n,A2,5174
бесчисленный,adj,C1,5175
веко,n,B1,5176
взамен,adv,B2,5177
хлопать,v,B2,5178
и особенно,mwe,C1,5179
допустимый,adj,C1,5180
классика,n,B1,5181
пульт,n,A1,5182
бак,n,B2,5183
мировоззрение,n,B2,5184
определенно,adv,B2,5185
станок,n,C1,5186
поспешно,adv,C2,5187
шахта,n,C1,5188
когда-либо,adv,B2,5189
полюс,n,B1,5190
любовница,n,B2,5191
фашизм,n,B2,5192
вторичный,adj,B2,5193
нейтральный,adj,B2,5194
луг,n,C1,5195
футбольный,adj,B1,5196
осматривать,v,B2,5197
военнослужащий,n,C2,5198
жидкий,adj,B1,5199
теоретически,adv,B2,5200
грусть,n,B2,5201
преданный,adj,B2,5202
бессознательный,adj,C2,5203
вправо,adv,A2,5204
насекомое,n,B1,5205
молчаливый,adj,B2,5206
партизан,n,B2,5207
убедительный,adj,C1,5208
массив,n,C1,5209
излучение,n,B2,5210
таскать,v,C2,5211
очутиться,v,C1,5212
фракция,n,C1,5213
гроза,n,A2,5214
разноцветный,adj,B1,5215
прибывать,v,A2,5216
присылать,v,A2,5217
бренд,n,B2,5218
едва ли не,mwe,C2,5219
будда,n prop,B1,5220
октябрьский,adj,B1,5221
хрупкий,adj,B2,5222
выпивать,v,C1,5223
невыносимый,adj,C1,5224
чайный,adj,A1,5225
сказочный,adj,B1,5226
вытаскивать,v,B2,5227
сертификат,n,B2,5228
адаптация,n,B2,5229
дипломатический,adj,B2,5230
жутко,adv,C2,5231
эшелон,n,C2,5232
фонтан,n,B2,5233
шкала,n,B2,5234
соединять,v,A2,5235
страстный,adj,C1,5236
включаться,v,B2,5237
урод,n,C1,5238
основатель,n,B2,5239
конкурентный,adj,B2,5240
лауреат,n,C1,5241
ни к чему,mwe,C1,5242
котел,n,C1,5243
от имени,mwe,C1,5244
выявление,n,C2,5245
проработать,v,B1,5246
тормоз,n,B1,5247
мониторинг,n,B2,5248
патриарх,n,B2,5249
преодолевать,v,B2,5250
см,abbr,A2,5251
энциклопедия,n,B1,5252
увезти,v,B1,5253
сообщаться,v,B2,5254
знаток,n,C1,5255
будить,v,A2,5256
разрешаться,v,B1,5257
трибуна,n,C1,5258
приводиться,v,C1,5259
виднеться,v,C2,5260
предпринимательство,n,B2,5261
хохотать,v,B2,5262
чертов,adj,C1,5263
в данный момент,mwe,B2,5264
глоток,n,B2,5265
принтер,n,B1,5266
благотворительный,adj,B2,5267
недоверие,n,B2,5268
организовывать,v,B2,5269
ввп,abbr,B2,5270
конкурировать,v,B2,5271
прикосновение,n,B2,5272
кислота,n,B2,5273
ухаживать,v,B1,5274
голубь,n,C1,5275
едва не,mwe,C2,5276
добывать,v,B2,5277
проволока,n,B2,5278
обрабатывать,v,C1,5279
в ближайшее время,mwe,B2,5280
как следует,mwe,B2,5281
скончаться,v,C1,5282
издалека,adv,C1,5283
мороженое,n,A1,5284
смущать,v,B2,5285
белок,n,B1,5286
легендарный,adj,C1,5287
табак,n,B1,5288
усиливать,v,B1,5289
низко,adv,A2,5290
соображать,v,C1,5291
на всякий случай,mwe,B2,5292
преобладать,v,C1,5293
моделирование,n,B2,5294
обозначение,n,B2,5295
неясный,adj,C1,5296
завет,n,C2,5297
поставлять,v,B2,5298
увести,v,B1,5299
усиливаться,v,B1,5300
пожаловать,v,C2,5301
неловко,adv,C2,5302
математик,n,B2,5303
просвещение,n,C1,5304
сверх,adpos,B2,5305
муравей,n,B2,5306
лопата,n,C1,5307
характеризоваться,v,C1,5308
питать,v,C2,5309
даль,n,C2,5310
провинциальный,adj,B2,5311
жестко,adv,B2,5312
исток,n,B2,5313
коляска,n,B2,5314
богиня,n,C1,5315
закрываться,v,A2,5316
передвижение,n,B2,5317
мелькнуть,v,C1,5318
физиономия,n,C2,5319
отметка,n,B1,5320
кол,n,C2,5321
прогрессивный,adj,B2,5322
классовый,adj,C1,5323
связка,n,C1,5324
привыкать,v,A2,5325
нажимать,v,B1,5326
впадать,v,B2,5327
немой,adj,B2,5328
раствор,n,B2,5329
превосходный,adj,B2,5330
чрезмерный,adj,C1,5331
вежливый,adj,A1,5332
завтрашний,adj,B1,5333
возмущение,n,B2,5334
вылезать,v,C1,5335
предоставляться,v,C1,5336
влево,adv,A2,5337
влечь,v,C2,5338
ассортимент,n,B2,5339
повар,n,A2,5340
устный,adj,A2,5341
мусульманский,adj,B1,5342
бегство,n,B2,5343
огурец,n,A1,5344
пена,n,A2,5345
выстрелить,v,B2,5346
доводить,v,B2,5347
ребро,n,B2,5348
рецензия,n,B2,5349
известность,n,B1,5350
подоконник,n,A2,5351
прах,n,C2,5352
излагать,v,B2,5353
изо всех сил,mwe,C2,5354
толкование,n,B2,5355
прикрытие,n,C2,5356
настоящее,n,A1,5357
телеканал,n,B1,5358
интервал,n,B2,5359
участь,n,C1,5360
тщательный,adj,B2,5361
дополнительно,adv,B2,5362
братец,n,C2,5363
губерния,n,C2,5364
постучать,v,A2,5365
винт,n,B2,5366
торопливо,adv,B2,5367
кое,particle,C1,5368
деяние,n,C2,5369
фига,n,C1,5370
всего лишь,mwe,C2,5371
православие,n,B2,5372
затруднение,n,B2,5373
допускаться,v,C1,5374
багаж,n,B1,5375
толщина,n,B1,5376
трижды,adv,B1,5377
нехватка,n,B2,5378
устойчивость,n,B2,5379
мистический,adj,C1,5380
чушь,n,C1,5381
возиться,v,C2,5382
синдром,n,C1,5383
сияние,n,C1,5384
доктрина,n,C1,5385
трястись,v,B2,5386
истерика,n,C1,5387
утрата,n,C1,5388
штурман,n,C1,5389
уцелеть,v,C1,5390
фланг,n,C1,5391
жевать,v,B1,5392
такт,n,B2,5393
глагол,n,A1,5394
носиться,v,C1,5395
горячо,adv,A2,5396
обоснование,n,B2,5397
рекорд,n,B1,5398
открытка,n,A1,5399
примета,n,B2,5400
электричка,n,A2,5401
сугубо,adv,C2,5402
прощание,n,A2,5403
лысый,adj,B1,5404
кружиться,v,C1,5405
цирк,n,A2,5406
почка,n,B2,5407
предвыборный,adj,B2,5408
колючий,adj,C1,5409
клинический,adj,B2,5410
новинка,n,B2,5411
президиум,n,C1,5412
твердить,v,C2,5413
вознаграждение,n,B2,5414
сбегать,v,B2,5415
орех,n,A1,5416
птичий,adj,B2,5417
старина,n,C1,5418
презрение,n,B2,5419
возбуждать,v,B2,5420
речевой,adj,B2,5421
равнина,n,B2,5422
спаситель,n,C1,5423
секта,n,B2,5424
отвергать,v,C1,5425
предание,n,C2,5426
зао,abbr,C1,5427
сбыт,n,C1,5428
горизонтальный,adj,B2,5429
массаж,n,B2,5430
вой,n,C1,5431
злобный,adj,C1,5432
обижать,v,B2,5433
целостность,n,C1,5434
посылка,n,A2,5435
повестка,n,B2,5436
бездна,n,C2,5437
хакер,n,B1,5438
катиться,v,B2,5439
запасной,adj,B1,5440
полярный,adj,B2,5441
террор,n,B2,5442
якорь,n,B2,5443
уравнение,n,B2,5444
вправду,adv,C2,5445
бакс,n,C1,5446
разбор,n,C1,5447
персона,n,C1,5448
горечь,n,B2,5449
на первый взгляд,mwe,C1,5450
телесный,adj,B2,5451
счастливо,adv,A2,5452
католический,adj,B2,5453
месть,n,B2,5454
продюсер,n,B2,5455
география,n,B1,5456
архитектурный,adj,B2,5457
пролетариат,n,C1,5458
гимназия,n,B2,5459
сборная,n,B1,5460
железа,n,C1,5461
банда,n,B2,5462
даром,adv,B2,5463
демократ,n,B2,5464
помеха,n,B2,5465
растеряться,v,B2,5466
крейсер,n,C2,5467
аплодисменты,n,B2,5468
вероятный,adj,B2,5469
безработица,n,B2,5470
генетический,adj,B2,5471
горько,adv,A2,5472
перекресток,n,A2,5473
поздравление,n,A2,5474
конструктивный,adj,C1,5475
разом,adv,C2,5476
сочинять,v,B2,5477
митрополит,n,C2,5478
благосостояние,n,B2,5479
пошлина,n,B2,5480
снятие,n,B2,5481
подвергать,v,B2,5482
фальшивый,adj,B2,5483
слушаться,v,B2,5484
выраженный,adj,C1,5485
грант,n,C1,5486
веселье,n,B2,5487
крем,n,A2,5488
жюри,n,B2,5489
достоверный,adj,B2,5490
свод,n,C1,5491
пассивный,adj,B2,5492
лечиться,v,B2,5493
заинтересоваться,v,B1,5494
поклониться,v,C1,5495
теракт,n,B1,5496
древность,n,B2,5497
звучание,n,B2,5498
ансамбль,n,B2,5499
крохотный,adj,B2,5500
прохладный,adj,B1,5501
метафора,n,B2,5502
предательство,n,B2,5503
резюме,n,B2,5504
фиксировать,v,C1,5505
печень,n,B2,5506
нора,n,C1,5507
грядущий,adj,C2,5508
интенсивность,n,B2,5509
таракан,n,B2,5510
обочина,n,C1,5511
противоречивый,adj,C2,5512
сходиться,v,C1,5513
близнец,n,A2,5514
выбрасывать,v,A2,5515
героический,adj,B2,5516
преподавание,n,B2,5517
старательно,adv,B2,5518
переезд,n,B1,5519
размах,n,C2,5520
предвидеть,v,B2,5521
прижимать,v,B2,5522
договоренность,n,C1,5523
взнос,n,B2,5524
глина,n,B2,5525
трон,n,B2,5526
летный,adj,C1,5527
переработка,n,C1,5528
хвалить,v,B1,5529
пищевой,adj,B2,5530
стрелковый,adj,C1,5531
очаровательный,adj,B2,5532
алтарь,n,C2,5533
одобрение,n,B2,5534
референдум,n,C1,5535
балет,n,A1,5536
биология,n,B1,5537
крючок,n,B2,5538
гул,n,C1,5539
квалифицированный,adj,B2,5540
рыдать,v,B2,5541
чайка,n,C1,5542
стремительный,adj,C1,5543
божество,n,C2,5544
запросто,adv,C2,5545
метаться,v,C2,5546
выяснять,v,B2,5547
порошок,n,B2,5548
документальный,adj,B1,5549
узор,n,B2,5550
добродетель,n,C2,5551
стадион,n,A2,5552
дрожь,n,B2,5553
подписывать,v,A1,5554
трясти,v,B2,5555
либерал,n,B2,5556
роддом,n,C1,5557
согласование,n,C1,5558
трудящийся,n,C1,5559
новорожденный,n,B2,5560
подсказывать,v,B1,5561
запускать,v,B2,5562
подсознание,n,C1,5563
проповедь,n,C2,5564
комфорт,n,B1,5565
факс,n,B1,5566
перенос,n,B1,5567
преступность,n,B2,5568
трансформация,n,B2,5569
господствовать,v,C1,5570
парашют,n,C1,5571
верхушка,n,C1,5572
цензура,n,B2,5573
связываться,v,C1,5574
мутный,adj,B2,5575
складывать,v,B1,5576
интрига,n,C1,5577
стирать,v,A2,5578
многолетний,adj,B2,5579
недаром,adv,C1,5580
ранение,n,C1,5581
сойтись,v,C2,5582
насквозь,adv,B2,5583
неопределенный,adj,B2,5584
русский язык,mwe,A1,5585
обломок,n,C1,5586
шуба,n,B2,5587
бокс,n,B1,5588
петух,n,B2,5589
поблизости,adv,B2,5590
компенсировать,v,B2,5591
упираться,v,C1,5592
стрелок,n,B2,5593
двадцатый,num,A2,5594
античный,adj,B2,5595
убежище,n,B2,5596
котенок,n,A2,5597
последовательно,adv,B2,5598
проба,n,B2,5599
ведать,v,C2,5600
кидать,v,A2,5601
визуальный,adj,B2,5602
оцениваться,v,B2,5603
сонный,adj,A2,5604
ненадолго,adv,B1,5605
упрек,n,C1,5606
бес,n,C2,5607
драматический,adj,B2,5608
отнимать,v,C1,5609
ягода,n,A2,5610
неприятель,n,C1,5611
нитка,n,B2,5612
сдвиг,n,B2,5613
стоп,excl,A1,5614
благословение,n,C2,5615
массивный,adj,B2,5616
нищета,n,B2,5617
отправка,n,B2,5618
гимн,n,B1,5619
патриот,n,B1,5620
к счастью,adv,B2,5621
жрец,n,C2,5622
шестнадцать,num,A1,5623
бульвар,n,A2,5624
присниться,v,B1,5625
воздействовать,v,B2,5626
дуб,n,B2,5627
нарочно,adv,B2,5628
гигант,n,C1,5629
пристрастие,n,C1,5630
уборка,n,B1,5631
синтез,n,B2,5632
словесный,adj,C1,5633
привозить,v,A2,5634
шить,v,B1,5635
суждено,adv,C2,5636
составной,adj,B2,5637
шахматы,n,A2,5638
задыхаться,v,B2,5639
ущелье,n,C1,5640
десятка,n,B1,5641
кристалл,n,B2,5642
промолчать,v,B1,5643
шелковый,adj,B1,5644
цвести,v,B2,5645
переменная,n,B2,5646
университетский,adj,A2,5647
наружный,adj,B1,5648
вилка,n,A1,5649
пепел,n,C1,5650
прихожая,n,A2,5651
добираться,v,B1,5652
ведомость,n,B2,5653
езда,n,B2,5654
сплошь,adv,C1,5655
полководец,n,C2,5656
слыхать,v,C2,5657
тормозить,v,B1,5658
завершать,v,B2,5659
избыток,n,B2,5660
охотиться,v,B2,5661
подчинение,n,B2,5662
импорт,n,B2,5663
возмещение,n,B2,5664
механик,n,B2,5665
спорный,adj,C2,5666
взволновать,v,B2,5667
освобождать,v,B2,5668
гудеть,v,B2,5669
динамический,adj,B2,5670
контур,n,B2,5671
раковина,n,A1,5672
выдержка,n,C1,5673
ячейка,n,B2,5674
моментально,adv,B2,5675
страховка,n,A2,5676
аккуратный,adj,B1,5677
проигрывать,v,B1,5678
зрелый,adj,C1,5679
тактический,adj,C1,5680
базироваться,v,B2,5681
лабиринт,n,C1,5682
ремесло,n,C1,5683
затрагивать,v,C1,5684
целоваться,v,B1,5685
обыск,n,B2,5686
терпеливо,adv,B2,5687
выбираться,v,B2,5688
выигрыш,n,B2,5689
обретать,v,C2,5690
акционерный,adj,C1,5691
рабство,n,C1,5692
каюта,n,B2,5693
попадание,n,C1,5694
чувствительность,n,B2,5695
окоп,n,C1,5696
практиковать,v,C1,5697
конфигурация,n,B2,5698
надзор,n,C1,5699
приказывать,v,B2,5700
экспозиция,n,B2,5701
ярмарка,n,B2,5702
заключительный,adj,C1,5703
скульптура,n,B1,5704
хроника,n,B2,5705
неприятно,adv,A2,5706
библейский,adj,B2,5707
техник,n,B2,5708
косвенный,adj,C1,5709
инспекция,n,B2,5710
откладывать,v,B2,5711
органический,adj,C1,5712
отказывать,v,B1,5713
скамья,n,B1,5714
читаться,v,B1,5715
лгать,v,B2,5716
переходный,adj,B2,5717
разбойник,n,C2,5718
террористический,adj,B1,5719
обыденный,adj,C2,5720
шоколад,n,A1,5721
зрительный,adj,B2,5722
предисловие,n,B2,5723
броня,n,C2,5724
пуговица,n,B1,5725
треск,n,C1,5726
произвол,n,C1,5727
проклятие,n,C1,5728
ленивый,adj,B1,5729
оптимизм,n,B1,5730
вдохновение,n,B2,5731
волшебник,n,B2,5732
ошибочный,adj,B2,5733
приют,n,C1,5734
особа,n,C2,5735
периодический,adj,B2,5736
привязанность,n,C1,5737
верста,n,C2,5738
африканский,adj,A1,5739
премьера,n,B2,5740
унижение,n,B2,5741
медитация,n,C1,5742
расширять,v,B2,5743
отводить,v,A2,5744
банкир,n,B2,5745
ук,n,C1,5746
трактор,n,C1,5747
задолженность,n,B2,5748
обнаружение,n,C1,5749
думаться,v,C2,5750
восемнадцать,num,A1,5751
интеллигентный,adj,B2,5752
последователь,n,C1,5753
занавес,n,C1,5754
переть,v,C2,5755
гибнуть,v,B2,5756
таять,v,B2,5757
прочтение,n,C1,5758
сформироваться,v,C1,5759
хит,n,B2,5760
психиатр,n,C1,5761
высказываться,v,C1,5762
передвигаться,v,B2,5763
индивидуальность,n,C1,5764
тюремный,adj,B2,5765
вылетать,v,A2,5766
укол,n,B1,5767
стаж,n,B2,5768
привилегия,n,C1,5769
наливать,v,A2,5770
фондовый,adj,B2,5771
струна,n,C2,5772
вешать,v,B1,5773
коалиция,n,C1,5774
нахмуриться,v,C1,5775
раздавать,v,B1,5776
колдун,n,B2,5777
погоня,n,B2,5778
проноситься,v,C1,5779
мех,n,B2,5780
грипп,n,A2,5781
физиологический,adj,B2,5782
тревожить,v,C1,5783
уплата,n,C2,5784
подсчет,n,B2,5785
рассыпаться,v,B2,5786
перебирать,v,C1,5787
лыжа,n,B1,5788
пополам,adv,B1,5789
автоматизация,n,B2,5790
лиса,n,C1,5791
маяк,n,C1,5792
прицел,n,C1,5793
влиятельный,adj,C1,5794
правильность,n,B1,5795
механика,n,B2,5796
обучаться,v,B1,5797
вихрь,n,C2,5798
антенна,n,B1,5799
венера,n prop,B1,5800
курорт,n,B2,5801
погибать,v,B2,5802
замкнутый,adj,B2,5803
предшественник,n,C1,5804
осторожность,n,B2,5805
плач,n,B2,5806
направленность,n,C1,5807
племянник,n,B1,5808
стенд,n,B2,5809
оборудовать,v,C1,5810
ас,n,C2,5811
взлет,n,B1,5812
приветствие,n,B1,5813
хитрость,n,B2,5814
отрываться,v,C1,5815
воспитатель,n,B1,5816
пропуск,n,B1,5817
ощущаться,v,C1,5818
инцидент,n,B2,5819
осложнение,n,B2,5820
рубить,v,B2,5821
издеваться,v,C1,5822
игла,n,B2,5823
частичный,adj,B2,5824
желанный,adj,C2,5825
аллея,n,B2,5826
хронический,adj,B2,5827
вплотную,adv,C1,5828
сливаться,v,C2,5829
извинение,n,A2,5830
алмаз,n,B2,5831
индикатор,n,B2,5832
побег,n,B2,5833
молоток,n,B2,5834
утонуть,v,B2,5835
экология,n,B2,5836
поверхностный,adj,C1,5837
этический,adj,C1,5838
бюллетень,n,B2,5839
отрицательно,adv,B2,5840
наедине,adv,C1,5841
рельс,n,C1,5842
пчела,n,B2,5843
сталь,n,B2,5844
вырастать,v,A2,5845
гид,n,B1,5846
указатель,n,B1,5847
отвлекать,v,B2,5848
оптический,adj,C1,5849
раздумье,n,C1,5850
неудобно,adv,B1,5851
ускорение,n,B2,5852
тотальный,adj,B2,5853
классик,n,B1,5854
хлопоты,n,C2,5855
летопись,n,C1,5856
червь,n,C1,5857
диктатура,n,C1,5858
поликлиника,n,A2,5859
самец,n,B2,5860
негодяй,n,C1,5861
валить,v,C2,5862
налогообложение,n,B2,5863
указываться,v,C1,5864
адресовать,v,B2,5865
императорский,adj,B2,5866
фасад,n,C1,5867
завоевание,n,B2,5868
гадость,n,C1,5869
кайф,n,C2,5870
буржуазия,n,B2,5871
жрать,v,B2,5872
закупка,n,B2,5873
лад,n,C2,5874
контейнер,n,B1,5875
теща,n,B1,5876
отход,n,B2,5877
шрифт,n,B2,5878
алкогольный,adj,B1,5879
предчувствие,n,B2,5880
палач,n,C1,5881
шинель,n,C2,5882
сытый,adj,A2,5883
догонять,v,B1,5884
подвижный,adj,B2,5885
наставник,n,C2,5886
восхождение,n,B2,5887
сторож,n,B2,5888
пионер,n,C1,5889
вестник,n,C2,5890
некто,pron,C2,5891
санкция,n,C1,5892
бутерброд,n,A1,5893
праздновать,v,B1,5894
сборка,n,C1,5895
испуг,n,B1,5896
соблазн,n,C2,5897
уставать,v,A2,5898
прическа,n,B1,5899
джип,n,B2,5900
значок,n,B2,5901
слияние,n,C1,5902
похвала,n,B2,5903
арсенал,n,C2,5904
особняк,n,C1,5905
литься,v,B2,5906
поглощать,v,B2,5907
литератор,n,C1,5908
пресловутый,adj,C2,5909
приспособление,n,B2,5910
различаться,v,A2,5911
бас,n,C2,5912
выпадать,v,B1,5913
увольнение,n,B2,5914
просматривать,v,C1,5915
пересекать,v,B2,5916
пират,n,B2,5917
социология,n,B2,5918
лягушка,n,C1,5919
прозвище,n,B2,5920
хохот,n,B2,5921
четырнадцать,num,A1,5922
первое,n,A2,5923
комар,n,B1,5924
погружаться,v,C1,5925
арена,n,B1,5926
крайность,n,C1,5927
оборонительный,adj,C1,5928
потрясение,n,C1,5929
каблук,n,B1,5930
расспрашивать,v,B2,5931
общность,n,C1,5932
впрямь,adv,C2,5933
кузов,n,C1,5934
студентка,n,A1,5935
диктовать,v,A2,5936
наземный,adj,A2,5937
кухонный,adj,A2,5938
воспроизведение,n,B2,5939
свадебный,adj,B2,5940
мостик,n,A2,5941
аборт,n,B2,5942
испуганно,adv,B2,5943
мобильник,n,A1,5944
задолго,adv,B2,5945
коллегия,n,C1,5946
досада,n,C2,5947
ограда,n,B2,5948
репрессия,n,B2,5949
приток,n,C1,5950
имперский,adj,C1,5951
паровоз,n,C2,5952
продовольствие,n,C1,5953
га,n,C1,5954
обобщение,n,C1,5955
супружеский,adj,B2,5956
злодей,n,C1,5957
обрыв,n,B2,5958
сочетаться,v,B2,5959
живописный,adj,C1,5960
рев,n,C1,5961
дефект,n,B2,5962
в одиночку,adv,C1,5963
составляющая,n,C1,5964
изрядно,adv,C2,5965
убогий,adj,C2,5966
запирать,v,A2,5967
емкость,n,B2,5968
очертания,n,C1,5969
поединок,n,C2,5970
скрипка,n,B2,5971
казино,n,B1,5972
лирический,adj,B2,5973
отрезок,n,B2,5974
борец,n,C1,5975
гарнизон,n,C1,5976
зубной,adj,A1,5977
догадка,n,B1,5978
экономить,v,B1,5979
абзац,n,A2,5980
наказывать,v,B2,5981
тост,n,A1,5982
взаимосвязь,n,B2,5983
диагностика,n,B2,5984
кратко,adv,B2,5985
понемногу,adv,B2,5986
компетенция,n,B2,5987
милосердие,n,B2,5988
силуэт,n,C1,5989
воспроизводить,v,B2,5990
мундир,n,C1,5991
скелет,n,B2,5992
свист,n,B2,5993
зловещий,adj,C2,5994
привязывать,v,B2,5995
сенатор,n,B2,5996
сено,n,C1,5997
няня,n,B1,5998
умеренный,adj,B1,5999
отзываться,v,B2,6000
братство,n,C1,6001
дуга,n,C1,6002
поклон,n,C1,6003
тонкость,n,C2,6004
на днях,adv,B2,6005
отрицание,n,B2,6006
приступать,v,B2,6007
исторически,adv,C1,6008
внутренне,adv,B2,6009
предатель,n,B2,6010
миграция,n,B2,6011
пострадавший,n,B2,6012
эротический,adj,B2,6013
авто,n,B2,6014
кучка,n,B2,6015
покойник,n,C1,6016
бывало,adv,C2,6017
мерседес,n prop,B2,6018
издали,adv,B2,6019
жечь,v,C1,6020
селение,n,C2,6021
дискотека,n,A2,6022
покров,n,C2,6023
несправедливый,adj,B1,6024
стройка,n,B2,6025
влечение,n,C1,6026
соленый,adj,A1,6027
купе,n,A2,6028
обыватель,n,C2,6029
безразличный,adj,B2,6030
задерживаться,v,B2,6031
мертвец,n,B2,6032
сожалеть,v,B2,6033
разногласие,n,B2,6034
современность,n,B2,6035
выдвигать,v,C1,6036
суша,n,B1,6037
пришелец,n,B2,6038
вытирать,v,B2,6039
разворачиваться,v,B2,6040
фермер,n,B2,6041
комплимент,n,B1,6042
град,n,B1,6043
жестоко,adv,B2,6044
икра,n,B2,6045
репортаж,n,B2,6046
рывок,n,C1,6047
гитлеровец,n,C2,6048
землетрясение,n,B2,6049
казнить,v,B2,6050
коррекция,n,B2,6051
нахождение,n,C1,6052
парадный,adj,C1,6053
присоединяться,v,B2,6054
коготь,n,C1,6055
тоталитарный,adj,B2,6056
резолюция,n,C1,6057
фотка,n,C1,6058
экзотический,adj,C1,6059
походка,n,B2,6060
уносить,v,A2,6061
бланк,n,A2,6062
пасха,n prop,A2,6063
лебедь,n,B2,6064
матка,n,C1,6065
внучка,n,A1,6066
взаимодействовать,v,B2,6067
сундук,n,C2,6068
устраиваться,v,B2,6069
живо,adv,C1,6070
консервативный,adj,C1,6071
нулевой,adj,A2,6072
интеллигент,n,B2,6073
кража,n,B2,6074
тонуть,v,B2,6075
лечебный,adj,C1,6076
голландский,adj,A1,6077
парад,n,C1,6078
реабилитация,n,C1,6079
разбивать,v,B1,6080
доброволец,n,B2,6081
уран,n,B2,6082
ком,n,C1,6083
противодействие,n,C1,6084
весы,n,B1,6085
разгар,n,C1,6086
впредь,adv,C2,6087
крах,n,C2,6088
земляк,n,A2,6089
давность,n,C1,6090
мыслитель,n,C1,6091
поощрять,v,C1,6092
ректор,n,B1,6093
незадолго,adv,B2,6094
таможня,n,B2,6095
модем,n,B1,6096
клятва,n,B2,6097
телега,n,C2,6098
заведомо,adv,C2,6099
исправлять,v,A2,6100
немедленный,adj,B1,6101
старшина,n,C2,6102
жук,n,B2,6103
кличка,n,B2,6104
груда,n,C2,6105
сбрасывать,v,C2,6106
лик,n,C2,6107
вынимать,v,A2,6108
растительный,adj,A1,6109
императрица,n,B2,6110
осваивать,v,B2,6111
репетиция,n,B2,6112
исправление,n,B2,6113
казарма,n,C2,6114
уменьшать,v,A2,6115
тесто,n,B1,6116
рыбалка,n,B2,6117
картофель,n,A1,6118
вычисление,n,B2,6119
желаемый,adj,B2,6120
небрежно,adv,B2,6121
отсек,n,C1,6122
лезвие,n,C1,6123
косметика,n,B2,6124
проникновение,n,B2,6125
мерзкий,adj,C1,6126
конечность,n,C1,6127
зарегистрироваться,v,A2,6128
поперек,adpos,B1,6129
крошка,n,B2,6130
ил,n,C1,6131
разгром,n,C1,6132
тусклый,adj,B2,6133
вставлять,v,B2,6134
нежелание,n,B2,6135
намекать,v,C1,6136
бунт,n,C1,6137
роща,n,C1,6138
пятерка,n,B1,6139
терминология,n,B2,6140
необычайно,adv,C1,6141
штурмовик,n,C2,6142
выручка,n,C1,6143
распоряжаться,v,C1,6144
обилие,n,C2,6145
пригодный,adj,C2,6146
гормон,n,B2,6147
снабжение,n,C1,6148
помещать,v,B2,6149
укреплять,v,B2,6150
выть,v,C1,6151
бремя,n,C2,6152
плеер,n,A2,6153
графика,n,B2,6154
перевал,n,B2,6155
семнадцать,num,A1,6156
курение,n,B1,6157
паутина,n,B2,6158
доминировать,v,B2,6159
принятый,adj,C1,6160
снаряжение,n,C1,6161
азиатский,adj,A1,6162
бессильный,adj,B2,6163
навязывать,v,C2,6164
полигон,n,B2,6165
правота,n,C1,6166
седло,n,C1,6167
умолчание,n,C1,6168
больничный,n,B2,6169
журналистика,n,B2,6170
претендент,n,B2,6171
подчас,adv,C2,6172
корона,n,B1,6173
модификация,n,B2,6174
прочность,n,B2,6175
коза,n,B1,6176
несомненный,adj,C1,6177
повиноваться,v,C2,6178
украинец,n,A1,6179
аккумулятор,n,B1,6180
многократно,adv,B2,6181
револьвер,n,C1,6182
блокнот,n,A2,6183
закуска,n,A2,6184
гусь,n,B2,6185
кривая,n,B2,6186
обмениваться,v,B2,6187
почерк,n,B1,6188
перелом,n,B1,6189
ценовой,adj,B2,6190
супермаркет,n,A1,6191
досуг,n,B2,6192
весить,v,A2,6193
майка,n,A2,6194
отрывать,v,B1,6195
реактор,n,C1,6196
царица,n,B2,6197
посему,adv,C2,6198
вспомогательный,adj,B2,6199
евросоюз,n prop,B2,6200
облигация,n,B2,6201
отбирать,v,B2,6202
постепенный,adj,B2,6203
окраска,n,C1,6204
скорбь,n,C1,6205
бюрократия,n,B2,6206
точка зрения,mwe,B2,6207
имение,n,C2,6208
утка,n,B2,6209
неповторимый,adj,C1,6210
санитарный,adj,C1,6211
унитаз,n,B1,6212
острота,n,B2,6213
барак,n,C1,6214
вектор,n,C1,6215
реестр,n,C1,6216
кандидатура,n,C1,6217
ресница,n,B1,6218
чердак,n,B2,6219
авторитетный,adj,C1,6220
слог,n,A1,6221
финн,n,A1,6222
бодрый,adj,B2,6223
сверстник,n,B2,6224
яркость,n,B2,6225
торт,n,A1,6226
магнитофон,n,A2,6227
несовершеннолетний,n,B1,6228
неважный,adv,B1,6229
оптимизация,n,B2,6230
смешанный,adj,C1,6231
оскорблять,v,B2,6232
пальма,n,B2,6233
башка,n,C2,6234
листва,n,B2,6235
выясняться,v,C1,6236
провокация,n,C1,6237
реалии,n,C1,6238
ориентир,n,B2,6239
неопределенность,n,C1,6240
пятка,n,B1,6241
чат,n,B1,6242
самостоятельность,n,B1,6243
комсомолец,n,B2,6244
извне,adv,C1,6245
развитой,adj,B1,6246
национализм,n,B2,6247
подписание,n,B2,6248
раскрытие,n,C1,6249
провайдер,n,B1,6250
эпидемия,n,B2,6251
линейка,n,A2,6252
талия,n,B2,6253
электроника,n,B2,6254
софт,n,B2,6255
усадьба,n,C2,6256
ненормальный,adj,B1,6257
бомж,n,B2,6258
нравственность,n,B2,6259
марксизм,n,C1,6260
хребет,n,C2,6261
въезд,n,A1,6262
чек,n,A2,6263
цент,n,B1,6264
патриотизм,n,B1,6265
пятеро,num,B2,6266
вывеска,n,A2,6267
хранитель,n,B2,6268
дань,n,C2,6269
рыбный,adj,A2,6270
ныть,v,C2,6271
тринадцать,num,A1,6272
дворянин,n,B1,6273
прекращать,v,B1,6274
яхта,n,B2,6275
вдобавок,adv,C2,6276
номинация,n,C1,6277
объектив,n,B2,6278
стартовать,v,B2,6279
финансировать,v,B2,6280
казна,n,C1,6281
загрязнение,n,B1,6282
гном,n,C2,6283
лениво,adv,B2,6284
долгожданный,adj,B2,6285
заход,n,C1,6286
рассудок,n,C1,6287
дополнять,v,B2,6288
сейф,n,B2,6289
схватиться,v,C2,6290
корм,n,A2,6291
достоверность,n,B2,6292
троллейбус,n,A1,6293
специализация,n,B2,6294
баран,n,B2,6295
могущество,n,B2,6296
паук,n,B2,6297
перепись,n,C1,6298
подписка,n,C2,6299
кишка,n,B2,6300
координаты,n,B2,6301
расцвет,n,B2,6302
утешение,n,B2,6303
зять,n,B1,6304
тоннель,n,B2,6305
посередине,adv,A2,6306
непонимание,n,B1,6307
пк,n,B1,6308
молекула,n,B2,6309
потомство,n,B2,6310
рао,n,C1,6311
верблюд,n,B2,6312
причинять,v,B2,6313
комбинат,n,C1,6314
зоопарк,n,A2,6315
беспомощный,adj,B2,6316
длительность,n,B2,6317
прирост,n,B2,6318
стонать,v,B2,6319
экстремальный,adj,B2,6320
листовка,n,C1,6321
заливать,v,B2,6322
предотвращение,n,B2,6323
складка,n,C1,6324
канон,n,C2,6325
обои,n,B2,6326
насмешка,n,C1,6327
достояние,n,C2,6328
рубаха,n,C2,6329
певица,n,A1,6330
блокада,n,B2,6331
греметь,v,B1,6332
дрянь,n,C2,6333
занавеска,n,A2,6334
уместный,adj,C1,6335
по отдельности,mwe,B2,6336
алкоголик,n,C1,6337
перечислять,v,B2,6338
честность,n,B2,6339
рсфср,n,C1,6340
кастрюля,n,A2,6341
отдача,n,C2,6342
врожденный,adj,B2,6343
преданность,n,B2,6344
пояснять,v,B2,6345
разборка,n,C1,6346
самка,n,B2,6347
тайга,n,C1,6348
гребень,n,C2,6349
протестовать,v,B2,6350
пульс,n,B2,6351
помидор,n,A1,6352
искажение,n,C1,6353
свитер,n,A1,6354
покушение,n,C1,6355
извлекать,v,B2,6356
блаженство,n,C2,6357
приемник,n,B2,6358
замужем,adv,A1,6359
блокировать,v,B2,6360
спиртное,n,B2,6361
налицо,adv,C2,6362
чертеж,n,B2,6363
изобилие,n,C1,6364
негодование,n,C1,6365
упадок,n,C1,6366
пир,n,C2,6367
безнадежный,adj,B2,6368
пересечение,n,B2,6369
сатана,n,C1,6370
партнерство,n,B2,6371
спускать,v,C1,6372
улетать,v,A2,6373
пшеница,n,B2,6374
празднование,n,B1,6375
сухо,adv,B1,6376
береза,n,B2,6377
главнокомандующий,n,C1,6378
склоняться,v,C1,6379
бухта,n,C2,6380
мид,n,B2,6381
глобализация,n,B2,6382
незаметный,adj,B2,6383
мучение,n,B2,6384
применительно,adv,C1,6385
особь,n,B2,6386
низ,n,A1,6387
монолог,n,A2,6388
сердито,adv,B2,6389
вертикаль,n,C1,6390
залп,n,C1,6391
нии,n,C2,6392
фара,n,B2,6393
генератор,n,B2,6394
грузин,n,B2,6395
манипуляция,n,B2,6396
немногие,pron,C1,6397
ядовитый,adj,B2,6398
сало,n,C1,6399
десант,n,C1,6400
засада,n,C1,6401
повышаться,v,B1,6402
координация,n,C1,6403
содействовать,v,B2,6404
мерка,n,C1,6405
обход,n,C1,6406
чувственный,adj,C1,6407
уезд,n,C2,6408
вращение,n,B2,6409
потреблять,v,B2,6410
преграда,n,B2,6411
разъяснение,n,B2,6412
эльф,n,B2,6413
преемник,n,C1,6414
поднос,n,A2,6415
основательно,adv,C1,6416
автомашина,n,A2,6417
прекращаться,v,B1,6418
заведовать,v,B2,6419
обвиняемый,n,B2,6420
совать,v,C1,6421
влага,n,B2,6422
соседство,n,B2,6423
стан,n,C2,6424
неудобство,n,B2,6425
устало,adv,B2,6426
безработный,n,B1,6427
воротник,n,B2,6428
решимость,n,C1,6429
сближение,n,C1,6430
храбрый,adj,B2,6431
троица,n,C1,6432
предсказание,n,B2,6433
оперативно,adv,B2,6434
вилла,n,C1,6435
воробей,n,C1,6436
фиолетовый,adj,A1,6437
шаблон,n,B2,6438
жкх,n,C2,6439
банкротство,n,B2,6440
оперировать,v,B2,6441
сбивать,v,B2,6442
умело,adv,B2,6443
сосать,v,B2,6444
сбоку,adv,A2,6445
альянс,n,C1,6446
безобразие,n,C1,6447
всевышний,n,C2,6448
пристальный,adj,B2,6449
грунт,n,C1,6450
иллюстрировать,v,B2,6451
светло,adv,A1,6452
добавка,n,B1,6453
почтенный,adj,C2,6454
ваза,n,B1,6455
жадный,adj,B1,6456
крещение,n,C2,6457
профессионализм,n,B1,6458
обморок,n,B2,6459
хата,n,C2,6460
замирать,v,C1,6461
быстрота,n,B1,6462
прилагать,v,B2,6463
выяснение,n,C1,6464
сбой,n,C1,6465
купюра,n,B2,6466
предписание,n,C2,6467
полуостров,n,A2,6468
крокодил,n,B2,6469
перец,n,A1,6470
одновременный,adj,B2,6471
подражать,v,B2,6472
хранилище,n,B2,6473
будка,n,C2,6474
старание,n,B2,6475
бедняга,n,C2,6476
привлекательность,n,B2,6477
социолог,n,B2,6478
дергать,v,C1,6479
красавец,n,B2,6480
произвольный,adj,B2,6481
надлежащий,adj,C2,6482
контраст,n,B2,6483
несправедливость,n,B2,6484
кормление,n,C2,6485
нюанс,n,C2,6486
трактовка,n,C2,6487
блог,n,B1,6488
равнодушно,adv,B2,6489
хищник,n,B2,6490
некрасивый,adj,A1,6491
измерять,v,B1,6492
отходы,n,B1,6493
пух,n,B2,6494
инсулин,n,C2,6495
либерализм,n,B2,6496
подъезжать,v,A2,6497
очевидец,n,B2,6498
жареный,adj,A2,6499
прерывать,v,C1,6500
коктейль,n,A2,6501
удалять,v,B2,6502
вспыхивать,v,B2,6503
изобретатель,n,B2,6504
скользкий,adj,B2,6505
специализироваться,v,B2,6506
лак,n,B2,6507
слюна,n,B2,6508
действо,n,C2,6509
демографический,adj,B2,6510
монтаж,n,B2,6511
эмигрант,n,B2,6512
белка,n,C1,6513
напарник,n,C1,6514
пешеход,n,A1,6515
избыточный,adj,B2,6516
нелегко,adv,A2,6517
недоразумение,n,B2,6518
уточнение,n,B2,6519
бор,n,C2,6520
судорожно,adv,C2,6521
подданный,n,B1,6522
забивать,v,B2,6523
зажигать,v,B1,6524
добавление,n,B2,6525
сирота,n,B2,6526
тележка,n,B2,6527
вырабатывать,v,C1,6528
подавление,n,C1,6529
замешательство,n,C2,6530
опция,n,B2,6531
стихийный,adj,C1,6532
кинжал,n,C2,6533
эскадра,n,C2,6534
активист,n,B2,6535
облегчать,v,C1,6536
правонарушение,n,C1,6537
затея,n,C2,6538
калитка,n,C1,6539
вручную,adv,B2,6540
приказание,n,B2,6541
пропорция,n,B2,6542
скотина,n,C1,6543
иудей,n,B1,6544
в общем,mwe,B2,6545
престиж,n,B2,6546
обнаруживаться,v,C1,6547
пословица,n,B1,6548
исполняться,v,B2,6549
варвар,n,C1,6550
вовсю,adv,C2,6551
гонорар,n,C2,6552
буфет,n,A2,6553
грамматика,n,A2,6554
стипендия,n,B1,6555
радиус,n,B2,6556
славянин,n,B2,6557
водопад,n,C1,6558
боксер,n,B1,6559
информировать,v,B2,6560
пафос,n,C2,6561
хижина,n,C2,6562
развал,n,C1,6563
пастух,n,C2,6564
приемная,n,B2,6565
пролетать,v,B2,6566
типография,n,C1,6567
сострадание,n,B2,6568
копать,v,C1,6569
субстанция,n,C1,6570
банан,n,A1,6571
султан,n,C2,6572
парта,n,B1,6573
кит,n,B2,6574
широта,n,B2,6575
отопление,n,B1,6576
присутствующий,n,B2,6577
копыто,n,C1,6578
напоследок,adv,C2,6579
радуга,n,B1,6580
увлекательный,adj,B2,6581
караул,n,C2,6582
методология,n,B2,6583
терминал,n,B2,6584
дюжина,n,C1,6585
полезность,n,B1,6586
гамма,n,C1,6587
киоск,n,A2,6588
грабить,v,B2,6589
спад,mwe,B2,6590
персидский,adj,C2,6591
неограниченный,adj,B2,6592
ссориться,v,B2,6593
канцелярия,n,C2,6594
разыскивать,v,B2,6595
реветь,v,C1,6596
шрам,n,B2,6597
вакансия,n,B1,6598
лидерство,n,B2,6599
уведомление,n,B2,6600
изысканный,adj,C2,6601
истечение,n,C2,6602
компетентный,adj,B2,6603
показываться,v,B2,6604
цилиндр,n,B2,6605
чистка,n,B2,6606
продавщица,n,A1,6607
брошюра,n,A2,6608
трюк,n,B2,6609
династия,n,C1,6610
обстрел,n,C1,6611
медь,n,B2,6612
рояль,n,B2,6613
патриотический,adj,B2,6614
штамп,n,B2,6615
дворник,n,C1,6616
мыс,n,C1,6617
алфавит,n,A1,6618
трактат,n,C2,6619
чепуха,n,C2,6620
кое-как,adv,C1,6621
взлетать,v,B1,6622
проем,n,C1,6623
говно,n,C2,6624
уточнять,v,B2,6625
должное,n,C2,6626
толковать,v,C2,6627
втроем,adv,A2,6628
воровство,n,B2,6629
пассажирский,adj,B2,6630
электрон,n,B2,6631
искренность,n,C1,6632
транс,n,C1,6633
сладко,adv,B1,6634
надобность,n,C2,6635
одноклассник,n,B1,6636
арка,n,B2,6637
правосудие,n,B2,6638
негромко,adv,A2,6639
кредитор,n,B2,6640
свалка,n,C1,6641
революционер,n,B2,6642
обильный,adj,C2,6643
заповедник,n,B2,6644
разлука,n,B2,6645
заинтересованность,n,B2,6646
реформирование,n,B2,6647
мельница,n,C1,6648
хоронить,v,B2,6649
промысел,n,C2,6650
заявитель,n,B2,6651
трогательный,adj,C1,6652
вулкан,n,B2,6653
систематический,adj,B2,6654
упрямый,adj,B2,6655
выкладывать,v,C1,6656
утешать,v,B2,6657
юстиция,n,B2,6658
авангард,n,C2,6659
улучшать,v,B1,6660
переменный,adj,B2,6661
сокращать,v,B1,6662
курсант,n,C1,6663
домен,n,B2,6664
боязнь,n,B2,6665
гипноз,n,B2,6666
контактный,adj,B2,6667
соратник,n,C2,6668
испанец,n,A1,6669
расстрел,n,B2,6670
туго,adv,B2,6671
щедрый,adj,B2,6672
пополнение,n,C1,6673
растерянность,n,C1,6674
усмешка,n,C2,6675
сперма,n,B2,6676
годовщина,n,B2,6677
анонимный,adj,B2,6678
маньяк,n,B2,6679
визг,n,C1,6680
ужинать,v,A1,6681
бережно,adv,B2,6682
срываться,v,C2,6683
запрещаться,v,A1,6684
налогоплательщик,n,B1,6685
шов,n,B2,6686
мошенник,n,B2,6687
мужественный,adj,B2,6688
подражание,n,B2,6689
укладывать,v,B2,6690
уступка,n,B2,6691
пьянство,n,C1,6692
родство,n,C1,6693
прапорщик,n,C2,6694
четверка,n,B1,6695
нехорошо,adv,A1,6696
опаздывать,v,A2,6697
выписывать,v,A2,6698
бегом,adv,B2,6699
потерпевший,n,B2,6700
запоминать,v,A1,6701
пейджер,n,B2,6702
передумать,v,B2,6703
раздеваться,v,A1,6704
арбитражный,adj,C1,6705
легион,n,C2,6706
овраг,n,C2,6707
разрезать,v,B1,6708
пробуждение,n,B2,6709
павильон,n,C1,6710
пирожок,n,A1,6711
индивидуум,n,B2,6712
осуждение,n,B2,6713
напряженность,n,C1,6714
скважина,n,C1,6715
машинально,adv,C2,6716
тощий,adj,B2,6717
виноград,n,A1,6718
издательский,adj,B2,6719
монархия,n,B2,6720
ландшафт,n,C1,6721
миска,n,B1,6722
краткосрочный,adj,B2,6723
гудок,n,C1,6724
побуждение,n,C2,6725
глотать,v,B2,6726
зависимый,adj,B2,6727
курьер,n,B2,6728
второстепенный,adj,C1,6729
выглядывать,v,C1,6730
сударь,n,C2,6731
инерция,n,B2,6732
коммерсант,n,B2,6733
очистка,n,B2,6734
папаша,n,C2,6735
дежурство,n,B2,6736
равнодушие,n,B2,6737
солидарность,n,B2,6738
растерянно,adv,C1,6739
дисплей,n,B2,6740
кредитование,n,B2,6741
наемный,adj,B2,6742
сухопутный,adj,B2,6743
экономически,adv,B2,6744
пласт,n,C1,6745
лимон,n,A1,6746
упускать,v,C1,6747
шишка,n,B1,6748
дико,adv,C2,6749
краснеть,v,B2,6750
порой,adv,C2,6751
сословие,n,C2,6752
влагалище,n,B2,6753
датчик,n,B2,6754
репортер,n,B2,6755
изоляция,n,C1,6756
многообразие,n,B2,6757
неторопливо,adv,B2,6758
одобрять,v,B2,6759
повязка,n,B2,6760
разбирательство,n,C2,6761
тополь,n,C2,6762
вступительный,adj,B1,6763
санаторий,n,C1,6764
комендант,n,B2,6765
псевдоним,n,B2,6766
сувенир,n,A2,6767
мэрия,n,B1,6768
фуражка,n,C2,6769
яростно,adv,B2,6770
прикол,n,C1,6771
пожимать,v,B1,6772
серьезность,n,B2,6773
искушение,n,C1,6774
забава,n,C2,6775
идентификация,n,C2,6776
дискриминация,n,B2,6777
фанат,n,B2,6778
предназначение,n,C2,6779
босой,adj,B2,6780
собеседование,n,B2,6781
срывать,v,C1,6782
клочок,n,B2,6783
перебивать,v,B2,6784
вопить,v,C2,6785
выслушивать,v,B2,6786
поливать,v,B2,6787
координатор,n,C1,6788
идентичность,n,C2,6789
болельщик,n,B1,6790
прилично,adv,B2,6791
целесообразный,adj,B2,6792
чулок,n,B1,6793
неспособный,adj,B2,6794
осел,n,C1,6795
жила,n,C2,6796
футболка,n,A2,6797
капиталист,n,C1,6798
вариация,n,C2,6799
рубка,n,C1,6800
усмотрение,n,C1,6801
колокольчик,n,C2,6802
пророчество,n,C2,6803
гибкость,n,B2,6804
пьяница,n,C1,6805
оформлять,v,B1,6806
завещание,n,B2,6807
тусовка,n,B2,6808
ухудшение,n,B2,6809
аквариум,n,B2,6810
сустав,n,B2,6811
теоретик,n,B2,6812
траектория,n,B2,6813
двойка,n,B1,6814
посвящать,v,C1,6815
дк,n,B1,6816
героин,n,B2,6817
наутро,adv,B2,6818
пусто,adv,B2,6819
варенье,n,A2,6820
тупо,adv,C2,6821
скатерть,n,B1,6822
виновник,n,B2,6823
намеренно,adv,B2,6824
психотерапевт,n,C1,6825
корма,n,C2,6826
бриллиант,n,B2,6827
декорация,n,B2,6828
вещание,n,C2,6829
запястье,n,B2,6830
эвакуация,n,B2,6831
открытость,n,C1,6832
бюрократический,adj,B2,6833
неуверенно,adv,B2,6834
законодатель,n,C1,6835
обозрение,n,C1,6836
выращивать,v,B2,6837
придурок,n,C2,6838
задерживать,v,B2,6839
грош,n,C2,6840
выплачивать,v,C1,6841
кинематограф,n,C1,6842
мгновенный,adj,B2,6843
наизусть,adv,A1,6844
выразительный,adj,B2,6845
скрип,n,B2,6846
неспособность,n,C1,6847
учредитель,n,C1,6848
выпивка,n,B2,6849
штык,n,C1,6850
горючее,n,B2,6851
шторм,n,B2,6852
заем,n,B2,6853
скопление,n,C1,6854
укрытие,n,C1,6855
робко,adv,B2,6856
истец,n,C1,6857
составитель,n,C1,6858
холдинг,n,C1,6859
величественный,adj,C2,6860
графиня,n,C2,6861
душить,v,B2,6862
кустарник,n,B2,6863
притворяться,v,B2,6864
колея,n,C2,6865
кондиционер,n,B1,6866
прожектор,n,C1,6867
духовность,n,C1,6868
теперешний,adj,C1,6869
опережать,v,B2,6870
клей,n,B1,6871
прокат,n,B2,6872
мелко,adv,A2,6873
поправлять,v,A2,6874
указательный,adj,B1,6875
красить,v,B2,6876
сенат,n,C1,6877
достопримечательность,n,A2,6878
самочувствие,n,B1,6879
салфетка,n,A2,6880
послушный,adj,B1,6881
негде,adv,B2,6882
мишень,n,C1,6883
процветание,n,C1,6884
родня,n,C1,6885
экспансия,n,C2,6886
маркиз,n,C2,6887
розыск,n,B2,6888
государственность,n,C1,6889
хулиган,n,B2,6890
таз,n,C1,6891
законность,n,B2,6892
накладывать,v,B2,6893
рация,n,C1,6894
тачка,n,C1,6895
восход,n,B1,6896
опухоль,n,C1,6897
оговорка,n,C1,6898
пересмотр,n,C1,6899
герб,n,B1,6900
бинокль,n,B2,6901
выскакивать,v,C1,6902
груша,n,A1,6903
упорство,n,B2,6904
целостный,adj,B2,6905
инициатор,n,C1,6906
сдохнуть,v,C1,6907
вырываться,v,C2,6908
поговорка,n,B1,6909
отправление,n,B2,6910
донесение,n,B2,6911
буквальный,adj,C1,6912
грабеж,n,B2,6913
помойка,n,B2,6914
зрелость,n,C1,6915
акула,n,B2,6916
несоответствие,n,B2,6917
синяк,n,B1,6918
самосознание,n,C2,6919
позвоночник,n,B1,6920
шепотом,adv,B2,6921
представать,v,C2,6922
двоюродный,adj,A2,6923
тематический,adj,B2,6924
обязывать,v,C1,6925
звонкий,adj,A2,6926
вражда,n,B1,6927
лирика,n,C1,6928
вздрагивать,v,B2,6929
инновация,n,B2,6930
наглядно,adv,B2,6931
парализовать,v,B2,6932
смущение,n,B2,6933
пробегать,v,B2,6934
рис,n,A1,6935
редактировать,v,B2,6936
сосок,n,B2,6937
трафик,n,B2,6938
виски,n,A1,6939
вертеть,v,B1,6940
жадность,n,B1,6941
правящий,adj,B2,6942
предрассудок,n,B2,6943
юношеский,adj,B2,6944
мотивировать,v,C2,6945
провоцировать,v,B2,6946
взятие,n,C1,6947
диалектика,n,C2,6948
автономия,n,B2,6949
боже,excl,B2,6950
размещать,v,B2,6951
рассказчик,n,B2,6952
элегантный,adj,B2,6953
педагогика,n,B2,6954
скобка,n,B2,6955
рефлекс,n,C1,6956
пробел,n,B2,6957
себестоимость,n,B2,6958
спс,n,C1,6959
глухо,adv,C2,6960
сворачивать,v,B2,6961
эстетика,n,C1,6962
духовенство,n,C2,6963
помещик,n,C2,6964
ндс,n,B2,6965
эгоизм,n,B2,6966
гавань,n,C2,6967
угощать,v,B1,6968
неприличный,adj,B2,6969
ловкий,adj,B2,6970
оккупировать,v,B2,6971
насильственный,adj,C1,6972
дежурить,v,B1,6973
нажатие,n,B2,6974
сменяться,v,C1,6975
опоздание,n,A2,6976
диабет,n,C1,6977
скудный,adj,C2,6978
ступня,n,B2,6979
воистину,adv,C2,6980
раскол,n,C2,6981
сугроб,n,B1,6982
злоупотребление,n,B2,6983
магистраль,n,C1,6984
беззащитный,adj,B2,6985
копирование,n,B2,6986
прилив,n,B2,6987
девиз,n,C1,6988
адресат,n,A1,6989
прошлогодний,adj,B1,6990
стопка,n,C2,6991
соус,n,B1,6992
суверенитет,n,C1,6993
рифма,n,B1,6994
менталитет,n,B2,6995
веранда,n,C2,6996
призвание,n,B2,6997
распределять,v,B2,6998
интегрировать,v,C1,6999
останки,n,C1,7000
рейд,n,C1,7001
футболист,n,A2,7002
древесина,n,B2,7003
кумир,n,B2,7004
прозрачность,n,C1,7005
исповедь,n,C2,7006
всматриваться,v,C2,7007
увлекать,v,B2,7008
инвестировать,v,C1,7009
здороваться,v,A1,7010
правдивый,adj,B2,7011
выборка,n,B2,7012
деваться,v,C1,7013
атеист,n,B2,7014
доводиться,v,C2,7015
бонус,n,C1,7016
повозка,n,C2,7017
рыть,v,C1,7018
попутно,adv,C2,7019
состязание,n,B2,7020
присоединение,n,B2,7021
прогнозировать,v,B2,7022
спутниковый,adj,B2,7023
бит,n,B2,7024
шелк,n,B1,7025
отслеживать,v,B2,7026
целесообразность,n,B2,7027
копировать,v,B2,7028
мафия,n,B2,7029
неприязнь,n,C1,7030
вручать,v,B2,7031
застрелить,v,B2,7032
греть,v,B1,7033
тонко,adv,B2,7034
незнание,n,B1,7035
рекламировать,v,B1,7036
подсудимый,n,B2,7037
шокировать,v,B2,7038
загородный,adj,B2,7039
гнусный,adj,C2,7040
риторика,n,C2,7041
взаимопонимание,n,B2,7042
легальный,adj,B2,7043
изначальный,adj,C1,7044
спасаться,v,B1,7045
штора,n,B1,7046
восклицать,v,B1,7047
цыган,n,C1,7048
кусать,v,B2,7049
лихорадка,n,B2,7050
вялый,adj,C1,7051
абсурд,n,C2,7052
иметь в виду,mwe,B2,7053
санитар,n,C2,7054
задевать,v,C1,7055
сопоставление,n,C1,7056
всплеск,n,C2,7057
ходьба,n,B2,7058
апельсин,n,A1,7059
таксист,n,B1,7060
присяжный,n,B2,7061
сжигать,v,B2,7062
эксклюзивный,adj,B2,7063
браузер,n,B2,7064
аспирант,n,B2,7065
щетка,n,B2,7066
выписка,n,C1,7067
ливень,n,B1,7068
объединяться,v,B2,7069
грызть,v,C2,7070
гороскоп,n,B1,7071
ларек,n,B2,7072
оккупация,n,C1,7073
неуверенность,n,B2,7074
счетчик,n,B2,7075
пренебрегать,v,C1,7076
вскакивать,v,B2,7077
в любое время,mwe,B2,7078
полушарие,n,B2,7079
стареть,v,B2,7080
лексика,n,A2,7081
зачет,n,B2,7082
прототип,n,B2,7083
тосковать,v,B2,7084
отбрасывать,v,C1,7085
своевременный,adj,B2,7086
дружественный,adj,C1,7087
двенадцатый,num,A2,7088
гимнастика,n,A2,7089
миллиметр,n,A2,7090
драгоценность,n,B2,7091
почтение,n,C2,7092
аллергия,n,A1,7093
пучок,n,B2,7094
урегулирование,n,C1,7095
отважный,adj,C2,7096
наличные,n,B1,7097
разрывать,v,B2,7098
мобилизация,n,C1,7099
эквивалент,n,B2,7100
пригород,n,B1,7101
ревновать,v,B1,7102
невежество,n,C2,7103
записываться,v,B1,7104
джаз,n,B2,7105
прибавлять,v,B2,7106
отсрочка,n,C1,7107
заимствовать,v,C1,7108
очищать,v,B1,7109
вынуждать,v,B2,7110
патология,n,C1,7111
синоним,n,B1,7112
гнилой,adj,C1,7113
делегат,n,B2,7114
параграф,n,B2,7115
доступность,n,B2,7116
расхождение,n,B2,7117
изумительный,adj,C1,7118
средневековье,n,C1,7119
светофор,n,A1,7120
беспокойный,adj,B1,7121
наркотический,adj,B2,7122
субсидия,n,C1,7123
материк,n,B2,7124
журналистский,adj,B2,7125
фотографировать,v,A2,7126
отменять,v,B1,7127
архивный,adj,B2,7128
освобождаться,v,B2,7129
тумбочка,n,A2,7130
днк,abbr,B2,7131
католик,n,B2,7132
осада,n,C1,7133
обдумывать,v,B2,7134
заботливый,adj,B2,7135
иметь дело,mwe,B2,7136
познавательный,adj,B2,7137
кишечник,n,B2,7138
топить,v,B2,7139
плитка,n,B2,7140
накрывать,v,B2,7141
нарезать,v,B2,7142
оратор,n,B2,7143
радиоактивный,adj,B2,7144
квота,n,C1,7145
проделывать,v,B2,7146
арбуз,n,B1,7147
воспаление,n,B1,7148
жертвовать,v,B2,7149
в другом месте,mwe,A2,7150
видеокамера,n,B1,7151
крушение,n,B2,7152
логически,adv,C1,7153
равно,adj,B1,7154
удаленный,adj,B2,7155
косвенно,adv,C2,7156
словосочетание,n,A2,7157
патент,n,C1,7158
отчуждение,n,C2,7159
привидение,n,B2,7160
теннис,n,A1,7161
морщина,n,B2,7162
равняться,v,C1,7163
бактерия,n,B2,7164
иммигрант,n,B2,7165
раунд,n,B2,7166
сборный,adj,C1,7167
эстрада,n,B2,7168
воскресение,n,B2,7169
технически,adv,B1,7170
гласность,n,C1,7171
представительный,adj,C1,7172
купля,n,B2,7173
пенис,n,B2,7174
экспонат,n,C1,7175
мечеть,n,B1,7176
клевета,n,B2,7177
отталкивать,v,C1,7178
выявлять,v,C2,7179
уполномоченный,adj,C2,7180
имитировать,v,C1,7181
клоун,n,B1,7182
периферия,n,B2,7183
рушиться,v,C1,7184
мигать,v,B2,7185
реорганизация,n,C1,7186
заведующий,n,B2,7187
святыня,n,C2,7188
интерпретировать,v,B2,7189
гектар,n,C2,7190
магистр,n,B2,7191
формулировать,v,B2,7192
тошнота,n,B1,7193
психиатрический,adj,B2,7194
разыгрывать,v,B2,7195
завтракать,v,A1,7196
нанимать,v,B2,7197
свистеть,v,B2,7198
концерн,n,C1,7199
коттедж,n,B2,7200
раскладывать,v,C1,7201
бесплодный,adj,C2,7202
образовывать,v,B2,7203
инфаркт,n,B2,7204
шашлык,n,B1,7205
плодотворный,adj,C1,7206
бедняк,n,B2,7207
актерский,adj,B2,7208
бросок,n,B2,7209
обаяние,n,B2,7210
археолог,n,B2,7211
нырять,v,B2,7212
диаграмма,n,B2,7213
вывозить,v,B2,7214
беспощадный,adj,C2,7215
выброс,n,C2,7216
прививка,n,B2,7217
чинить,v,B1,7218
изолировать,v,B2,7219
серийный,adj,B2,7220
убеждаться,v,B2,7221
щелкать,v,B2,7222
подпольный,adj,C1,7223
бушевать,v,C2,7224
контингент,n,C2,7225
настраивать,v,B2,7226
йога,n,B1,7227
самолюбие,n,B2,7228
кашель,n,A2,7229
иммунитет,n,B2,7230
вдох,n,B1,7231
конкурентоспособность,n,B2,7232
бесспорный,adj,C1,7233
лаять,v,B1,7234
бомбардировка,n,C1,7235
неприемлемый,adj,C2,7236
идентифицировать,v,C2,7237
навещать,v,B2,7238
дебаты,n,C1,7239
преувеличение,n,B2,7240
хлопок,n,A2,7241
докладчик,n,B2,7242
питательный,adj,B2,7243
мускул,n,B2,7244
ронять,v,B2,7245
консульство,n,A1,7246
опровержение,n,B2,7247
кислый,adj,A2,7248
этикетка,n,B1,7249
пуск,n,B2,7250
завершаться,v,B2,7251
присаживаться,v,C1,7252
нашествие,n,C2,7253
богач,n,B2,7254
недоставать,v,C1,7255
сеять,v,C1,7256
админ,n,B2,7257
забастовка,n,B2,7258
получатель,n,A2,7259
вдыхать,v,B1,7260
сверхъестественный,adj,B2,7261
понижение,n,B1,7262
любимец,n,B2,7263
коран,n,C1,7264
голодать,v,B1,7265
комментатор,n,B2,7266
изъятие,n,C1,7267
возлюбленный,n,C2,7268
избрание,n,B1,7269
наблюдательный,adj,C1,7270
чей-то,pron,B1,7271
лазер,n,C2,7272
зажигалка,n,A2,7273
грамматический,adj,A2,7274
грузить,v,C1,7275
незабываемый,adj,B2,7276
дразнить,v,B2,7277
электростанция,n,B2,7278
выключать,v,A1,7279
хобби,n,A2,7280
кидаться,v,B2,7281
отравление,n,B2,7282
раввин,n,C1,7283
бетон,n,B2,7284
выстраивать,v,B2,7285
остроумный,adj,B2,7286
примыкать,v,C1,7287
проспать,v,A2,7288
водоем,n,B2,7289
чудак,n,B2,7290
восьмерка,n,B1,7291
неровный,adj,B2,7292
превышение,n,B2,7293
дуэль,n,C2,7294
застраховать,v,B1,7295
присяга,n,B2,7296
прецедент,n,C2,7297
изнасилование,n,B2,7298
мошенничество,n,B2,7299
судорога,n,B2,7300
охлаждение,n,B2,7301
насильно,adv,C1,7302
богослужение,n,C2,7303
прижиматься,v,B2,7304
выбегать,v,B1,7305
проблематика,n,B2,7306
регистрировать,v,B2,7307
примирение,n,C1,7308
газон,n,B2,7309
тереть,v,B2,7310
прогуливаться,v,C1,7311
акустический,adj,B2,7312
выпускной,adj,C1,7313
избирать,v,B1,7314
вредить,v,B2,7315
спешка,n,B2,7316
переезжать,v,A2,7317
выживать,v,B2,7318
мириться,v,B2,7319
неравенство,n,B2,7320
одиннадцатый,num,A2,7321
великан,n,B2,7322
ров,n,C1,7323
бритва,n,A2,7324
раскачиваться,v,B2,7325
вытягивать,v,B1,7326
интерактивный,adj,B2,7327
послезавтра,adv,A2,7328
листать,v,B2,7329
жарить,v,A2,7330
розетка,n,A2,7331
обоснованный,adj,B2,7332
наименьший,adj,B1,7333
консул,n,A1,7334
четыреста,num,A1,7335
катастрофический,adj,B2,7336
усовершенствование,n,B2,7337
авторитарный,adj,B2,7338
пластик,n,B1,7339
мобилизовать,v,C1,7340
нацистский,adj,C1,7341
влюбляться,v,B1,7342
совместимый,adj,B2,7343
развлекательный,adj,B2,7344
капот,n,C1,7345
археологический,adj,B2,7346
динамичный,adj,B2,7347
директива,n,C2,7348
комбинезон,n,C2,7349
свекровь,n,B1,7350
настойчивость,n,B2,7351
приговаривать,v,B2,7352
вглубь,adv,C1,7353
прокладка,n,A1,7354
рабочий день,mwe,B1,7355
расстреливать,v,B2,7356
триумф,n,C1,7357
спереди,adv,A2,7358
вверху,adv,A2,7359
дистрибьютор,n,C1,7360
идол,n,C2,7361
изобразительный,adj,B2,7362
размножение,n,B2,7363
сенсация,n,B2,7364
химик,n,B2,7365
тапочки,n,A2,7366
наклоняться,v,B1,7367
врываться,v,B2,7368
исповедовать,v,C1,7369
клип,n,B1,7370
насмерть,adv,B2,7371
синтетический,adj,B2,7372
оберегать,v,C1,7373
продвигать,v,C1,7374
загонять,v,C2,7375
буддизм,n,B1,7376
взрываться,v,B1,7377
продуктивный,adj,C1,7378
сдержанный,adj,B2,7379
муниципалитет,n,B2,7380
подделка,n,B2,7381
устранять,v,B2,7382
манипулировать,v,B2,7383
шествие,n,C1,7384
аэс,n,B2,7385
натягивать,v,B2,7386
нововведение,n,C1,7387
покаяние,n,C2,7388
шарф,n,A2,7389
алкоголизм,n,B2,7390
декан,n,A2,7391
забираться,v,B2,7392
экстренный,adj,B1,7393
дипломатия,n,B2,7394
затруднять,v,C1,7395
гражданка,n,A1,7396
квитанция,n,B1,7397
волокно,n,B2,7398
профсоюзный,adj,C1,7399
информатика,n,B2,7400
катить,v,B2,7401
затягивать,v,C1,7402
вдалеке,adv,C1,7403
манифест,n,C2,7404
избивать,v,B2,7405
нацист,n,B2,7406
выступ,n,C1,7407
попутчик,n,B2,7408
сверток,n,C1,7409
идентичный,adj,B2,7410
напрашиваться,v,C2,7411
совершенствовать,v,C1,7412
произношение,n,B1,7413
тошнить,v,B1,7414
цыпленок,n,B1,7415
свирепый,adj,C1,7416
успокаиваться,v,B1,7417
гол,n,A2,7418
пепельница,n,A2,7419
авиакомпания,n,B1,7420
гардероб,n,B1,7421
заносить,v,C1,7422
проваливаться,v,C1,7423
бумажник,n,A2,7424
тренировать,v,B1,7425
дорожить,v,C2,7426
ностальгия,n,B2,7427
изнасиловать,v,B2,7428
сливки,n,A1,7429
чрезмерно,adv,C1,7430
сплетня,n,B2,7431
в противном случае,mwe,C1,7432
дочерний,adj,C1,7433
урон,n,C2,7434
бессонница,n,B2,7435
итого,adv,B2,7436
отрабатывать,v,C1,7437
маршрутка,n,A2,7438
плотина,n,C1,7439
закладывать,v,B2,7440
ожог,n,B2,7441
ножницы,n,B1,7442
мстить,v,B2,7443
преувеличивать,v,B2,7444
бездомный,adj,B2,7445
насос,n,B2,7446
невзирая,adv,C2,7447
высылать,v,C1,7448
радикально,adv,C1,7449
профилактический,adj,B1,7450
безжалостный,adj,B2,7451
хриплый,adj,B2,7452
овладевать,v,C1,7453
котлета,n,B1,7454
динамик,n,B2,7455
забеременеть,v,B2,7456
неловкий,adj,C2,7457
ассистент,n,B2,7458
лицей,n,C1,7459
патологический,adj,C1,7460
прилетать,v,A2,7461
социалист,n,C1,7462
разговорный,adj,B1,7463
растительность,n,C1,7464
запятая,n,A1,7465
вязать,v,B2,7466
вдохновлять,v,C1,7467
сменять,v,C1,7468
циничный,adj,C1,7469
альпинист,n,B2,7470
напрягаться,v,B2,7471
куб,n,B2,7472
огорчение,n,B2,7473
материться,v,C1,7474
электорат,n,C1,7475
очарование,n,B2,7476
смешивать,v,B1,7477
моча,n,B2,7478
двусторонний,adj,C1,7479
панк,n,C1,7480
развивающийся,adj,B2,7481
наравне,adv,C2,7482
водород,n,B2,7483
фараон,n,C1,7484
преждевременный,adj,C1,7485
возводить,v,C2,7486
миллиграмм,n,B2,7487
мультимедийный,adj,B2,7488
мятеж,n,B2,7489
пробивать,v,C1,7490
оспаривать,v,C1,7491
лояльность,n,C2,7492
расслабляться,v,B1,7493
прогонять,v,B2,7494
программное обеспечение,mwe,B2,7495
шестерка,n,B1,7496
вкратце,adv,C2,7497
познавать,v,C2,7498
прерываться,v,C1,7499
трос,n,C1,7500
шорты,n,A2,7501
дворянство,n,B2,7502
терпеливый,adj,B1,7503
лентяй,n,B2,7504
горсть,n,C1,7505
логотип,n,C1,7506
ударение,n,A1,7507
колготки,n,A2,7508
сносить,v,B2,7509
конъюнктура,n,C1,7510
красть,v,B2,7511
внедрять,v,C1,7512
ремонтировать,v,B1,7513
голодовка,n,B1,7514
доверенность,n,B2,7515
подозреваемый,n,B2,7516
черпать,v,C2,7517
совмещать,v,B2,7518
шлюха,n,C1,7519
миллилитр,n,B2,7520
лотерея,n,B2,7521
распознавать,v,B2,7522
вестибюль,n,C1,7523
изобретать,v,B2,7524
противиться,v,B2,7525
озабоченность,n,C1,7526
самодельный,adj,B2,7527
шестеро,num,A2,7528
средства массовой информации,mwe,B1,7529
изгиб,n,C1,7530
взаимоотношения,n,B2,7531
волосатый,adj,B2,7532
перевозить,v,B2,7533
желательный,adv,B2,7534
истекать,v,B2,7535
беспрецедентный,adj,C1,7536
тридцатый,num,A2,7537
вонять,v,B2,7538
непредвиденный,adj,C1,7539
добросовестный,adj,B2,7540
развлекать,v,B2,7541
дельфин,n,B2,7542
прослушивание,n,C1,7543
критически,adv,B2,7544
похищение,n,B2,7545
стационарный,adj,B2,7546
им,pron,A1,7547
сигнализация,n,B1,7548
транзит,n,B1,7549
знакомить,v,B2,7550
надоедать,v,B1,7551
взрывной,adj,B2,7552
аксессуар,n,B2,7553
второе,n,A2,7554
пианино,n,A2,7555
девятнадцать,num,A1,7556
премьер-министр,n,A2,7557
вышеупомянутый,adj,C2,7558
тесть,n,B1,7559
удовлетворительный,adj,B1,7560
националистический,adj,C1,7561
стирка,n,B1,7562
люстра,n,B2,7563
несуществующий,adj,B2,7564
позавчера,adv,A2,7565
реферат,n,B2,7566
застройка,n,C2,7567
уловка,n,C2,7568
физкультура,n,B2,7569
застой,n,C1,7570
дискомфорт,n,B2,7571
натыкаться,v,C1,7572
канун,n,C2,7573
мультфильм,n,A2,7574
продление,n,B1,7575
разворачивать,v,B1,7576
арендовать,v,A2,7577
наушники,n,B1,7578
сосиска,n,A1,7579
руины,n,C1,7580
активизировать,v,B2,7581
существительное,n,B2,7582
невестка,n,B1,7583
сексуальность,n,B2,7584
ликовать,v,C2,7585
прославиться,v,B2,7586
выходка,n,C2,7587
зародыш,n,B2,7588
несовершенный,adj,A2,7589
вождение,n,B2,7590
усаживаться,v,B2,7591
онлайн,adj,B1,7592
недействительный,adj,B2,7593
загружать,v,B2,7594
выгонять,v,B2,7595
любительский,adj,B2,7596
империализм,n,C1,7597
вице-президент,n,B2,7598
гнаться,v,B2,7599
гуманный,adj,B2,7600
риторический,adj,C2,7601
батарейка,n,A2,7602
набираться,v,C2,7603
запор,n,B2,7604
практичный,adj,B2,7605
захватчик,n,C1,7606
хоккей,n,A1,7607
егэ,n,B2,7608
грешить,v,C1,7609
кратковременный,adj,B2,7610
спотыкаться,v,C1,7611
великолепие,n,C2,7612
спекуляция,n,C1,7613
земледелие,n,B2,7614
досье,n,C1,7615
ловкость,n,C1,7616
пересадка,n,B2,7617
проституция,n,B2,7618
кубический,adj,B2,7619
практиковаться,v,B1,7620
гинеколог,n,C1,7621
карикатура,n,B2,7622
булочка,n,A2,7623
провозглашать,v,C1,7624
пропагандировать,v,C1,7625
допрашивать,v,B2,7626
ангар,n,C1,7627
вырывать,v,C1,7628
бардак,n,C2,7629
геноцид,n,B2,7630
графа,n,B2,7631
затягиваться,v,C1,7632
антибиотик,n,B1,7633
доносить,v,B2,7634
рассеянный,adj,B2,7635
макароны,n,A1,7636
приставка,n,A2,7637
соревноваться,v,A2,7638
запоминаться,v,B2,7639
гигиена,n,B1,7640
хвастаться,v,B2,7641
макет,n,B2,7642
выдох,n,B1,7643
морковь,n,A1,7644
стричь,v,B1,7645
борщ,n,A2,7646
улавливать,v,C1,7647
въезжать,v,A2,7648
парикмахер,n,B1,7649
потный,adj,B2,7650
раздача,n,C1,7651
влезать,v,B2,7652
избавляться,v,B2,7653
транслировать,v,B2,7654
разбиваться,v,B1,7655
набивать,v,C2,7656
семестр,n,B1,7657
парковка,n,B1,7658
наводнение,n,B2,7659
калория,n,B2,7660
держатель,n,C1,7661
народность,n,C1,7662
тайм,n,B2,7663
гасить,v,B1,7664
аванс,n,B2,7665
навигация,n,C2,7666
гостеприимство,n,B1,7667
татуировка,n,B2,7668
лишаться,v,C1,7669
завязывать,v,B1,7670
оптика,n,B2,7671
взрывать,v,B1,7672
диалект,n,B2,7673
кашлять,v,A2,7674
кинофильм,n,A2,7675
выбивать,v,C2,7676
шестидесятый,num,A2,7677
усмехаться,v,C1,7678
взрывчатка,n,B2,7679
святилище,n,C2,7680
советоваться,v,B1,7681
канализация,n,C1,7682
пирожное,n,A1,7683
притязание,n,C2,7684
вакцина,n,C1,7685
расставлять,v,B1,7686
залезать,v,B2,7687
переворачивать,v,B2,7688
припоминать,v,C2,7689
жемчужина,n,B2,7690
пила,v,C1,7691
копить,v,B2,7692
телекоммуникационный,adj,B2,7693
лживый,adj,B2,7694
рентабельность,n,B2,7695
сканер,n,B2,7696
астма,n,B2,7697
вставка,n,B2,7698
датировать,v,B2,7699
финиш,n,B2,7700
износ,n,C1,7701
корреспонденция,n,B2,7702
прямоугольник,n,B2,7703
замерзать,v,A2,7704
рулить,v,B2,7705
разделяться,v,B2,7706
влажность,n,B2,7707
реализовывать,v,B2,7708
азбука,n,A1,7709
фейерверк,n,B2,7710
прорываться,v,C1,7711
дружелюбный,adj,B1,7712
стрижка,n,B1,7713
вышестоящий,adj,C1,7714
пытать,v,C1,7715
рыться,v,C2,7716
генерировать,v,B2,7717
отыскивать,v,C1,7718
кассир,n,A1,7719
всесторонний,adj,B2,7720
куратор,n,C1,7721
местоположение,n,C1,7722
злоупотреблять,v,B2,7723
мирской,adj,C1,7724
подписываться,v,B2,7725
принуждать,v,B2,7726
семидесятый,num,A2,7727
в глубине души,mwe,C2,7728
эскалатор,n,A1,7729
упрямство,n,B2,7730
горевать,v,C1,7731
обобщать,v,C1,7732
спонтанный,adj,C1,7733
одноразовый,adj,A2,7734
в прошлый раз,mwe,B2,7735
чеснок,n,A1,7736
галочка,n,A2,7737
беглец,n,B2,7738
подчинять,v,C2,7739
предпочтительный,adj,C1,7740
карабкаться,v,C2,7741
йогурт,n,A1,7742
систематически,adv,B2,7743
парикмахерская,n,A2,7744
преобладание,n,B2,7745
истощение,n,C1,7746
возмездие,n,C2,7747
вскрывать,v,B2,7748
пожизненный,adj,B2,7749
поручать,v,B2,7750
крестить,v,C1,7751
хирургия,n,B2,7752
динозавр,n,B2,7753
подхватывать,v,C1,7754
предчувствовать,v,B2,7755
иудаизм,n,B1,7756
подключать,v,B2,7757
авторство,n,C1,7758
расовый,adj,B2,7759
стюардесса,n,B1,7760
погружать,v,B2,7761
благоустройство,n,C1,7762
бабки,n,B1,7763
испортиться,v,B1,7764
терпимость,n,C1,7765
ухудшаться,v,B1,7766
ссуда,n,C1,7767
суеверие,n,B2,7768
терапевтический,adj,C1,7769
ударять,v,B1,7770
ограбление,n,B2,7771
пицца,n,A1,7772
суверенный,adj,C1,7773
пешеходный,adj,A1,7774
антисемитизм,n,C1,7775
дождливый,adj,B1,7776
полугодие,n,B2,7777
отключать,v,B1,7778
неисправность,n,B1,7779
нюхать,v,B1,7780
сыпать,v,B2,7781
заезжать,v,B2,7782
бойня,n,B2,7783
приучать,v,C1,7784
утрачивать,v,C1,7785
чесать,v,B2,7786
угадывать,v,B1,7787
лен,n,B2,7788
дробь,n,B1,7789
десерт,n,A2,7790
кровотечение,n,B1,7791
пари,n,B2,7792
ускорять,v,B2,7793
топтать,v,C1,7794
кукуруза,n,B2,7795
гостеприимный,adj,B1,7796
вкладчик,n,B2,7797
соискатель,n,B2,7798
картон,n,B2,7799
хостинг,n,B2,7800
завоевывать,v,B2,7801
восьмидесятый,num,A2,7802
общительный,adj,B1,7803
простуда,n,B1,7804
бинт,n,A2,7805
аттракцион,n,B2,7806
выключатель,n,A1,7807
конкурентоспособный,adj,B2,7808
ослаблять,v,B2,7809
росток,n,B2,7810
враждебность,n,B2,7811
бестолковый,adj,C2,7812
гель,n,A1,7813
семеро,num,B1,7814
спикер,n,B2,7815
целиться,v,C1,7816
пинать,v,C2,7817
расходовать,v,B2,7818
откликаться,v,C1,7819
заглавие,n,A2,7820
пересказывать,v,A2,7821
шестьсот,num,A1,7822
заграница,n,C1,7823
членство,n,B2,7824
приватизировать,v,C1,7825
распродажа,n,A2,7826
головокружение,n,B2,7827
портативный,adj,B2,7828
творог,n,B1,7829
упрощать,v,B2,7830
сметана,n,A1,7831
сенсорный,adj,B2,7832
фаворит,n,C2,7833
аплодировать,v,B1,7834
донос,n,B2,7835
реструктуризация,n,C1,7836
проблематичный,adj,C1,7837
рассчитываться,v,B2,7838
анальный,adj,C1,7839
комикс,n,A2,7840
противопоставлять,v,C1,7841
несогласие,n,B2,7842
забрасывать,v,C1,7843
локализация,n,C2,7844
табу,n,B2,7845
мерзнуть,v,B1,7846
мерить,v,B1,7847
атмосферный,adj,B2,7848
обвал,n,C1,7849
спортзал,n,A2,7850
донор,n,B2,7851
разводиться,v,A2,7852
мочить,v,B1,7853
еженедельник,n,B2,7854
мандат,n,C1,7855
пресный,adj,B1,7856
вдвойне,adv,C1,7857
девятнадцатый,num,A2,7858
каток,n,B1,7859
обновлять,v,B2,7860
гравитация,n,B2,7861
баскетбол,n,A1,7862
выкидывать,v,A2,7863
семерка,n,B1,7864
расследовать,v,B2,7865
посредничество,n,C1,7866
рвение,n,C2,7867
капюшон,n,B2,7868
хуй,n,B2,7869
бутик,n,B2,7870
недооценивать,v,B2,7871
иронический,adj,B2,7872
отправитель,n,A1,7873
ветеринар,n,B2,7874
дебют,n,C1,7875
детеныш,n,C1,7876
семнадцатый,num,A2,7877
аська,n,B2,7878
закреплять,v,B2,7879
стажировка,n,B2,7880
усыпать,v,B2,7881
рвота,n,B2,7882
тестировать,v,B2,7883
предавать,v,B2,7884
разбрасывать,v,C1,7885
присваивать,v,B2,7886
цемент,n,C1,7887
девяностый,num,A2,7888
трудолюбивый,adj,B1,7889
сушить,v,B1,7890
засовывать,v,C1,7891
купальник,n,A2,7892
взвешивать,v,B1,7893
гольф,n,B1,7894
усваивать,v,B2,7895
жребий,n,C2,7896
загорать,v,B1,7897
удерживаться,v,B2,7898
компетентность,n,B2,7899
стеллаж,n,B2,7900
предостережение,n,C1,7901
акцентировать,v,C2,7902
дилемма,n,C2,7903
в прямом эфире,mwe,B1,7904
реалистический,adj,C1,7905
девственница,n,C1,7906
зной,n,B2,7907
классифицировать,v,B2,7908
равномерный,adj,B2,7909
списывать,v,B2,7910
лицемерие,n,B2,7911
отображать,v,C1,7912
сотый,num,A2,7913
человечность,n,B2,7914
чудесно,adv,B1,7915
предубеждение,n,C1,7916
аномалия,n,B2,7917
пятидесятый,num,A2,7918
нестерпимый,adj,C1,7919
антикварный,adj,B2,7920
метеорит,n,B2,7921
электрик,n,B2,7922
выносливость,n,B2,7923
катать,v,B2,7924
непогода,n,C1,7925
консенсус,n,C2,7926
зонт,n,A2,7927
равноправие,n,B2,7928
предотвращать,v,B2,7929
втягивать,v,C1,7930
нажим,n,B2,7931
умываться,v,A1,7932
шампунь,n,A1,7933
персик,n,B1,7934
изготавливать,v,B2,7935
иммиграция,n,B2,7936
перемещать,v,B2,7937
девятьсот,num,A1,7938
наезжать,v,C1,7939
налаживать,v,C1,7940
суматоха,n,C2,7941
смс,n,A2,7942
обрушиваться,v,C1,7943
произвольно,adv,C1,7944
координировать,v,B2,7945
кальций,n,C1,7946
воздерживаться,v,B2,7947
пробуждать,v,C2,7948
переделывать,v,B2,7949
мятежник,n,C1,7950
свекла,n,A2,7951
прилагательное,n,A2,7952
в общей сложности,mwe,B2,7953
оптимистический,adj,B2,7954
вращать,v,B1,7955
девятка,n,B1,7956
клик,n,B2,7957
квас,n,B1,7958
царствовать,v,C2,7959
пижама,n,A1,7960
оканчивать,v,B2,7961
отделяться,v,B2,7962
кавычка,n,A2,7963
клубника,n,A2,7964
закуривать,v,B1,7965
худеть,v,B2,7966
осмеливаться,v,C1,7967
лифчик,n,A1,7968
хрусталь,n,B2,7969
спазм,n,B2,7970
бриться,v,A1,7971
награждать,v,B1,7972
инвалидность,n,B2,7973
столбец,n,B2,7974
империалистический,adj,C1,7975
сваливать,v,C1,7976
падеж,n,A1,7977
конфиденциальный,adj,B2,7978
экспортировать,v,B2,7979
модернизировать,v,B2,7980
распахивать,v,C1,7981
вычислять,v,B2,7982
застывать,v,B2,7983
матовый,adj,B2,7984
понос,n,A2,7985
кокаин,n,B2,7986
вдребезги,adv,C2,7987
наследовать,v,B2,7988
свинина,n,A1,7989
мазать,v,B2,7990
процессуальный,adj,C1,7991
миллионный,num,A2,7992
круглосуточный,adj,B2,7993
черновик,n,B1,7994
сороковой,num,A2,7995
четырнадцатый,num,A2,7996
вратарь,n,B1,7997
расизм,n,B2,7998
вмещать,v,B2,7999
сливочный,adj,A2,8000
инсульт,n,B2,8001
подслушивать,v,C1,8002
подготавливать,v,B1,8003
дизель,n,C1,8004
насморк,n,A2,8005
обрезание,n,C2,8006
смягчать,v,C2,8007
тринадцатый,num,A2,8008
храпеть,v,B2,8009
пятнадцатый,num,A2,8010
потеть,v,B1,8011
озноб,n,B2,8012
восемнадцатый,num,A2,8013
дымить,v,C1,8014
конфискация,n,C1,8015
шестнадцатый,num,A2,8016
перехватывать,v,C1,8017
головоломка,n,B2,8018
категорический,adj,C1,8019
перекладина,n,C2,8020
вычет,n,B2,8021
воздержание,n,C1,8022
консультативный,adj,C1,8023
тушить,v,B2,8024
вторгаться,v,C1,8025
реакционный,adj,C1,8026
гетто,n,C1,8027
пизда,n,B2,8028
юзер,n,B1,8029
гласный,adj,A1,8030
аббревиатура,n,B2,8031
программировать,v,B1,8032
извещение,n,B2,8033
задумывать,v,B2,8034
прикреплять,v,B1,8035
обосновывать,v,B2,8036
гепатит,n,B2,8037
честолюбие,n,B2,8038
униформа,n,B2,8039
сотка,n,C2,8040
передвигать,v,B1,8041
резюмировать,v,B2,8042
холостяк,n,B2,8043
немка,n,A1,8044
бодрствовать,v,B1,8045
оптимистичный,adj,B2,8046
кинематографический,adj,C1,8047
распускать,v,C1,8048
раздевалка,n,B2,8049
экономичный,adj,B2,8050
продуктивность,n,B2,8051
эколог,n,B2,8052
заворачивать,v,A2,8053
напиваться,v,B2,8054
удостоверять,v,B2,8055
ингредиент,n,C1,8056
автоответчик,n,B1,8057
наниматель,n,C1,8058
венчать,v,C2,8059
фармацевтический,adj,B2,8060
простудиться,v,B1,8061
избавлять,v,C1,8062
разливаться,v,B2,8063
причастие,n,A2,8064
арестовывать,v,B2,8065
зажимать,v,B2,8066
доживать,v,C1,8067
позапрошлый,adj,B1,8068
менструация,n,B2,8069
апелляция,n,C1,8070
вопросительный,adj,A1,8071
брызгать,v,B2,8072
расстраивать,v,B2,8073
председательство,n,B2,8074
аргументировать,v,B2,8075
дотация,n,B2,8076
заверять,v,B2,8077
ожирение,n,B2,8078
невежественный,adj,C2,8079
покрышка,n,B2,8080
дисциплинарный,adj,C1,8081
честолюбивый,adj,B2,8082
вовлекать,v,C2,8083
местоимение,n,A1,8084
эмбрион,n,B2,8085
ратификация,n,C1,8086
сковорода,n,A2,8087
многоэтажный,adj,A2,8088
копченый,adj,B2,8089
приземляться,v,A2,8090
консультирование,n,B2,8091
заваливать,v,C2,8092
благоприятствовать,v,C2,8093
маркировка,n,B2,8094
продумывать,v,B2,8095
сноска,n,B2,8096
заговаривать,v,B1,8097
кило,n,A1,8098
логин,n,B1,8099
покорять,v,C2,8100
обусловливать,v,C1,8101
комбинировать,v,C1,8102
сливать,v,C1,8103
увольнять,v,B1,8104
сосуществовать,v,C1,8105
фитнес,n,A2,8106
млекопитающее,n,B2,8107
чередование,n,B2,8108
дыня,n,A2,8109
придираться,v,C2,8110
эластичный,adj,B2,8111
усердный,adj,B2,8112
умышленный,adj,C1,8113
застревать,v,B2,8114
круиз,n,B2,8115
концентрировать,v,C1,8116
семьсот,num,A1,8117
ксенофобия,n,B2,8118
женственный,adj,B2,8119
крытый,adj,C1,8120
исчерпывать,v,B2,8121
импортировать,v,B2,8122
суффикс,n,B2,8123
маршировать,v,C2,8124
напоказ,adv,C2,8125
противодействовать,v,C2,8126
ясли,n,B1,8127
зажиточный,adj,C2,8128
подбадривать,v,B2,8129
осадки,n,B1,8130
взрослеть,v,B1,8131
брать на себя,mwe,C1,8132
экстремист,n,C1,8133
мять,v,C1,8134
штатский,adj,C2,8135
страховать,v,B1,8136
извещать,v,B2,8137
посыльный,n,C2,8138
префектура,n,B2,8139
волейбол,n,A1,8140
тюбик,n,B1,8141
щипать,v,C2,8142
восемьсот,num,A1,8143
буханка,n,B2,8144
самоуверенность,n,B2,8145
умножать,v,A2,8146
пластмасса,n,B2,8147
аллергический,adj,B1,8148
помост,n,C2,8149
гомосексуализм,n,B2,8150
ввозить,v,B2,8151
клеить,v,B1,8152
библиография,n,B2,8153
засуха,n,B2,8154
разоружение,n,B2,8155
автострада,n,B2,8156
режиссура,n,C1,8157
ассоциировать,v,B2,8158
мандарин,n,A2,8159
обоняние,n,B2,8160
гвоздика,n,C1,8161
алиби,n,B2,8162
угнетение,n,C1,8163
транскрипция,n,A1,8164
приоткрывать,v,B2,8165
сленг,n,B2,8166
гипертония,n,B2,8167
гомосексуальный,adj,B1,8168
оса,n,B2,8169
сиська,n,B2,8170
воззвание,n,C2,8171
раскаиваться,v,B2,8172
вето,n,C1,8173
согласовывать,v,C1,8174
банкнота,n,B2,8175
аннулировать,v,B2,8176
бесшумный,adj,B2,8177
как бы ни,mwe,C1,8178
санкционировать,v,C1,8179
чаевые,n,A2,8180
суммировать,v,B2,8181
подметать,v,B2,8182
пресс-конференция,n,B2,8183
моросить,v,B2,8184
холестерин,n,B2,8185
заставать,v,B2,8186
настенный,adj,B2,8187
созревать,v,C1,8188
онанизм,n,C1,8189
тысячный,num,A2,8190
выздоравливать,v,B1,8191
намечать,v,B2,8192
возбуждаться,v,C1,8193
бюстгальтер,n,B1,8194
образовываться,v,B2,8195
надрываться,v,C2,8196
позже,adj,A2,8197
приподнимать,v,B2,8198
молоть,v,B2,8199
порнографический,adj,B2,8200
циркулировать,v,B2,8201
ту,pron,A1,8202
продлевать,v,B1,8203
опрокидывать,v,B2,8204
реформировать,v,B2,8205
чертить,v,B2,8206
зависать,v,B2,8207
повествовательный,adj,B2,8208
съезжать,v,B2,8209
унывать,v,C2,8210
боулинг,n,B1,8211
сосредоточиваться,v,B2,8212
консультировать,v,B1,8213
вышивать,v,B2,8214
женить,v,C1,8215
отвозить,v,A2,8216
переспрашивать,v,A2,8217
выдыхать,v,B1,8218
восклицательный,adj,A1,8219
застежка,n,B1,8220
возобновлять,v,B2,8221
мочиться,v,B2,8222
связный,adj,B2,8223
опрашивать,v,B2,8224
укрывать,v,B2,8225
втыкать,v,C2,8226
пластырь,n,A2,8227
основывать,v,B2,8228
дискутировать,v,C1,8229
ранимый,adj,C1,8230
смайлик,n,B1,8231
банкомат,n,A1,8232
высасывать,v,B2,8233
по-старому,adv,B2,8234
сортировать,v,B2,8235
столяр,n,B2,8236
прописывать,v,B1,8237
преуспевать,v,B2,8238
префект,n,B2,8239
аккаунт,n,B1,8240
жалюзи,n,A2,8241
хладнокровный,adj,B2,8242
растрогать,v,C1,8243
затыкать,v,C2,8244
восхвалять,v,C2,8245
загрязнять,v,B2,8246
конвертировать,v,B2,8247
неполадка,n,B2,8248
помилование,n,B2,8249
дорожать,v,B1,8250
приправа,n,B1,8251
нахальный,adj,C1,8252
новаторский,adj,C2,8253
сталинизм,n,C1,8254
поститься,v,C1,8255
гениталии,n,B2,8256
сыпь,n,C1,8257
демонстрант,n,B2,8258
злокачественный,adj,C1,8259
клевый,adj,C1,8260
та,pron,A1,8261
консультироваться,v,B1,8262
родинка,n,B2,8263
сигнализировать,v,B2,8264
кожура,n,B2,8265
породистый,adj,B2,8266
гелий,n,B2,8267
загораживать,v,B2,8268
пороть,v,B2,8269
спячка,n,C1,8270
срать,v,C1,8271
чипсы,n,B1,8272
комиссариат,n,C2,8273
деканат,n,A2,8274
напрямик,adv,C2,8275
прачечная,n,B1,8276
выпечка,n,B2,8277
локализовать,v,B2,8278
декламировать,v,C1,8279
насмехаться,v,C1,8280
горчица,n,B1,8281
дисковод,n,B2,8282
экономный,adj,B1,8283
скептический,adj,C1,8284
проглатывать,v,B1,8285
циркуляция,n,B2,8286
уплотнение,n,C1,8287
викторина,n,B1,8288
развязывать,v,B1,8289
заражать,v,B2,8290
починка,n,B1,8291
злить,v,B2,8292
активировать,v,B2,8293
венерический,adj,B2,8294
целеустремленный,adj,B2,8295
искалечить,v,C1,8296
тухлый,adj,B2,8297
скачивать,v,B1,8298
ископаемый,adj,B2,8299
теологический,adj,C2,8300
противозачаточный,adj,B2,8301
полька,n,A1,8302
девальвация,n,C1,8303
пристройка,n,C1,8304
иронизировать,v,C1,8305
реализовываться,v,B2,8306
афера,n,C1,8307
развешивать,v,B1,8308
монтировать,v,B2,8309
ожидаемый,adj,B2,8310
зрелищный,adj,C1,8311
токсичный,adj,B2,8312
безналичный,adj,B1,8313
бензоколонка,n,B1,8314
ракетка,n,B1,8315
суицид,n,B2,8316
тролль,n,C1,8317
заразный,adj,B2,8318
коллекционировать,v,B1,8319
разочаровывать,v,B2,8320
кипятить,v,B1,8321
роспуск,n,C1,8322
предопределять,v,C2,8323
пиксел,n,B1,8324
выкупать,v,B2,8325
тщеславный,adj,B2,8326
подвинуться,v,B1,8327
допинг,n,B2,8328
нагружать,v,B2,8329
деспотизм,n,C1,8330
сваливаться,v,C1,8331
отклонять,v,C1,8332
рассеянность,n,B2,8333
лицемерный,adj,B2,8334
мошонка,n,C2,8335
одышка,n,C1,8336
резня,n,C1,8337
сгибать,v,B1,8338
повисать,v,C1,8339
антагонизм,n,C1,8340
квартплата,n,A2,8341
турникет,n,A2,8342
тире,n,B2,8343
увольняться,v,B2,8344
ланч,n,C1,8345
предрасположенность,n,C1,8346
сыворотка,n,B2,8347
абонемент,n,B1,8348
взламывать,v,B2,8349
где-либо,adv,B2,8350
жалить,v,B2,8351
заваривать,v,B2,8352
протеин,n,B2,8353
сплоченность,n,C2,8354
изумлять,v,C1,8355
встряхивать,v,B2,8356
гармонировать,v,B2,8357
сберегательный,adj,B2,8358
застенчивость,n,B2,8359
рептилия,n,B2,8360
дозировка,n,B2,8361
дидактический,adj,C1,8362
вербовать,v,C2,8363
клиентура,n,B2,8364
вычеркивать,v,B1,8365
зачислять,v,B2,8366
переносной,adj,B2,8367
высаживаться,v,C1,8368
домогаться,v,C2,8369
воодушевлять,v,C1,8370
сноуборд,n,B1,8371
внедорожник,n,C1,8372
лобок,n,C1,8373
жакет,n,C2,8374
плательщик,n,B1,8375
складной,adj,B2,8376
выслеживать,v,C1,8377
бронировать,v,B1,8378
флиртовать,v,B2,8379
правописание,n,B1,8380
сокурсник,n,B2,8381
веб,n,B1,8382
неверность,n,B2,8383
расистский,adj,B1,8384
иностранка,n,A1,8385
оповещать,v,B2,8386
извинять,v,B1,8387
охрипнуть,v,B2,8388
предохранение,n,B2,8389
кофеварка,n,A2,8390
наволочка,n,A2,8391
осязание,n,B1,8392
запаздывать,v,B2,8393
гарнир,n,A2,8394
упаковывать,v,A2,8395
европарламент,n prop,B2,8396
многоточие,n,B2,8397
предшествующий,adj,B2,8398
детсад,n,B1,8399
вдовец,n,A1,8400
бронирование,n,B1,8401
выпрямляться,v,B1,8402
пенальти,n,B1,8403
передозировка,n,B2,8404
преобразовывать,v,B2,8405
броский,adj,C2,8406
проглядеть,v,C1,8407
маклер,n,C2,8408
училка,n,C2,8409
самообразование,n,B2,8410
расчесывать,v,B2,8411
краситься,v,B2,8412
укроп,n,B2,8413
слизистая,n,B2,8414
судоходство,n,C1,8415
нервировать,v,B2,8416
растяжение,n,B2,8417
предохраняться,v,B2,8418
замороженный,adj,A2,8419
растворять,v,B2,8420
новаторство,n,C2,8421
пельмени,n,A2,8422
компрометировать,v,C1,8423
законченный,adj,B2,8424
единодушие,n,C1,8425
встраивать,v,B2,8426
км,n,A1,8427
заросли,n,C1,8428
продвинутый,v,C1,8429
зубрить,v,B1,8430
обменивать,v,B1,8431
жестикуляция,n,B2,8432
эмбарго,n,B2,8433
запутывать,v,C1,8434
солить,v,A2,8435
фокусировать,v,B2,8436
сосредоточивать,v,C1,8437
поселяться,v,C1,8438
невразумительный,adj,C2,8439
гной,n,B2,8440
наставать,v,B1,8441
сейсмический,adj,B2,8442
задержанный,n,B2,8443
склонение,n,B2,8444
сожитель,n,C1,8445
химчистка,n,A2,8446
вместимость,n,B2,8447
парниковый,adj,B2,8448
смиряться,v,C1,8449
взглядывать,v,B2,8450
предусмотрительность,n,C1,8451
недосмотр,n,C2,8452
мопед,n,B1,8453
эта,pron,A1,8454
порывать,v,C2,8455
ржаветь,v,B2,8456
гетеросексуальный,adj,B2,8457
пристрастный,adj,C1,8458
бастовать,v,B2,8459
очаровывать,v,C1,8460
угождать,v,C2,8461
отзывать,v,C2,8462
паркинг,n,A2,8463
распространенный,adj,B2,8464
возделывать,v,C2,8465
прибивать,v,B1,8466
двоеточие,n,B2,8467
удваивать,v,B2,8468
компакт-диск,n,B1,8469
пылиться,v,B2,8470
подбивать,v,C2,8471
занятой,adj,B2,8472
совокупляться,v,B2,8473
коррелировать,v,B2,8474
междугородний,adj,A2,8475
видеоклип,n,B1,8476
пирсинг,n,B2,8477
приостанавливать,v,C1,8478
приспосабливать,v,B2,8479
эрогенный,adj,B2,8480
паковать,v,A2,8481
выкручивать,v,B2,8482
эвтаназия,n,B2,8483
сверхурочный,adj,C1,8484
изжога,n,B2,8485
разглашать,v,B2,8486
столбняк,n,C1,8487
пацифист,n,B2,8488
стелить,v,B2,8489
документировать,v,C1,8490
пунктуальный,adj,B2,8491
предъявитель,n,C1,8492
разъединять,v,B2,8493
проходимость,n,C2,8494
дезертировать,v,C1,8495
дисквалификация,n,B2,8496
педофил,n,B2,8497
языковый,adj,C2,8498
оттянуться,v,C2,8499
резь,n,C2,8500
отсутствующий,adj,B1,8501
бомбардировать,v,B2,8502
полкило,n,A1,8503
черешня,n,B1,8504
опознавать,v,B2,8505
двд,n,C2,8506
затрещина,n,C2,8507
кворум,n,C1,8508
велик,adj,C2,8509
изнашиваться,v,B2,8510
наряжать,v,B2,8511
поручитель,n,C1,8512
млн,abbr,A2,8513
гомик,n,C1,8514
шоппинг,n,A2,8515
обосраться,v,B2,8516
выкачивать,v,C1,8517
толкотня,n,C2,8518
кг,abbr,A1,8519
обогрев,n,B2,8520
помечать,v,B2,8521
жульничество,n,C2,8522
миллиардный,num,A2,8523
вничью,adv,B1,8524
невоспитанный,adj,B2,8525
испорченный,adj,B1,8526
квартиросъемщик,n,B2,8527
уравновешенный,adj,B2,8528
одалживать,v,B1,8529
пиктограмма,n,B2,8530
наедаться,v,B2,8531
преобладающий,v,C1,8532
чествование,n,C2,8533
незрячий,adj,B2,8534
упразднять,v,C2,8535
размешивать,v,B1,8536
лесбийский,adj,B1,8537
жеребьевка,n,B2,8538
вцепляться,v,C2,8539
бойкотировать,v,C1,8540
преуменьшать,v,C1,8541
приукрашивать,v,C1,8542
разлучаться,v,C2,8543
удостаивать,v,C2,8544
свататься,v,C1,8545
перекусывать,v,B1,8546
заплетать,v,C1,8547
подавленный,adj,C1,8548
тебе,pron,A1,8549
ей,pron,A1,8550
джемпер,n,A2,8551
отгадывать,v,A2,8552
резервировать,v,A2,8553
дешеветь,v,B1,8554
укорачивать,v,B2,8555
побивать,v,C2,8556
пресмыкающееся,n,B2,8557
единогласный,adj,B2,8558
автофокус,n,B2,8559
беспристрастность,n,C2,8560
именительный,adj,A1,8561
втискивать,v,C2,8562
деепричастие,n,B2,8563
оснащать,v,C1,8564
дециметр,n,A2,8565
попрошайничать,v,C1,8566
индикация,n,B2,8567
кадры,n,B2,8568
завладевать,v,C2,8569
гриль,n,A2,8570
авитаминоз,n,B2,8571
захватывающий,adj,B2,8572
родительный,adj,A2,8573
мэйл,n,B2,8574
выучивать,v,A1,8575
попкорн,n,A2,8576
предназначать,v,C1,8577
остужать,v,B1,8578
вымещать,v,C2,8579
конвертируемый,adj,B2,8580
блоггер,n,B1,8581
тобой,pron,A2,8582
нас,pron,A1,8583
зачерпывать,v,C1,8584
те,pron,A1,8585
шестисотый,num,A2,8586
сотворять,v,C1,8587
разведенный,adj,A1,8588
чей-нибудь,pron,B1,8589
антоним,n,A2,8590
разменивать,v,B1,8591
спортплощадка,n,A2,8592
средства,n,B2,8593
мне,pron,A1,8594
парковать,v,A2,8595
новосел,n,C1,8596
антитрестовский,adj,C1,8597
хватит,v,A2,8598
женоподобный,adj,C1,8599
аудирование,n,B1,8600
узаконивать,v,C1,8601
избалованный,adj,B2,8602
выдворять,v,C2,8603
притяжательный,adj,B1,8604
флешка,n,B1,8605
кока-кола,n,A1,8606
дательный,adj,A2,8607
винительный,adj,A2,8608
хуже,adj,A2,8609
архивировать,v,B2,8610
омоним,n,B2,8611
морепродукты,n,A2,8612
недоразвитость,n,C2,8613
воспаляться,v,B1,8614
всухомятку,adv,C2,8615
автоинспектор,n,B1,8616
мужеподобный,adj,C1,8617
скейтборд,n,B1,8618
беспроводной,adj,B2,8619
визировать,v,C1,8620
подворачивать,v,B2,8621
скайп,n,A2,8622
авторизоваться,v,B1,8623
залогиниться,v,B2,8624
творительный,adj,A2,8625
пригождаться,v,C2,8626
предложный,adj,A2,8627
свекр,n,B1,8628
нм,n,C2,8629
двухсотый,num,A2,8630
сандалии,n,A2,8631
растаможить,v,C1,8632
не замужем,adv,A1,8633
закрыто,adj,A1,8634
пятисотый,num,A2,8635
удочерять,v,B1,8636
мл,abbr,B2,8637
телевикторина,n,B1,8638
мг,n,B2,8639
трехсотый,num,A2,8640
прищемлять,v,C2,8641
пепси-кола,n,A1,8642
люди,n,A1,8643
проживающий,adj,B1,8644
семисотый,num,A2,8645
выматывающий,adj,B2,8646
девятисотый,adj,A2,8647
коньки,n,B1,8648
файлообменник,n,B2,8649
полномочия,n,C1,8650
дети,n,A1,8651
предки,n,B2,8652
четырехсотый,num,A2,8653
утром,adv,A2,8654
числительное,n,A2,8655
апартаменты,n,B1,8656
следует,v,B2,8657
испражнения,n,C1,8658
интернет-магазин,n,A2,8659
сбережения,n,B2,8660
сведения,n,B2,8661
антитела,n,C1,8662
объятия,n,C1,8663
беларусь,n prop,A1,8664
вид спорта,mwe,A1,8665
водительские права,mwe,A1,8666
время года,mwe,A1,8667
выходной день,mwe,A1,8668
головная боль,mwe,A1,8669
день недели,mwe,A1,8670
до свидания,excl,A1,8671
добро пожаловать,excl,A1,8672
домашнее задание,mwe,A1,8673
зубная паста,mwe,A1,8674
зубная щетка,mwe,A1,8675
идет дождь,mwe,A1,8676
идет снег,mwe,A1,8677
извините,v,A1,8678
как дела,mwe,A1,8679
книжный магазин,mwe,A1,8680
кредитная карта,mwe,A1,8681
маршрутное такси,mwe,A1,8682
место рождения,mwe,A1,8683
мобильный телефон,mwe,A1,8684
новый год,n prop,A1,8685
переводить,v,A1,8686
подземный переход,mwe,A1,8687
почтовый индекс,mwe,A1,8688
прошедшее время,mwe,A1,8689
скорая помощь,mwe,A1,8690
сотовый телефон,mwe,A1,8691
туфли,n,A1,8692
эти,pron,A1,8693
адрес электронной почты,mwe,A2,8694
брать в аренду,mwe,A2,8695
будьте здоровы,excl,A2,8696
ванная комната,mwe,A2,8697
взять такси,mwe,A2,8698
видеть сон,mwe,A2,8699
водить автомобиль,mwe,A2,8700
восьмисотый,num,A2,8701
выходить замуж,mwe,A2,8702
главная роль,mwe,A2,8703
делать покупки,mwe,A2,8704
день победы,mwe,A2,8705
детский сад,mwe,A2,8706
добрый вечер,excl,A2,8707
добрый день,excl,A2,8708
домашнее животное,mwe,A2,8709
дорожный знак,mwe,A2,8710
железная дорога,mwe,A2,8711
железнодорожная станция,mwe,A2,8712
записная книжка,mwe,A2,8713
зубная нить,mwe,A2,8714
играть роль,mwe,A2,8715
идти пешком,mwe,A2,8716
искать работу,mwe,A2,8717
компьютерная игра,mwe,A2,8718
который час,mwe,A2,8719
кроссовки,n,A2,8720
курс валют,mwe,A2,8721
легковой автомобиль,mwe,A2,8722
множественное число,mwe,A2,8723
новогодние каникулы,mwe,A2,8724
ночная рубашка,mwe,A2,8725
обращать внимание,mwe,A2,8726
передавать привет,mwe,A2,8727
питьевая вода,mwe,A2,8728
потому что,con,A2,8729
почтовая марка,mwe,A2,8730
почтовый ящик,mwe,A2,8731
рождество христово,mwe,A2,8732
с ... до ...,mwe,A2,8733
сдавать экзамен,mwe,A2,8734
спокойной ночи,excl,A2,8735
спортивная площадка,mwe,A2,8736
срок годности,mwe,A2,8737
срок действия,mwe,A2,8738
стиральная машина,mwe,A2,8739
стиральный порошок,mwe,A2,8740
субтитры,n,A2,8741
ток-шоу,n,A2,8742
туалетная бумага,mwe,A2,8743
ходить по магазинам,mwe,A2,8744
член семьи,mwe,A2,8745
чувствовать себя,mwe,A2,8746
электронная почта,mwe,A2,8747
автозаправочная станция,mwe,B1,8748
арендная плата,mwe,B1,8749
брать напрокат,mwe,B1,8750
веб-кошелек,n,B1,8751
веб-сайт,n,B1,8752
веб-страница,n,B1,8753
вести себя,mwe,B1,8754
визитная карточка,mwe,B1,8755
все время,mwe,B1,8756
все равно,mwe,B1,8757
выпуск новостей,mwe,B1,8758
высокая температура,mwe,B1,8759
высшее образование,mwe,B1,8760
высшее учебное заведение,mwe,B1,8761
выходные,n,B1,8762
глава семьи,mwe,B1,8763
горные лыжи,mwe,B1,8764
грудной ребенок,mwe,B1,8765
делать замечание,mwe,B1,8766
детская площадка,mwe,B1,8767
домашнее хозяйство,mwe,B1,8768
домашний кинотеатр,mwe,B1,8769
домашняя хозяйка,mwe,B1,8770
доска объявлений,mwe,B1,8771
е-мэйл,n,B1,8772
ездить на велосипеде,mwe,B1,8773
жевательная резинка,mwe,B1,8774
забивать гол,mwe,B1,8775
зарабатывать деньги,mwe,B1,8776
заработная плата,mwe,B1,8777
знак препинания,mwe,B1,8778
зубной врач,mwe,B1,8779
и ... и,con,B1,8780
иисус христос,n prop,B1,8781
или ... или,v,B1,8782
иметь право,mwe,B1,8783
интернет-кафе,n,B1,8784
интернет-страница,n,B1,8785
испытывать боль,mwe,B1,8786
испытывать жажду,mwe,B1,8787
испытывать стресс,mwe,B1,8788
карта памяти,mwe,B1,8789
клеящая лента,mwe,B1,8790
компьютерная мышь,mwe,B1,8791
марс,n prop,B1,8792
налоговая декларация,mwe,B1,8793
не хватать,v,B1,8794
несчастный случай,mwe,B1,8795
нтв,n prop,B1,8796
одна вторая,num,B1,8797
одна третья,mwe,B1,8798
папа римский,mwe,B1,8799
повышение цен,mwe,B1,8800
подавать заявление,mwe,B1,8801
подоходный налог,mwe,B1,8802
подходить к телефону,mwe,B1,8803
пожимать руку,mwe,B1,8804
потерять работу,mwe,B1,8805
приводить в порядок,mwe,B1,8806
принимать на работу,mwe,B1,8807
прогноз погоды,mwe,B1,8808
произведение искусства,mwe,B1,8809
рабочее время,mwe,B1,8810
рабочее место,mwe,B1,8811
с уважением,mwe,B1,8812
сдавать в аренду,mwe,B1,8813
словарный запас,mwe,B1,8814
служба занятости,mwe,B1,8815
снг,abbr,B1,8816
солнечные очки,mwe,B1,8817
спать с кем-либо,mwe,B1,8818
специи,n,B1,8819
ставить печать,mwe,B1,8820
съемная квартира,mwe,B1,8821
то есть,mwe,B1,8822
тот же,adj,B1,8823
трудовая книжка,mwe,B1,8824
экологически чистый,mwe,B1,8825
амбиции,n,B2,8826
база данных,mwe,B2,8827
брать интервью,mwe,B2,8828
в пьяном виде,mwe,B2,8829
в то время как,con,B2,8830
вводить в действие,mwe,B2,8831
вести переговоры,mwe,B2,8832
вести переписку,mwe,B2,8833
видеть во сне,mwe,B2,8834
внешняя политика,mwe,B2,8835
возмещение ущерба,mwe,B2,8836
вступать в брак,mwe,B2,8837
выражение лица,mwe,B2,8838
высшая школа,mwe,B2,8839
государственный служащий,mwe,B2,8840
гражданская война,mwe,B2,8841
давать взаймы,mwe,B2,8842
декретный отпуск,mwe,B2,8843
делать апгрейд,mwe,B2,8844
делать вывод,mwe,B2,8845
детский дом,mwe,B2,8846
дистанционное управление,mwe,B2,8847
дом престарелых,mwe,B2,8848
домашняя страница,mwe,B2,8849
ездить верхом,mwe,B2,8850
жесткий диск,mwe,B2,8851
жестокое обращение,mwe,B2,8852
заключать в тюрьму,mwe,B2,8853
заниматься любовью,mwe,B2,8854
затраты,n,B2,8855
и т.д.,abbr,B2,8856
идти на компромисс,mwe,B2,8857
избирательный бюллетень,mwe,B2,8858
избирательный голос,mwe,B2,8859
иметь значение,mwe,B2,8860
иметь отношение,mwe,B2,8861
испытательный срок,mwe,B2,8862
источник энергии,mwe,B2,8863
карманник,mwe,B2,8864
качество жизни,mwe,B2,8865
квадратный метр,mwe,B2,8866
коммуникации,n,B2,8867
контактное лицо,mwe,B2,8868
кончать жизнь самоубийством,mwe,B2,8869
кормить грудью,mwe,B2,8870
кроме того,con,B2,8871
личная жизнь,mwe,B2,8872
лишний вес,mwe,B2,8873
материнская плата,mwe,B2,8874
мгу,abbr,B2,8875
место происшествия,mwe,B2,8876
мировая война,mwe,B2,8877
мировая экономика,mwe,B2,8878
налоговая инспекция,mwe,B2,8879
наносить ущерб,mwe,B2,8880
нести ответственность,mwe,B2,8881
ни ... ни,con,B2,8882
ни в коем случае,mwe,B2,8883
облагать налогом,mwe,B2,8884
обратная связь,mwe,B2,8885
обслуживающий персонал,mwe,B2,8886
общественное мнение,mwe,B2,8887
общественный транспорт,mwe,B2,8888
оживленный,adj,B2,8889
окружающая среда,n,B2,8890
операционная система,mwe,B2,8891
побочный эффект,mwe,B2,8892
повестка дня,mwe,B2,8893
подавляющее большинство,mwe,B2,8894
подводить итоги,mwe,B2,8895
поисковая система,mwe,B2,8896
почтовое отделение,mwe,B2,8897
почтовое отправление,mwe,B2,8898
права человека,mwe,B2,8899
правила дорожного движения,mwe,B2,8900
правоохранительные органы,mwe,B2,8901
пресс-секретарь,n,B2,8902
приводить к присяге,mwe,B2,8903
принимать меры,mwe,B2,8904
приходить к выводу,mwe,B2,8905
продукты питания,mwe,B2,8906
реалити-шоу,n,B2,8907
ролики,n,B2,8908
руководство пользователя,mwe,B2,8909
свидетельские показания,mwe,B2,8910
сельское хозяйство,mwe,B2,8911
служебные обязанности,mwe,B2,8912
смертная казнь,mwe,B2,8913
собирать урожай,mwe,B2,8914
соболезнования,n,B2,8915
советский союз,mwe,B2,8916
т.е.,abbr,B2,8917
так как,con,B2,8918
таким образом,con,B2,8919
техническое обслуживание,mwe,B2,8920
транспортное средство,mwe,B2,8921
тюремное заключение,mwe,B2,8922
убеждения,n,B2,8923
удостоверение личности,mwe,B2,8924
уйти на пенсию,mwe,B2,8925
чего-либо,pron,B2,8926
штрих-код,n,B2,8927
авторское право,mwe,C1,8928
вести диалог,mwe,C1,8929
возбуждать дело,mwe,C1,8930
высшая мера наказания,mwe,C1,8931
выхлопная труба,mwe,C1,8932
генеральный секретарь,mwe,C1,8933
ипотечный кредит,mwe,C1,8934
лишение свободы,mwe,C1,8935
малый бизнес,mwe,C1,8936
не выносить,v,C1,8937
периодическое издание,mwe,C1,8938
половое сношение,mwe,C1,8939
прежде всего,mwe,C1,8940
ран,n,C1,8941
сидеть на корточках,mwe,C1,8942
слушания,n,C1,8943
сотрясение мозга,mwe,C1,8944
так называемый,mwe,C1,8945
тем временем,mwe,C1,8946
ход мыслей,mwe,C1,8947
частное лицо,mwe,C1,8948
в мгновение ока,mwe,C2,8949
в скверном положении,mwe,C2,8950
вводить в заблуждение,mwe,C2,8951
во что бы то ни стало,mwe,C2,8952
господь бог,mwe,C2,8953
заставать врасплох,mwe,C2,8954
между тем,mwe,C2,8955
претворять в жизнь,mwe,C2,8956
приходить в себя,mwe,C2,8957
проездом,n,C2,8958
